Date,Apple,Nasdaq 100,S&P 500,Dow Jones,CAC 40,Gold,Apple x1.5,Nasdaq 100 x2
2019-09-05,46.367820254161153,166.43238162977201,5437.6040248880718,213.27730823727063,23.514999389648441,1373.2705983620265,100,100
2019-09-06,46.357839032664764,166.24731408583,5442.0995039062736,213.76126148313097,23.561000823974609,1364.7676845186093,99.973781199403177,99.789747271785771
2019-09-09,46.621943703063977,166.13640886097059,5449.775335362734,214.44854223460067,23.500999450683597,1363.0811778253772,100.75695272312988,99.514532710551336
2019-09-10,47.054165200159602,165.24227243388958,5438.0093685254751,214.37933270565753,23.504999160766602,1348.8854199597888,102.28468197991744,98.693421823346654
2019-09-11,48.541674092299949,166.76434125319378,5476.6400091826144,216.17127645665036,23.615999221801761,1352.3573383020712,107.143960500585,100.52901822723432
2019-09-12,48.59528694224916,168.01830375901173,5511.6477535183831,217.39807363717065,23.732000350952148,1360.7896645847848,107.14209223773364,101.70424779853981
2019-09-13,47.456795260638472,166.73976793686745,5486.8403634832866,216.73962758001392,23.785999298095703,1348.2209199626361,103.59402359993453,100.56861678170732
2019-09-16,47.598134194474355,165.61871450095038,5457.4124226990853,215.11379572337822,23.556999206542969,1356.1719494157096,104.17424162744096,99.444282442518869
2019-09-17,48.107497301638631,167.584835886013,5510.031716591091,216.93932545568865,23.61100006103516,1367.5337378844522,105.47986185283756,101.10548470923825
2019-09-18,48.257286638139583,166.47545839284547,5477.7347558766987,215.9182658654284,23.63599967956543,1361.2122554700845,106.29987037606787,100.39447515471051
2019-09-19,48.052862800121282,167.40586147894027,5499.6449102977977,216.32648752809914,23.791999816894528,1358.2996588876272,105.41605089598984,101.12306144360339
2019-09-20,47.277298310472986,165.37911360145429,5464.5412528662673,214.7774292966152,23.922000885009769,1364.2572749099177,102.9453607371329,98.830687073494246
2019-09-23,47.619244865711281,165.89442763853555,5478.6070833786816,215.43962173398185,23.676000595092773,1382.7880999307404,103.92461185514293,99.182349645999551
2019-09-24,47.501951540212254,164.06820973253355,5445.4530588840862,214.82150761591348,23.652000427246094,1393.6134470256186,103.42096835877926,96.770268985365576
2019-09-25,48.131717337502302,165.56156028258283,5467.4948792461228,215.6584144231177,23.469999313354489,1365.7254659578723,105.58623063834402,98.735069650365958
2019-09-26,48.163046403875683,165.91499245588872,5486.3901594706376,216.35431147345966,23.631999969482425,1376.3474355191538,105.38106983061567,98.580120685398157
2019-09-27,48.060988336369199,164.30839656999544,5473.0793779542428,216.23335556120648,23.740999221801761,1372.4560688096374,104.90067666765459,96.398866348244979
2019-09-30,49.102376251904531,165.56958951845942,5490.9501665356847,216.79746964239766,23.895999908447266,1339.4299827853936,108.40584008067593,98.054576195892537
2019-10-01,49.432812131731502,164.86789237359179,5445.3091407419315,214.67830492180332,23.549999237060547,1359.6758122755527,109.28600126857481,96.836102359244052
2019-10-02,48.038154169514733,161.5103078746175,5330.5567061198817,210.13302983029337,22.816999435424805,1372.6645155452643,104.83733678586309,93.20433697450467
2019-10-03,48.319084016941986,162.8544114151683,5360.284255366897,210.61862388994004,22.892000198364254,1374.6259836603699,105.8945425202367,95.00024561371292
2019-10-04,49.620722382043397,165.07677332168396,5430.7266914584388,213.32562194669211,23.096000671386719,1372.3439477135314,110.22979794510924,97.694089787850231
2019-10-07,49.580994387615327,164.410444406468,5400.9081418910682,212.36978741295923,23.243000030517575,1363.2064963691753,110.15367327462567,97.005125868698983
2019-10-08,49.064754473283067,162.16091063863999,5324.0069751599558,210.11155866576701,22.968000411987305,1364.5480963354335,108.36066927563789,94.222699910146545
2019-10-09,49.69427136362691,163.92357670538064,5380.0577128373779,211.82971204164275,23.139999389648441,1374.1655624867642,110.38668088682191,96.167700259536289
2019-10-10,50.237105736013319,164.77664306812949,5401.0429137231768,212.56301551505987,23.434999465942383,1360.4174751698934,112.33452340406312,97.411044636188223
2019-10-11,51.464535694690021,166.54670898470064,5449.1163611687434,214.63577952529494,23.851999282836918,1346.5584412828618,116.56997480584798,99.709365680642151
2019-10-14,51.302063692538276,166.24284144694735,5432.2012952414216,214.02690475948586,23.754999160766602,1352.4020008131736,116.11820970571171,99.517016850883252
2019-10-15,51.187065523782884,168.37209879460224,5486.7954587436543,215.93226054040721,24.011999130249023,1339.7399031820939,115.72252311960034,102.0572643511953
2019-10-16,50.953979646954615,167.86738284035181,5473.3478123717141,215.70843030918485,23.981000900268555,1348.4701406563968,114.96208809812508,101.49831675239906
2019-10-17,50.96613197791639,167.69987622610057,5468.9630588891014,215.16407764764364,23.888999938964844,1347.4574283553209,115.2118905819184,101.66422928448743
2019-10-18,50.970433540979279,165.30836525372723,5422.0906841302667,212.11928746010085,23.726999282836918,1337.4453288662994,115.4969803851604,99.24202239537999
2019-10-21,51.721695881261468,166.34759419318522,5445.5402651903569,212.02703623424733,23.784999847412109,1328.8233801105951,118.19827081637602,100.74380176222795
2019-10-22,51.621841223444434,165.08185204786992,5428.222416181522,211.79427605320882,23.813999176025391,1328.6699077230021,117.83488359805401,99.174720078630855
2019-10-23,52.420149092901788,165.73407924057651,5454.8590618346934,212.55455978433415,23.792999267578125,1338.7199021757247,120.44934884311435,99.758196434954499
2019-10-24,52.491770325111403,167.29984809159305,5463.8243644979366,212.28945651142655,23.917999267578125,1346.4319874172809,120.71295697604801,101.67087588451432
2019-10-25,53.274322780842652,169.06768922537589,5500.2200953270176,214.1196505771056,24.084999084472656,1350.4196761389262,123.25782300662665,103.55925333087815
2019-10-28,53.903581066046137,171.03891321211856,5540.7474959811925,215.46281374376184,24.125999450683597,1344.2482523141964,125.33214669393325,105.79013274797737
2019-10-29,52.586265542834255,169.48672814256287,5528.775423303292,215.22152642336869,24.16200065612793,1339.7423545811719,120.82182866728733,104.01192544643924
2019-10-30,52.505669372006047,170.06802903198962,5539.3897722212359,215.60844738573951,24.257999420166016,1343.4319216318181,120.62921936865142,104.87201726801882
2019-10-31,53.501828351286257,169.54052424991423,5503.3715088408071,213.8454164682426,24.131000518798828,1354.9701419163105,124.27667874530975,104.59444358835019
2019-11-01,55.007370671343963,171.04030320358797,5555.7343823056017,216.05580614527477,24.256000518798828,1351.6053908558545,129.53695359968648,106.46945416486135
2019-11-04,55.321659334876941,171.95228755148679,5571.6563946170036,216.82829541680496,24.521999359130856,1350.4592850007778,130.7020529945496,107.69512297489814
2019-11-05,55.430919688609933,172.63466319939766,5584.0895885413875,217.77523574226475,24.61199951171875,1330.6320959549134,130.8659587051992,108.18189197643824
2019-11-06,55.726780706825082,173.09200480962269,5615.8473011536416,218.83608594886172,24.704000473022461,1345.6505350543773,131.59257426015461,108.22415723843481
2019-11-07,56.389297090988428,173.73216280540765,5635.7421424296417,220.70359258288516,24.808000564575195,1322.6264282796078,133.91667461073786,108.98751021960318
2019-11-08,56.80377741564466,175.22809452885718,5677.2066925198542,221.73503222417321,24.788000106811523,1326.0800398788747,135.08510993156136,110.36296526800618
2019-11-11,57.239338351199052,174.94936166323919,5664.6337812064194,221.75170660248247,24.820999145507809,1320.4877136193472,136.65564467079747,110.03934804030763
2019-11-12,57.119476576749022,175.24742784328583,5667.1059027275169,221.5941473523562,24.934999465942383,1315.8494665564535,136.30697875869049,110.54407139016294
2019-11-13,57.787709966493274,175.65839124999206,5683.2287485292845,222.66730794190809,24.871999740600582,1327.3258599437122,138.55603787730797,110.83075548632091
2019-11-14,57.383425871253664,175.50550015668028,5689.0013297534069,222.79437769218237,24.840999603271484,1336.3944538945752,137.10736536673215,110.64636533481087
2019-11-15,58.026751864643217,176.67815466305751,5729.9952110752756,224.43014824551764,25.003999710083008,1331.4280462762085,139.45833403940949,112.19806763319028
2019-11-18,58.136791949783955,176.2640916683749,5715.028105859491,223.99139069684136,24.958000183105469,1330.5173067589392,140.07327046976414,112.02333279048202
2019-11-19,57.870125720177079,176.24926166809874,5703.0853024068147,222.89229554119774,24.878000259399411,1330.6109349670392,139.21869261092326,112.17909980817144
2019-11-20,57.156971176424456,175.07111274216939,5678.852903827059,221.8373802621937,24.818000793457031,1329.6929937332288,136.69324997961616,110.75675213340635
2019-11-21,56.906583989168482,174.69948301098142,5670.7911183380511,221.47751280152269,24.775999069213867,1320.6232705207153,135.78798780803862,110.27512050428237
2019-11-22,56.923383762882409,175.01732757395757,5689.8767251276267,222.64781342621703,24.808000564575195,1322.1742638121439,135.76838068196056,110.54687341739029
2019-11-25,58.149033634293836,177.78549307211154,5755.7937064343769,225.07747407746757,24.947999954223636,1321.4712205706958,139.88666817314478,113.60954178015361
2019-11-26,57.73756341337419,178.25659086193701,5772.8455737077893,225.69277086722514,24.972999572753903,1325.3524127143105,138.35023350247977,114.12773377085574
2019-11-27,58.469940504386791,179.36992012888049,5793.3529405402924,225.9671924066414,24.954000473022461,1318.5681288147296,141.03365161382393,115.63755469607135
2019-11-29,58.398342812077296,178.7267622100963,5777.0594657441779,225.41857364705297,24.864999771118164,1330.9405450814547,140.70543282769586,114.69485278230556
2019-12-02,57.684998293925588,176.77991726458615,5723.6193011218129,223.06463934105935,24.378999710083008,1327.0664637696652,138.17380683052608,112.27192079854849
2019-12-03,56.349323481058974,174.44439884667531,5654.9875972513792,219.71016761986206,24.125999450683597,1334.2232361329727,133.74930531863043,109.91403615264066
2019-12-04,56.815186357038378,175.23069395367963,5688.1827039487562,220.81588406812017,24.440000534057617,1329.6953914720521,135.44498953378721,110.96577966461558
2019-12-05,57.660232310576077,175.612010726329,5699.422904913703,221.10696222906807,24.451000213623047,1332.5773317186404,138.45330772072154,111.4265811139109
2019-12-06,58.65545602932788,177.13277816862629,5740.1625923124666,223.31834149606789,24.745000839233398,1313.8611764771551,142.17752918127943,113.58120516674165
2019-12-09,58.077697774723106,177.07138918005515,5746.5719645897734,223.50724059025092,24.596000671386719,1319.5720866137149,139.77763884499143,113.02441822404462
2019-12-10,58.384886861545851,176.82621937752569,5737.2917385172796,223.14436968796559,24.641000747680664,1321.8262307974906,140.92518916249489,112.77380442898585
2019-12-11,58.735542332463218,177.31811758283212,5739.6425518012911,222.79323781040208,24.704000473022461,1324.6494513324169,142.37105302248833,113.68337504902927
2019-12-12,58.657293087977713,177.95003208286863,5767.2705719485893,223.69988333696946,24.792999267578125,1317.0965982310638,142.36213095520822,114.9337581474535
2019-12-13,59.187776900947348,177.73480363764443,5742.8010484310571,222.82234358123716,24.958999633789062,1319.1421536317032,144.61281201836775,115.17153004640642
2019-12-16,60.534310686149425,180.51306565005055,5816.039052391835,224.81863085592454,25.254999160766602,1325.9069721687199,149.14740392192084,118.1344282795
2019-12-17,60.58511699010883,180.41360335615016,5811.488990107543,224.82771621893411,25.141000747680664,1324.0580096851218,149.41896282623085,118.13697940013742
2019-12-18,60.362296642370225,180.3183047736822,5801.9722108907245,224.38675899485764,25.118000030517575,1320.5539623041682,148.69117874338235,118.16479499270616
2019-12-19,60.615432791733284,182.02420663535489,5846.7992445024602,226.09605182613603,25.165000915527344,1329.8034959992347,149.3893929362207,120.02372014656103
2019-12-20,60.435404237811149,182.59338956318999,5870.7367208393334,226.5821984502503,25.378000259399411,1325.4602756634438,148.79111931059177,120.88241482633001
2019-12-23,61.677167133397099,183.83750464255846,5900.2652681537475,228.22093371050485,25.416999816894528,1338.0156317042738,153.067349132613,122.02668400052011
2019-12-24,61.657846775036738,183.70063739234465,5892.0734379309979,227.67706385818747,25.41200065612793,1351.2887536576429,153.09209914580563,121.99912232869728
2019-12-27,62.816126724521382,185.0444532786444,5919.2496525560737,228.58174537874345,25.440000534057617,1363.6462938133184,157.45522672445759,123.86206875266431
2019-12-30,62.730213230847269,182.49703674588611,5843.0800965033786,225.49564330806038,25.201000213623047,1354.3719755144691,157.7037734488126,121.35102766652756
2019-12-31,63.075772615749763,182.5146708029483,5850.2017050243221,225.54424056268869,25.197000503540039,1356.4182162115223,159.14760394018069,121.59105268163198
2020-01-02,64.408400937838223,185.25581928521981,5890.1992524789093,227.95177287393616,25.46199989318848,1358.6343930032488,164.32256972514659,125.4441328776617
2020-01-03,64.064189303468751,184.37036473455441,5875.089775239906,227.1351649790461,25.47599983215332,1386.7507658771517,162.64207848034823,123.69039670670509
2020-01-06,64.629512723623677,185.71582954826653,5900.881050130557,227.85197276482054,25.385000228881839,1403.1584956251147,164.7258428710341,125.39066749444119
2020-01-07,64.118542503432408,185.09245154046513,5865.9967835407215,226.13739989284142,25.386999130249023,1403.6441847014535,163.03736330848125,124.95238997653192
2020-01-08,65.402630873332427,187.20678813154217,5917.7987945847044,228.33306755077041,25.434999465942383,1396.1779574027603,167.61891870176257,127.32254145480304
2020-01-09,67.041409022125848,189.49857682063174,5981.0255502933405,230.90878232805429,25.504999160766602,1396.2660862175844,173.60572125780928,129.96413315223651
2020-01-10,67.205666198460278,189.04969038726375,5965.0828210314357,229.8996991205359,25.481000900268555,1401.7499331593544,174.22734443743664,129.32385730432725
2020-01-13,68.607160405338675,191.13512196555237,6003.7136807266406,230.4065281065416,25.478000640869141,1392.8632755188073,179.72085098131916,132.24168633759822
2020-01-14,67.56488166032031,190.05660906958644,5984.9316429245082,230.17130451445351,25.51099967956543,1385.0906866581097,175.77921469988257,130.9756859982964
2020-01-15,67.304528998021368,190.21691532058333,5998.8415001164685,231.17086987370513,25.479000091552731,1394.4066413380779,174.72503171504943,131.13975278734813
2020-01-16,68.006463419573876,191.64205335302984,6036.7110278810051,232.74194276866191,25.507999420166016,1388.7389258791895,177.63937157296402,133.37644779434896
2020-01-17,68.848389586407322,192.83984043757664,6068.0119736025981,233.42380911409808,25.770999908447266,1399.3348169779281,180.82313920656514,134.870967502697
2020-01-21,68.6446296244374,193.4942828711944,6075.2919326386564,233.17038997909603,25.530000686645508,1402.5498823100468,179.67294284563772,135.26806456465309
2020-01-22,68.959988007682739,194.20362012700542,6083.4699124782364,233.39225555679698,25.391000747680664,1402.9895444672263,180.81937103669088,136.12173176510575
2020-01-23,69.224470712803793,194.63818362144681,6084.9157317372928,232.94889243742836,25.228000640869141,1410.0018254542579,181.9478189798173,136.86371942360537
2020-01-24,69.282341169862462,193.71979204620851,6052.5434985541515,232.42199010091988,25.444000244140625,1421.1385423717227,181.83678382512184,135.06185721889929
2020-01-27,67.427220202187513,190.23227312776953,5973.4567651964753,229.4810867771084,24.767000198364254,1430.1576294546471,174.28717395988193,129.83303388064809
2020-01-28,69.369828147891411,193.25215379011783,6036.6957394121391,231.15010006974214,25.041999816894528,1423.9861307588781,181.77491573412411,133.88931223029283
2020-01-29,70.803962105884267,193.51730122741876,6030.0766283425455,231.09152755300551,25.173999786376957,1424.1697249393169,187.43489793083981,134.29063911919368
2020-01-30,70.73799278220848,194.30713096681876,6053.0159236358004,232.21738900849289,24.809000015258789,1437.3430216905977,187.12438900918255,135.31726330552803
2020-01-31,67.526324908508016,191.01301861898031,5939.7262388073023,227.03907379919568,24.520999908447266,1435.1996349291601,174.48468210732571,130.87973684528041
2020-02-03,66.972498799822915,192.83836834396203,5950.1822166544807,227.04433614245352,24.645999908447266,1422.2084384540817,172.81535305843343,134.09712907481315
2020-02-04,69.351528810361359,197.73127009979791,6053.9953007756794,230.84954626785577,25.076000213623047,1401.4375734287473,181.81374214944501,140.57635888633331
2020-02-05,70.016086961964078,198.66415110953426,6130.901561346057,235.04484623721771,25.28700065612793,1410.1206232953198,184.29834472767524,141.70374854006729
2020-02-06,71.124593811931817,201.1980566032033,6177.4662038417,236.71477744994883,25.500999450683597,1422.5193640284801,188.29845210073006,144.73932064457614
2020-02-07,70.281291557276361,200.68540010254864,6156.1272558423861,235.07303139803508,25.465999603271484,1428.2103332744323,184.78381620298177,143.74692279232761
2020-02-10,70.832253177836819,203.73537342583398,6221.2440826252268,237.22099440355808,25.416000366210938,1438.1733896443343,186.67258331958294,147.67414996511806
2020-02-11,70.636169968970606,204.43986682062479,6252.4551522353513,237.99211064798183,25.566999435424805,1434.559206787294,185.5908496770858,148.21034894662873
2020-02-12,72.274165492978113,206.31866067080216,6289.6410418096593,240.11955629496447,25.780000686645508,1435.4249371906956,192.09703471119207,151.01531244011878
2020-02-13,72.04630638532295,206.8779858226209,6306.5026615605348,240.34558142588622,25.728000640869141,1448.2414580430318,190.80473575008557,151.23057280239635
2020-02-14,72.263117187184861,208.04354760513343,6336.611344152896,240.78058418339393,25.631999969482425,1459.2494061235577,191.40247688464839,152.51688048289506
2020-02-18,70.978405079232687,208.23618863119847,6321.9294398033189,239.61061972594888,25.583999633789062,1476.0000008797642,186.24637846716806,152.71662649596766
2020-02-19,72.304540649008672,211.10275024674681,6379.0754229148433,241.54733795046334,25.795000076293945,1489.0594778486638,191.0804006236055,156.28879913716679
2020-02-20,71.465516739434037,208.85873309801931,6346.3990874452256,240.13628331543924,25.607999801635746,1495.4534904955444,187.88431115675328,153.17854394585225
2020-02-21,69.990970900575036,205.26632948157322,6292.7336676453806,238.78551485370284,25.459999084472656,1524.4718332652089,181.87694504470232,147.59535265120644
2020-02-24,66.352346863415875,196.4210229250516,6053.9801283591723,229.3107170725618,24.444999694824215,1542.9395277733022,168.12240212636394,135.57022091127632
2020-02-25,64.044914782691251,190.90122984719872,5865.2900957348729,221.83555331696587,23.968000411987305,1517.9922311560708,159.43123670279886,128.07748603644004
2020-02-26,64.864802902564278,191.30680595236009,5825.5671042714666,220.38257760328116,24.004999160766602,1507.0764376982806,162.73299123806348,129.00770408208612
2020-02-27,60.602994168697116,181.66227327730172,5567.4524808497808,210.30689802064222,23.214000701904297,1506.5367667752619,146.72407212243812,116.04632348119667
2020-02-28,59.954368191976194,179.9630817686965,5466.5863435844467,205.80093188789252,22.451999664306641,1422.2673996199951,145.11122554166138,115.05026364053948
2020-03-02,65.215428878146099,188.32359291482499,5690.4016692929154,214.82591684256491,22.558000564575195,1440.8245119579155,164.56679855367787,126.30303327963972
2020-03-03,62.618793888303827,180.76768868794937,5484.6047303762562,206.87119643614542,22.923000335693359,1473.5219905640652,155.42287574923478,117.21903803672265
2020-03-04,65.308648204068774,187.69276580082769,5697.6411208233176,215.40974902106123,23.139999389648441,1467.7998164842988,165.69200844370715,126.58423880989349
2020-03-05,63.426207227203356,182.6698521212225,5526.1102988611046,208.68744860415191,22.687000274658203,1495.9939144747402,158.21883433766047,119.33640009912453
2020-03-06,62.111244027904959,178.23152424997454,5391.0202937851773,205.04397261165852,21.754999160766602,1488.6159286102641,153.8959635862021,114.43863627692238
2020-03-09,56.38406053383806,163.48856227318498,4911.0577218607004,186.40492850910337,20,1470.6631228506822,133.70616430066102,97.136307270666592
2020-03-10,60.381614135815383,172.20998562748039,5148.3859984759392,195.37501817221124,19.615999221801761,1455.6113098404378,147.9955758617896,107.60168534715945
2020-03-11,58.704064153558647,165.89498442690189,4932.405751496397,185.28734296410622,19.528999328613281,1450.4477549867679,141.29542835506999,98.935600640698311
2020-03-12,53.165102758127489,151.41960383806489,4486.0482252062175,167.45757630802419,17.409999847412109,1411.266567331905,120.95277860671082,81.186990881096861
2020-03-13,59.942351593124336,165.37027717580659,4937.7592111185377,184.50194098630004,17.343000411987305,1355.1266579491123,143.66647118606127,95.591028736434566
2020-03-16,52.369400270042249,145.94679195259138,4357.7435479191408,161.3840012524318,16.448999404907227,1332.0053315978819,116.25041450032649,72.882437105815342
2020-03-17,54.633667849304643,156.9053237503492,4615.9051725389927,170.01543381000508,16.97599983215332,1366.0054384830339,123.83064806188204,83.878529034951313
2020-03-18,54.01077626952425,154.17250926871941,4435.3595780483038,160.93070399196404,15.826000213623049,1341.1077063129449,120.88281641732571,79.83215298365316
2020-03-19,53.860862370546755,155.86155403486075,4478.5010076983544,163.28038548757766,16.297000885009766,1348.8971851872475,120.08191554464852,81.188271830313212
2020-03-20,51.881259893004831,154.03014732949975,4407.373336260991,160.57094042983533,17.006999969482422,1392.4668781275768,111.74787719352902,76.962885354417963
2020-03-23,50.60321017417926,153.60751354738804,4263.4514885685167,155.20357877995369,16.552000045776367,1465.2546293643745,107.81218881229522,76.807112543606593
2020-03-24,55.31675823171846,164.42277782638115,4633.5161693065675,171.18163811557241,17.850000381469727,1542.2758769923844,123.22745714336597,88.123906777485089
2020-03-25,54.818392771147089,162.63075016872827,4670.4804542266374,175.05317599781415,18.757999420166016,1511.0201127621247,121.77904770651517,86.513196187524557
2020-03-26,57.242450299857708,169.82826418392108,4922.5914982791701,184.30966565015478,19.184000015258789,1515.3032196647714,130.34270454323513,94.861438161484585
2020-03-27,54.084336009113549,161.6319982701678,4688.4492263716111,174.62412220349461,18.284999847412109,1469.8244235430247,120.4921021801142,87.067536413832116
2020-03-30,55.17422470125662,166.14525039222445,4806.8500617499312,178.60400892966072,18.552999496459961,1456.1342377147603,124.62550066205829,92.639831671536271
2020-03-31,55.60380874321546,166.34845984437956,4776.9513359197308,177.2341285974988,18.617000579833984,1435.4787409005444,125.4674035415768,91.954225155518074
2020-04-01,52.69669908227899,159.33660729179923,4567.7288033712439,169.33073189674846,17.826999664306641,1431.2694929090601,115.60562343071209,84.169732839246549
2020-04-02,53.932846089987514,163.65309748073801,4703.8963720555248,174.18710997714115,17.906999588012695,1484.1665809804449,119.28842444275871,88.169532855549548
2020-04-03,53.678305674909431,162.91025333596792,4678.6884546310339,173.13056491936112,17.615999221801758,1506.0752497566339,117.8598743908842,86.505709475392251
2020-04-06,58.579482216761491,175.21072290194584,5026.549913513064,186.92342765139733,18.379999160766602,1551.7784469547344,133.78138738889658,99.245122802623072
2020-04-07,57.917883341147252,175.19048665177002,5020.0100060830509,187.03562694757201,18.804000854492188,1540.9388871338681,131.49547471502044,99.193244146475422
2020-04-08,58.902287759409418,177.41022877594094,5148.6692796440948,191.794502768748,18.791999816894528,1528.5707842105321,135.39913952734986,102.53849740403186
2020-04-09,59.499268525529182,178.18164356805039,5239.0622624573416,194.65688733800789,19.052000045776367,1598.1719502693925,137.26137080125628,103.13305354819035
2020-04-14,63.384800680921963,186.91879783094188,5316.3998855817144,195.67315440760876,19.152000427246094,1608.2587285142399,151.18119694575304,113.90392179300522
2020-04-15,62.449513261333543,183.72540360438802,5170.0762816959614,190.8276775401369,18.450000762939453,1572.2702123402044,148.26436231416736,110.65891995360963
2020-04-16,63.409173422161373,188.45387916870629,5238.4658710417798,192.44523627488041,18.409999847412109,1577.6103102561015,151.13613562787711,115.54018614012975
2020-04-17,62.817375739756052,191.0736920318121,5402.1415075137675,199.20438488459331,19.02400016784668,1555.6517026602783,148.69579123071395,118.25640782687641
2020-04-20,61.465414169922525,188.6629246220219,5301.3875894703215,194.29465266734766,19.181999206542969,1565.8463795893581,143.95354241788144,115.36477984863546
2020-04-21,59.577182535742189,181.73690601441353,5139.9188188748212,189.06047373467607,18.475000381469727,1544.6153242523746,137.3060327104146,106.871880935028
2020-04-22,61.340459522359836,187.27417450078593,5261.9785487421032,192.94569919068329,18.688999176025391,1592.3226901312332,143.34875286365858,113.30192639767253
2020-04-23,61.367432950825368,187.68422409662338,5282.3581009033633,194.02916853454289,18.840000152587887,1603.4758936167984,143.13282524486604,113.30728761470438
2020-04-24,63.330190559688489,191.22111954508318,5372.216417330962,196.90150570404788,18.61100006103516,1599.2357312523689,149.78308854231602,117.23487106377723
2020-04-27,63.101750601873682,191.92822209615156,5427.8568464143045,198.92956698466656,19.052000045776367,1581.6243843453699,149.2955081318643,118.60728619147163
2020-04-28,62.072186408174133,188.29297357229399,5398.8533922960141,198.71846825069767,19.33799934387207,1580.1598256316306,145.64974482530698,114.12712363389264
2020-04-29,64.041552470929176,194.7589376292712,5536.5601557513619,202.91661278189946,19.804000854492188,1571.897504902432,152.66012553576917,122.0888926018055
2020-04-30,65.148114323865897,193.95108662952345,5465.2416181973385,199.50844336768515,19.327999114990234,1548.3691963799874,156.90217243000043,121.53249803936015
2020-05-04,64.517598329272531,189.24856247824576,5294.9986773407591,193.2870309780717,18.597000122070312,1557.4437869822484,155.18742876289625,116.47336326002242
2020-05-05,65.818222526189487,192.365353096647,5369.976802478227,195.397004367683,19.076999664306641,1563.0541246355162,159.48637654207732,119.7188054388774
2020-05-06,66.900478560361634,194.72305784134096,5365.2500712434739,194.98465925382601,18.854999542236328,1553.8933564128092,162.93658976881474,121.92761952316633
2020-05-07,67.843080568788395,197.96158098436567,5449.0078552887935,197.40125405103703,19.153999328613281,1594.472900594945,166.07817376646369,125.53131965363541
2020-05-08,69.210335899348777,199.95952162156391,5522.2435465529288,200.57559412853189,19.357000350952148,1577.8103087512559,171.39459097467267,128.51251242217197
2020-05-11,70.284161102862271,201.70315376401834,5522.0708792150854,199.65955400777031,19.131000518798828,1563.9990889544083,175.40204736847249,130.78160835790362
2020-05-12,69.674505097220461,198.03019832504538,5424.6078458121556,196.51790040329351,19.075000762939453,1576.774562675922,172.87553665494261,125.65429433410171
2020-05-13,68.5958779483027,194.87740186684988,5311.8843367222908,191.51354461892586,18.517000198364254,1580.0958720135611,169.15917602325072,122.08654449109621
2020-05-14,69.164759581490856,197.51085553346564,5385.7178950132293,195.16230902302237,18.228000640869141,1605.8305184952183,171.08276313682828,125.12527813268902
2020-05-15,68.8623031568697,199.10068941356002,5415.8084215916306,195.97892897834669,18.209999084472656,1622.4736832293663,169.82814526625921,126.9459582617378
2020-05-18,70.3910757008627,202.54071264226505,5579.6230923643016,203.17012319778866,19.180000305175781,1600.3563656376941,175.59640898479546,131.50140506789239
2020-05-19,69.382991982543103,200.29721971938355,5474.1931236191158,198.38591566216374,19,1597.9661656984777,172.57866052832597,129.71806772872802
2020-05-20,70.650532635109272,204.06043847435046,5559.9276106712905,201.02781536479822,19.177999496459961,1601.9739941938781,177.40769161869278,134.74248138126805
2020-05-21,69.771309561901916,200.82349779468302,5489.3411383768571,199.43940881267159,18.934000015258789,1566.5153108782758,174.54190770939024,131.14504495757345
2020-05-22,70.413310635515316,202.07000530367947,5518.3179641271881,199.87272301221131,18.96299934387207,1583.6897035152849,176.71136393282637,132.41299493588158
2020-05-26,70.256503949170906,202.44691303842507,5611.7963673466411,205.19069675294284,19.615999221801761,1563.6067852768238,175.71664745151526,132.30086945343135
2020-05-27,70.056463743586335,202.09165151733404,5654.2610677150469,208.21246834488741,19.964000701904297,1557.3991546189354,175.59639251772862,132.78554556567019
2020-05-28,69.864101571934228,201.18565686837184,5625.035352289342,206.39712050110759,20.339000701904297,1555.16253188839,175.15276319408557,132.01783837070278
2020-05-29,69.403872484392039,202.98664393042819,5621.2211912272514,205.1890176135191,19.996000289916992,1581.0843287700532,173.9141008037229,135.12321581669721
2020-06-01,70.008314450662795,202.87371465784858,5622.5807836992681,205.24946118182535,20.316999435424805,1574.219776916088,176.49433355676337,135.45192493050453
2020-06-02,70.285489954056089,204.09829253240073,5665.1362271137623,207.1855996708496,20.695999145507809,1558.5191524377701,177.60136126246186,137.1775016507346
2020-06-03,70.271418800432116,203.85314381049992,5710.4481412429495,210.26041221429344,21.39900016784668,1523.5798388729202,178.05189853378221,137.62633513272482
2020-06-04,69.377794177903496,201.58538553581053,5668.8907834382026,209.51724456951538,21.405000686645508,1537.3860620480696,175.02410951750994,135.13408016609566
2020-06-05,70.712364023020768,203.73432442148177,5765.2638859463577,214.10747445061156,22.16200065612793,1484.4060661811675,180.8609491639975,139.22987651098734
2020-06-08,71.245774787167534,205.64826320852256,5844.242876360986,218.19811620201486,22.083000183105469,1506.3365076797443,182.76079106002865,141.62007479444176
2020-06-09,73.586249895479625,207.39365888999941,5806.2280329281612,216.17414206567267,21.721000671386719,1523.0549873642383,191.65378275860868,143.84928580361662
2020-06-10,75.301967326208057,209.38920242272607,5761.821392485771,213.36230994016404,21.573999404907227,1518.4144851054859,198.58194551251822,146.95578980514881
2020-06-11,71.477091419721319,198.43227110981238,5407.0034111507566,198.24181557717591,20.549999237060547,1530.7804497281631,183.74213769967128,132.00562655705096
2020-06-12,72.588284668179654,201.3801529813193,5516.8093136328262,203.33063586623058,20.620000839233398,1539.0568181026135,187.39722890477569,135.02304950101563
2020-06-15,73.721562674179978,204.48380489573381,5580.691192410618,205.26161995433566,20.541000366210938,1535.014444841973,191.48543454449748,138.75211950130048
2020-06-16,75.103136165612383,206.42261785724122,5643.6113726036947,208.02275479650157,21.142000198364254,1531.6102992959782,197.59216289401346,142.43243798382727
2020-06-17,75.478202459061094,208.4012700052009,5659.2483749023195,207.76583144231094,21.322000503540039,1540.6053888980894,198.44057173347733,144.25219904223007
2020-06-18,75.661382873707879,209.38963337761882,5674.3000164347595,207.89292085973941,21.166999816894528,1539.7269607463713,198.96177159912918,145.32793933111529
2020-06-19,75.443070310508745,209.95113876179508,5659.3522522111562,206.96736583426454,21.270999908447266,1563.6427558004605,197.81756924290036,145.69383099530418
2020-06-22,77.648586511707606,213.1047290685681,5713.1545958993047,208.80588770993765,21.135000228881839,1580.3098024799033,206.19616672583535,149.63470257607847
2020-06-23,78.587965586005865,212.97261775712974,5685.8352406833128,207.85328386007265,21.429000854492188,1579.832116846178,210.87138641523671,150.80394068031646
2020-06-24,76.977789411709779,207.97972829499773,5522.869050716462,201.80828144167597,20.826000213623047,1569.1706129828149,204.69507957021418,144.16856713351794
2020-06-25,78.425889783295361,211.10680790123581,5614.1869285549901,205.15011661472727,21.031000137329105,1573.7445766628989,209.91193444949809,147.71615070531141
2020-06-26,76.211194944595505,206.65027804491015,5492.294998165984,200.03599239284341,20.98600006103516,1586.4254163078394,200.75103281661734,141.10054956081609
2020-06-29,77.941360556902893,208.83377590465182,5571.7575865955578,204.38522670532612,21.136999130249023,1586.692846443292,207.62108288071337,144.12984204209042
2020-06-30,78.442882267070416,212.52325864241215,5647.3332946822502,205.55988407642869,21.12700080871582,1600.8425692992894,209.82196259235178,149.49597987568077
2020-07-01,78.372890620474337,215.21907882549729,5681.5463404107322,205.31880634905545,21.076999664306641,1584.1110632734817,209.43612035811518,153.13899212128715
2020-07-02,78.265457697010277,216.38266051021685,5700.7773824634414,205.92189219714481,21.606000900268555,1590.9162331511686,209.14902702123672,155.00480535566996
2020-07-06,80.388882182066311,221.78470364670844,5793.4850935951517,209.64922573649125,21.750999450683597,1594.6187992436965,217.62185104620815,162.68671620770752
2020-07-07,79.674386021703896,218.97853636577454,5697.5793377219934,205.29421136887254,21.642999649047848,1599.8611814313979,215.35200503641471,159.51403299986984
2020-07-08,81.802112779326038,222.60328067896009,5761.4267186433317,207.31517674282836,21.370000839233398,1614.6901271437807,223.61921506857783,164.26255337248796
2020-07-09,81.690723227528423,223.21284881831022,5698.2292681265253,203.39481907642286,21.11400032043457,1590.7712428085365,223.7928046682641,166.08822557448028
2020-07-10,82.204795996376816,225.75617019834041,5784.0059909031806,207.16081226120161,21.326999664306641,1596.30333139966,225.39773560238783,169.11976237954536
2020-07-13,81.665780347320393,220.68043312757951,5718.6699766883994,206.93069644632212,21.688999176025391,1603.9727815955875,223.40092788996242,161.84530134221995
2020-07-14,82.757779418767441,221.54796805645978,5777.9755064781029,210.66986197334285,21.509000778198239,1598.3435153613023,228.23081467631641,163.62354541356669
2020-07-15,82.850735055907364,220.73025084744629,5797.2490836547831,211.28879973063081,21.959999084472656,1589.5600425115229,229.26748113999631,163.3507588444287
2020-07-16,81.784774964823569,219.09969557614377,5774.4051113471287,210.03791661985528,21.841999053955082,1576.8323998197429,224.9079855716227,161.03021846431983
2020-07-17,81.799184630195455,219.83628981624881,5803.8906433384955,210.09151228496086,21.774999618530277,1588.8180151521494,224.71988635125564,161.75849047941995
2020-07-20,83.151939233974034,225.06882599191087,5826.6846928987125,209.22088107070616,21.875,1588.2258723990128,230.79355500732689,170.1775144359062
2020-07-21,81.89168172644753,222.4175754118678,5828.5366324856195,210.12379228290743,21.909999847412109,1609.1715595739477,225.70512276580612,166.40190146229142
2020-07-22,81.585391137686528,221.74331425892476,5823.8903152951561,210.02715948273993,21.631999969482425,1617.0416375810012,225.17594688547439,166.4798547820769
2020-07-23,77.638384657743842,215.30374224693091,5735.3287235340476,206.84558491362398,21.603000640869141,1633.7160324070869,209.17294962855107,157.30972535952284
2020-07-24,77.26327902716227,212.7560186321235,5686.4883213067778,204.80995314212765,21.273000717163089,1636.3281463553692,207.90386317373202,153.95803561398768
2020-07-27,78.711063724349827,215.50252412254187,5700.7952979892762,204.78738710093896,21.22599983215332,1657.1455336238332,214.25139731982432,158.6792476540943
2020-07-28,76.650314642759312,210.65055125281779,5607.7964375600641,201.21660354364076,21.173000335693359,1652.268186157015,206.89965958053202,153.10753825837841
2020-07-29,78.45608344206029,213.99636028425186,5701.9596254002117,203.28546418786226,21.295999526977536,1666.8949106845496,213.76541283688087,157.31168731711844
2020-07-30,78.973655690747975,213.94695525700453,5650.5949302441149,200.48958052581779,20.832000732421875,1648.4106050636046,216.46190094498709,158.09444490644225
2020-07-31,86.584432094685823,216.12534138139438,5651.6729795427709,199.7887237378942,20.552999496459961,1653.2664715299038,248.56779843703833,162.50417944042835
2020-08-03,89.443782188038966,220.71675942190984,5735.8872667148134,203.11870492460429,20.947999954223636,1668.6031843482381,259.93202488666537,168.16819866452931
2020-08-04,90.186454312465102,221.89368196931633,5765.8881512476455,204.73559652161222,20.995000839233398,1718.052042858634,262.95965380999553,169.69018985424827
2020-08-05,90.114060498539473,221.46218982532633,5777.3713540376084,206.55883138717886,21.170999526977536,1734.4250588608479,263.22302052175206,169.77877745766625
2020-08-06,92.807409744245845,223.31106921313034,5787.0503795216737,206.99640730058368,20.982999801635746,1742.9727470123926,275.65993652847772,173.43403367935917
2020-08-07,90.669351342610653,220.66542048720243,5790.1394151816212,207.47638219574037,20.995000839233398,1707.5760582178536,266.17666986418857,169.37809009891532
2020-08-10,92.719187281997662,221.47090368054938,5852.2867434744494,211.80808387801463,21.082000732421875,1731.0932429845691,274.14417562118808,169.26686701299056
2020-08-11,90.306230869838032,218.10806305922938,5827.9086663683502,211.8928944517782,21.591999053955082,1658.1503056661943,262.91763180204526,163.47833400223516
2020-08-12,93.317333856627542,223.61735817274439,5910.9762171313441,214.09418361329369,21.799999237060547,1660.6259289437155,276.05353670847052,171.71981884690726
2020-08-13,94.507714771870184,223.03916789425796,5871.6943759641572,212.58295676756063,21.650999069213867,1670.7081061859885,282.00582826871909,171.66557803213556
2020-08-14,94.241642024250723,222.34818765253547,5859.8106945933032,212.46201624462495,21.3129997253418,1650.0574114487158,281.08646063457581,170.93253466198465
2020-08-17,93.710146084899151,224.24672393447094,5857.9949657249081,211.17332604620321,21.351999282836918,1686.3031690869318,279.13540800917951,174.37068282734251
2020-08-18,94.300637065170079,225.94901691978203,5860.5726353563996,210.18121221349554,21.197999954223636,1695.0302372334775,282.05497731550594,177.36937629735439
2020-08-19,93.854903587305927,223.08823895936689,5800.8715199492826,208.34734491310681,21.381999969482425,1649.0820339770426,280.89766623280269,173.93755783225254
2020-08-20,96.782851174951546,228.17583327227004,5870.6630989603673,210.51656962301541,21.093999862670895,1643.51752221026,292.80464668126564,180.3382978858634
2020-08-21,101.51177307789926,229.17345892996553,5876.2564921400372,211.51465811650027,21.034000396728519,1639.7633111761511,314.63673763883168,182.3733851163679
2020-08-24,103.38453181528145,232.08300381079113,5974.0286819249877,215.83570362219663,21.510000228881839,1643.6658390333534,322.33499346199039,185.83480098957568
2020-08-25,102.56664620977452,233.97675353164385,5997.3521633769878,215.47246769145184,21.50200080871582,1630.5004014564011,318.46240688373626,188.81272225769339
2020-08-26,103.60587167481171,238.15223590326045,6037.8184979875978,215.35091107575857,21.684999465942383,1649.7649077844394,323.84713498938163,196.19754261503047
2020-08-27,102.300682245462,237.25539244892565,6044.3671931503468,216.43328470433195,21.533000946044918,1631.8873796215794,317.83297819607236,194.84756388785013
2020-08-28,102.33455686349183,238.9277752776442,6097.5672213063281,218.11896731284415,21.485000610351559,1670.8642159889444,317.68030380728067,197.21372229565162
2020-08-31,104.92950480333313,238.85447608435697,6034.5398223299344,214.48841833833526,21.233999252319336,1660.1443209443726,331.07787474111126,198.72441844613328
2020-09-01,108.91929165070755,242.51425896629632,6069.4872076086158,216.00574168870983,21.198999404907227,1657.5068881492998,350.24903093176709,205.16001278499573
2020-09-02,106.80398007701926,245.135062008613,6171.5659156139782,219.62550739023328,21.597999572753903,1631.0198902870322,339.81371641653385,209.32237167410645
2020-09-03,98.882284015803535,234.19662768777511,5994.061560520754,215.05821416874238,21.506999969482425,1635.6388443277688,300.91966222860452,189.30134455320152
2020-09-04,99.011020515547273,231.22357978524016,5949.1118156177281,214.00337477173372,21.333000183105469,1633.7291171273744,301.41106335090655,184.37400353850879
2020-09-08,92.489132767235816,220.44622853537999,5793.0786980940584,209.50021539240944,21.386999130249023,1643.7529198982247,271.39980869291082,166.90501193181294
2020-09-09,96.598862602960182,227.91455960781062,5935.9510889496505,213.80096594989647,21.697999954223636,1660.8830585246694,288.89562555087355,177.48386869176963
2020-09-10,93.159359145775426,222.68714101284891,5814.0025286992841,210.05432321348769,21.62700080871582,1663.7620655931107,273.90803430443276,169.88553024625062
2020-09-11,91.796249485709922,220.80501436987731,5808.5221826002244,210.72304351249463,21.659999847412109,1647.3584345539218,268.10487801952553,167.27256503924929
2020-09-14,94.40370768202331,224.30232562587315,5875.2591927787089,213.00866916888097,21.754999160766602,1658.1481983664642,279.73573609568336,172.83049469645411
2020-09-15,94.333777564511109,226.95888735857329,5892.4430198694863,212.55718761693709,21.805000305175781,1656.4447271633874,279.74626077490478,177.32146858861427
2020-09-16,91.747427211039493,223.82215768352324,5878.1220942865975,213.35797362530874,21.829000473022461,1663.6537004068011,267.93937344568371,172.03697713567732
2020-09-17,90.596118084107076,221.0901816309549,5848.9849829080604,212.98628009167544,21.674999237060547,1651.9747402678659,262.43101670298194,167.24016894906475
2020-09-18,87.391071387427559,217.44413452029488,5761.8202700857664,210.36873783264315,21.415000915527344,1656.0320410794213,249.00046933995836,162.35585304942157
2020-09-21,90.061519888687982,218.01468286323677,5696.7293874840816,206.55066392908589,20.646999359130856,1612.9285519194698,260.38567134376217,163.1713089653046
2020-09-22,92.079614137929852,223.52818730364353,5794.5955176578254,208.96084145063358,20.572999954223636,1621.0060802004593,268.27995763306393,170.34932603129462
2020-09-23,88.666540211863719,217.80660621475468,5686.3772887988434,205.99871040536706,20.694000244140625,1595.78176426035,252.68044729205982,160.7609605307232
2020-09-24,89.959840881743531,219.75587797661657,5728.0220664923236,207.28104593341283,20.514999389648441,1609.8922278928123,257.66896486043282,162.95141593271626
2020-09-25,93.217273375839156,224.58184931597779,5812.3952090158045,209.79987675938034,20.393999099731445,1598.7845378568672,271.82642085404183,170.3136205130144
2020-09-28,95.753093047668543,229.99274745662029,5925.2800581285392,213.73684746524691,20.916999816894528,1617.7426922849158,282.47564906618027,177.96574390966228
2020-09-29,94.6746489073346,228.10315288026894,5875.5528882306317,211.79883994094058,20.832000732421875,1629.6148671290912,278.22933865584491,175.70407330347453
2020-09-30,95.584550006670085,228.4289347373072,5892.3524396986541,213.02293921205251,20.743000030517575,1614.2836177985139,282.98933490502782,177.15193296329272
2020-10-01,96.524678372941395,232.37071541764448,5932.2474315176423,213.80498280494334,20.794000625610352,1634.2206554575853,286.9716516069717,183.02452538023178
2020-10-02,93.258793742625514,225.47116121747294,5866.0124585188851,212.43317108818943,20.797000885009769,1624.1879157056037,272.63774485232153,172.44980565587375
2020-10-05,96.331296511602474,230.76099208885108,5984.5599223175441,216.49966816930458,21.004999160766602,1638.2485010660789,285.8262405885423,180.18105845593712
2020-10-06,92.998147333254693,225.25860435673383,5865.1324422700773,212.28052773152095,21.104000091552731,1618.6623456982943,271.86416071929767,172.68865215641171
2020-10-07,95.017729193440829,230.2255052331619,5995.149105151344,217.26521153341079,21.018999099731445,1610.8860591132905,280.08522394655091,179.49770397088531
2020-10-08,94.686233882904446,230.8641975558775,6029.6709840767235,217.76377089358172,21.141000747680664,1610.4559985323062,278.97454836056994,180.9487172673017
2020-10-09,96.337244164095651,234.40120159523806,6083.0609248741612,219.02861488106737,21.264999389648441,1636.9502611621785,286.26553693821,186.48600291103165
2020-10-12,102.02453725192264,240.61820276104871,6156.8327945118399,220.03496893827841,21.424999237060547,1632.3316478495281,312.21880964916119,197.16477654080978
2020-10-13,99.323967471262648,240.62431834555292,6118.3682250082902,218.73583521226638,21.284000396728519,1603.4000183815795,299.81302319753428,197.16314255516261
2020-10-14,100.02378137315276,240.11723621638114,6116.7299600753768,218.8774527510588,21.257999420166016,1624.3138822882534,302.03754322660166,195.09043535642303
2020-10-15,99.612397866491477,238.46943805685311,6106.6254717270331,218.77499353909826,20.805000305175781,1625.4282837875724,300.19724284749896,192.44261318140391
2020-10-16,98.526905738272475,237.90886474386232,6126.7770951349894,220.27005283557432,21.239999771118164,1628.4087840975185,294.81786971800244,190.93215526915577
2020-10-19,95.941770968209696,233.85776839384695,6022.4310926032877,217.08001862088443,21.256999969482425,1631.7696203832547,283.32006705589146,184.5661603407907
2020-10-20,96.766705275851407,233.2978561013569,6023.5743177848217,216.80076779436888,21.207000732421875,1627.5153969613373,287.61642872791947,184.51916059669855
2020-10-21,95.743592766689545,231.91575870383184,5979.4975547657205,214.93621148558245,20.879999160766602,1631.044890714438,283.79628518865172,183.28407008956859
2020-10-22,94.633095403356961,231.43573728491921,5998.9827750335835,215.77678602855119,20.874000549316406,1606.7204935888835,279.14752483803778,182.89827763095096
2020-10-23,94.362582950675503,232.65602566641789,6039.6065954331689,216.25133120125884,21.12299919128418,1612.5230487124566,277.4906454507481,184.22429009820019
2020-10-26,94.10431275030875,228.51996885874217,5910.6396316976807,210.81564942783274,20.729000091552731,1608.3918260838423,276.74317812961954,178.19435965309364
2020-10-27,95.687383579978288,231.06560141095537,5912.3364222545661,209.72574090148473,20.363000869750977,1618.9586471641435,283.26904771491502,181.57536352879632
2020-10-28,91.452027833034165,222.53437289079307,5715.9575350381256,203.15161363941687,19.680999755859371,1594.6891022891521,264.15736007314899,167.77711613575502
2020-10-29,95.126459020195924,227.10869310449058,5802.1788497611642,204.61643745964818,19.688999176025391,1589.966836186207,279.67920142155322,174.16849194588485
2020-10-30,90.335724318144713,222.67497631879797,5766.7739866078718,204.66111383308834,19.801000595092773,1609.6832010452392,257.71360293255606,166.32451036003721
2020-11-02,90.544577636213518,223.87202449611766,5856.2267922395786,208.51082236454417,20.245000839233398,1625.5628914617976,258.20252802987585,167.59023207008059
2020-11-03,91.929405751468664,227.7312399044589,5960.1643726102438,212.71969044163183,20.708000183105469,1640.8425177501319,264.1336418667866,173.37800046186405
2020-11-04,94.712078339808372,235.48162358829211,6029.731530625596,213.51927994120928,21.183000564575195,1612.1112965916921,277.46730262312843,186.93937194786901
2020-11-05,98.32063626342665,242.22897602916942,6163.697207716209,218.20711806347578,21.440000534057617,1659.2966983526969,292.97546758379082,197.18172010431559
2020-11-06,97.50373968465901,240.66939129766376,6118.4571975198087,216.11372313209702,21.353000640869141,1651.5284538329386,290.37604128906929,196.05848053188785
2020-11-09,94.950373775381948,234.25548073588345,6151.3190804864989,221.18710179239775,22.9379997253418,1559.235216877928,279.89112441011969,186.8526270936795
2020-11-10,95.190462386846491,231.33672772075445,6177.857155931234,224.54282245907766,23.309000015258789,1586.4962285853435,280.17545123941807,181.15858994110624
2020-11-11,98.150511335973206,236.68215772272094,6229.6118324972867,224.39961901584203,23.423999786376957,1575.1183866008801,293.14291224357299,189.3998443233528
2020-11-12,98.240504835544925,236.34108862247939,6188.884264467928,222.79051247567554,23.066999435424805,1590.1975379552582,293.06710953731942,188.23504735017787
2020-11-13,98.089394190965237,237.94791445738403,6261.4280786845984,225.48692932840635,23.152999877929688,1598.0149885814174,292.67764983605355,191.16289441653228
2020-11-16,98.595126925234084,238.95705125708511,6312.0556339700051,228.36702148911505,23.538999557495121,1593.7185438884583,295.45829806816948,193.45989460326797
2020-11-17,97.732253188722112,237.91419040267797,6275.2025279187519,226.82400272364831,23.589000701904297,1589.5351368825261,291.75639887672776,192.00274174815266
2020-11-18,96.584587441149793,236.07184673735691,6201.5751137313428,224.04509985066261,23.705999374389648,1579.529015082654,286.66917896609397,189.0974226499051
2020-11-19,97.215028394569828,238.24079400152135,6234.8792117941102,224.78181781593236,23.533000946044918,1571.1991113364968,289.28209982532604,192.31639019179823
2020-11-20,95.997174293018205,236.23550732681664,6182.7611645714114,222.78907686640264,23.639999389648441,1577.8903119780218,284.07578466545266,189.3842257852487
2020-11-23,93.141943656037668,236.24363404723752,6218.3068224730087,225.34799081765777,23.632999420166016,1548.7325649368618,271.40194468670535,189.39725577106668
2020-11-24,94.410826379969976,240.04329360169777,6331.5559547072844,229.26454126423928,23.895999908447266,1523.8041822551756,276.67582293108978,195.1098448027457
2020-11-25,94.653953826719004,240.34610477364578,6291.0572152926306,226.86791668089933,23.951000213623047,1517.1616171016096,278.41627126670937,196.54946032573449
2020-11-27,94.987174594129598,242.24544574090302,6298.5746931505573,226.952411812767,24.079000473022461,1495.3847206589369,280.06738679860325,199.91135757151875
2020-11-30,96.542025607651709,241.61502447276237,6241.5609257916622,223.92308125088562,23.743999481201168,1483.2776161130585,287.59281839480866,199.79703768964688
2020-12-01,99.795770813289408,245.39414676085718,6329.7102310610017,225.92532893702153,24.017000198364254,1519.5808027496253,301.73078069666042,205.48981703794749
2020-12-02,98.959355883263882,242.93757702723241,6270.1029474298002,223.93047889650063,24.007999420166016,1515.7715293428405,299.63945165227113,203.69386878069022
2020-12-03,98.518582399193278,242.47365787004853,6246.5436275014363,223.84344587229128,23.990999221801761,1519.7360546150906,298.13497656358487,203.59224789318719
2020-12-04,97.71522469919546,242.83937415775216,6286.0116802162429,225.15374515017402,24.128000259399411,1514.9456318931814,294.86936712555382,204.7268180823007
2020-12-07,99.112396739893157,244.70392116232154,6286.4237672736972,224.49400770033202,23.978000640869141,1539.4313319859211,300.89815040793121,207.46037364717208
2020-12-08,99.68460093679559,245.69883956034872,6308.3830168281711,225.46727046466302,23.941999435424805,1547.8237974025794,303.4017739253884,209.00652504231476
2020-12-09,97.618566469049824,240.17961078371832,6259.6810493543408,224.52306132553235,23.889999389648441,1518.0493915481145,293.9418969168475,199.57857829567229
2020-12-10,99.052094801297159,241.7866389509368,6268.7511469403116,224.8669636086953,23.892999649047848,1521.183450345836,300.02510757066096,201.71755408478512
2020-12-11,97.854041258137997,239.94908205963222,6227.1714557984133,223.9435976226253,23.729000091552731,1518.0791968723627,295.39140286989834,199.74010839807246
2020-12-14,97.437806567090163,241.90697229785474,6206.7249280990409,222.78156659154232,23.797000885009769,1509.9637110041747,293.37411779034562,202.82044263802433
2020-12-15,102.18800414042146,244.18103834933413,6278.9898761023314,225.11579197531836,23.801000595092773,1527.1346295389378,315.01462947247467,206.89234198474395
2020-12-16,102.08663889631845,245.41472554247267,6287.3377659571861,224.66630004392999,23.879999160766602,1529.5819263033372,314.61595462109477,209.07492940437055
2020-12-17,102.4159509794744,246.10228778217652,6300.3617745746087,224.82500947355194,23.891000747680664,1549.5608716019556,316.72220801016778,211.02250420904562
2020-12-18,100.27367967529372,244.09528097996716,6246.3730031520272,222.92761691004861,23.784000396728519,1540.3602099485238,307.59999325418539,208.66703904789321
2020-12-21,101.90375980555896,244.56776946788966,6245.8986636033242,223.95580480991168,23.215000152587887,1541.2412441470619,314.51411383480252,208.67907554815577
2020-12-22,104.62642862034626,244.81639534338859,6222.8392517102438,222.04377821037795,23.544000625610352,1528.4092273781912,327.38593659085177,209.45769448567171
2020-12-23,104.32502388753723,244.58794722125924,6253.2600130060891,223.85848874253338,23.809000015258789,1541.1124353706145,325.29621727523056,208.2030302144889
2020-12-24,105.08860912973364,245.57150070617735,6273.5918877406739,224.3207731146471,23.805000305175781,1544.6947299335907,328.93104894953052,209.95869948840624
2020-12-28,108.72506811627156,247.76826949899086,6321.2125047956824,225.53809393208454,24.059999465942383,1540.6680403220198,346.18889083775406,213.95058860658156
2020-12-29,107.11636823493878,247.6178958195762,6297.6763623210154,224.79957798932276,24.155000686645508,1540.4004330505202,338.76540666199077,214.01207349909265
2020-12-30,105.94728112607652,247.02946961235665,6291.627466989411,224.75331623618965,24.097999572753903,1545.2604647361682,333.62726662907824,213.5102871348509
2020-12-31,104.72995234205096,246.69206033281381,6308.4678079388432,225.11763817078688,23.929000854492188,1540.744654944838,328.51391493711293,213.74195255385385
2021-01-04,102.55129006298758,244.18558690932727,6240.6813564368867,223.45693636921831,24.100000381469727,1588.9707158864335,317.60330997720166,208.5401850233107
2021-01-05,103.81156764959495,246.18047585251736,6285.171386576314,224.56387256448284,23.999000549316406,1595.2203877522943,323.4696471019036,211.96288849442487
2021-01-06,99.920155980422209,241.80966752204694,6296.1442497144371,226.89226376104867,24.295999526977536,1551.672684566269,305.92162243638336,205.27509823168617
2021-01-07,102.98786685923901,246.84000961316289,6369.8493623551931,227.82167428223903,24.451999664306641,1550.5900488308489,320.5161704476057,214.49494160628447
2021-01-08,104.46644337875708,251.43319790861386,6442.0122614710626,229.51346304082543,24.590999603271484,1495.6674252290213,326.50878575543635,221.25990479211927
2021-01-11,102.75145585290528,249.53331748598436,6444.5411396200343,230.47244860127577,24.409000396728519,1518.7664987043322,317.32659915844795,216.36847821988857
2021-01-12,102.82325889979312,249.65895876694518,6460.7457491008845,231.38016001355143,24.368000030517575,1516.5242835699867,317.32647099237056,216.13259171585725
2021-01-13,104.07924493556304,250.35283696443594,6450.0106915321412,230.3851597651647,24.416999816894528,1519.3021986976009,323.76698372568353,218.18713843858464
2021-01-14,102.89593327685773,249.96420199993395,6451.0633915525959,230.83249555972637,24.489999771118164,1522.2210744143892,317.62782927799498,216.67728648367188
2021-01-15,101.57692072618894,248.21332386298141,6410.685445171126,229.70235004363195,24.188999176025391,1505.9344852433703,311.37357269081843,213.44156408317446
2021-01-19,102.75366248455636,253.37712400217592,6502.673390602803,232.00920012290788,24.136999130249023,1523.685571921661,315.83087571333937,221.01521587914874
2021-01-20,105.59141047456298,257.95579594299062,6559.8534787167509,232.66067585789827,24.26300048828125,1537.6227110345942,329.71534856781022,230.12405465085868
2021-01-21,109.67211999848868,260.51795317439326,6575.0680218133275,233.18174834070101,24.110000610351559,1540.0766237201042,348.51253668276695,234.25411715758554
2021-01-22,110.97097060336218,258.68586328182909,6528.0358069953563,230.79606424839457,23.957000732421875,1525.6905452150031,355.42934138216373,231.93481628849997
2021-01-25,114.01349937581256,260.75664526483496,6549.9442643326056,230.49798167639585,23.600000381469727,1524.4735110210422,370.09277735645725,235.70818961936149
2021-01-26,114.42320030267921,261.63704738588314,6552.7272537406743,230.74440261831259,23.826000213623047,1523.8460234340841,371.73409031703676,236.84950838838844
2021-01-27,113.38759654213472,253.99313499933055,6375.684228003016,225.86107027912612,23.531999588012692,1516.8141849237747,366.94344107374326,223.33627521817542
2021-01-28,109.94424032527149,256.71852645007306,6469.3706391992255,229.04473270936518,23.749000549316406,1518.289120920233,349.35055181653303,227.06053409085524
2021-01-29,105.69939836868684,251.0072689904145,6337.4474150941314,224.08304180259631,23.298999786376957,1524.1702948670131,329.33408354772052,217.23797784551385
2021-02-01,107.41172022773529,257.19816377782644,6437.1508047655561,225.66372654932351,23.545999526977536,1537.3819661287862,337.38875497221858,228.02244136274473
2021-02-02,108.58638229822239,262.58891905386776,6556.5251493117066,230.29803194502543,23.989999771118164,1519.1369491468502,342.152256732654,236.53870039827856
2021-02-03,108.00704657478579,262.19111878484904,6579.2957500828543,231.19608210283479,23.975000381469727,1524.2891004744881,338.99286384578937,235.23966849954911
2021-02-04,110.7583913026951,265.21850964888938,6649.5279076544903,233.69724154534282,24.190000534057617,1487.4124757669063,351.99292409592846,240.73719306688196
2021-02-05,111.11332996361381,267.80049693069282,6718.3506953582946,235.83333715199461,24.400999069213867,1515.0335684234035,352.57222602795605,243.90248590358306
2021-02-08,110.47778405270518,267.75892300611326,6722.1198071403041,235.99433752662941,24.533000946044918,1522.3125496920823,350.74762575484959,245.48753288601156
2021-02-09,109.70761255068469,267.5956507622322,6713.1006731189264,235.92248703404681,24.541000366210938,1524.4413644986312,347.15004412554163,245.28635617033507
2021-02-10,108.60925306582963,265.52320210500909,6674.186925979152,235.06351921173894,24.436000823974609,1520.3803793591946,342.88760139777463,242.83077349942309
2021-02-11,108.38978482515262,266.95667844543817,6685.9565024031253,235.1744909770938,24.434000015258789,1507.1099953678251,341.86553362319535,245.47713871704667
2021-02-12,108.49015485948462,268.2208857634318,6712.1014503306333,235.24365525180446,24.576999664306641,1502.8636349209387,342.48542843630014,248.01040533382607
2021-02-16,106.73696009835295,267.48025434047634,6708.727645181043,235.63354407842453,24.940999984741207,1482.8312506435939,334.19335302834651,246.65486558990486
2021-02-17,105.19805006156402,267.07098781436349,6729.7012974287036,237.17139130769101,24.854999542236328,1466.0347609550952,326.4170949935849,245.09001300235153
2021-02-18,104.67453512304188,266.88497841855605,6724.9642780919676,237.26505662290549,24.684999465942383,1473.2729773883379,323.37796312025489,243.84380263386615
2021-02-19,104.42317960048777,264.75646367363902,6688.5118936721437,236.37449739579918,24.891000747680664,1469.9099055259376,322.80009052863721,240.83943669655582
2021-02-22,101.02360984337406,257.16114890155399,6618.4844137402215,235.91984251387956,24.867000579833984,1491.2971136883652,307.49525540686074,227.70544407121093
2021-02-23,100.57594166083935,255.5432947011189,6604.9101580806037,235.27002408034528,24.909000396728519,1484.2854992073974,305.96237293804165,225.59721741587106
2021-02-24,100.28915402633601,257.96041459068209,6688.020875110532,238.64554435087925,24.985000610351559,1479.4919233530295,304.46926506689505,229.59294656595287
2021-02-25,96.647920825748102,248.57398218056315,6514.9269486146386,234.1301640230881,24.943000793457031,1458.668750618873,288.12804471454041,213.24719256029641
2021-02-26,96.950849434853794,249.83975296297385,6490.5733415679006,230.96001333215696,24.58799934387207,1421.661414188944,289.35294176797271,215.22690511190478
2021-03-01,102.77063672698739,258.86383437174425,6684.0974889409408,236.92314379253955,24.968000411987305,1425.1966121636556,314.55896613131216,229.51316520365685
2021-03-02,100.94456292847144,255.52495669287907,6651.2955037356105,236.62507547586395,25.052999496459961,1438.5413417808268,305.67313680929516,222.86000314964431
2021-03-03,98.195719185936113,247.40394623213098,6546.05203360615,235.05085300144748,25.124000549316406,1419.7216929332881,293.62203159975883,209.32809982515508
2021-03-04,96.922203931277096,244.05767039044193,6478.0266355334797,233.16151715723294,25.142000198364254,1411.291855721737,287.48594419271205,203.06092577267486
2021-03-05,98.641768161490731,249.44987202249089,6650.3643231216947,239.06948397810837,24.916000366210938,1419.2325939431416,294.14066781122102,210.62673959130134
2021-03-08,94.864758252869237,243.2426903586535,6638.1474076476834,242.20437997210101,25.444999694824215,1407.0533398574262,276.72739140544888,199.40086655592634
2021-03-09,99.336711883882586,254.41341807068562,6774.7180219224911,243.99055636648637,25.555000305175781,1448.6515785255508,295.431921517246,216.47183380644361
2021-03-10,98.043989156257467,252.70226468378374,6789.4718285424624,246.64386970556231,25.826000213623047,1447.1454383851531,290.23851856187474,214.40038110851583
2021-03-11,99.426714284843229,257.91200926241436,6844.3233420659089,247.58370473185389,26.00200080871582,1444.4000682506316,296.72098327176116,223.74670664718062
2021-03-12,98.174328217366948,254.53842186304348,6818.6505154920114,248.60009392654118,26.052999496459961,1434.8292074545291,291.85783047179552,219.01405117479734
2021-03-15,100.87915081490769,258.0346923956547,6883.9497501443229,250.70291480167316,26.004999160766602,1447.0291843281789,303.47860655924381,224.36914670297494
2021-03-16,102.37219434022013,259.97803132806825,6887.2931384685262,250.27596464796707,26.097999572753903,1451.3943325432544,309.90772193447219,227.29293315155661
2021-03-17,101.91804022186285,261.57771370969675,6921.1853926912163,252.24006192416849,26.12299919128418,1451.1438374714937,307.53132013411511,229.62927938910673
2021-03-18,97.795682903571915,251.84825905961014,6773.1873379099161,249.46383303844698,26.128000259399411,1445.8232363151426,289.91418099943598,214.10207119513169
2021-03-19,97.884857035261433,254.10504468757699,6806.4826250319438,248.77077300931356,25.856000900268555,1461.3733540913474,289.52559484676294,216.77953904125252
2021-03-22,100.95601117183594,259.63536461301601,6874.5769008718753,250.44738606385596,25.735000610351559,1462.6633579049387,302.72358113757662,225.57472919006199
2021-03-23,99.8411820320011,257.42143056369173,6793.6050969056214,246.97620096078461,25.632999420166016,1445.6511205823847,298.34236693503919,222.67128334059362
2021-03-24,98.61210090247117,255.06410086542027,6809.848198460696,248.92785425789273,25.63800048828125,1463.8259413444077,291.66382750822441,216.84735293297868
2021-03-25,99.250146197782925,255.20734332163985,6861.4763583426484,251.12416553736549,25.677000045776367,1460.3316806130185,294.15954775413365,216.59279671836302
2021-03-26,100.06918875758608,259.83719639726741,6997.236001492467,255.31476414589167,25.849000930786133,1470.9652272620986,297.34558270928113,223.7811012363681
2021-03-29,100.12102023614311,259.51234196912674,6984.4222903485315,255.87829735465306,25.971000671386719,1452.4934490031092,297.72016929778113,223.43764687222583
2021-03-30,99.034897687274238,258.57909817022806,6973.1501300961409,255.59871649816756,26.280000686645508,1430.5488764902925,292.66066028574704,221.50796127239082
2021-03-31,101.30130016131014,263.59763411802891,7027.2591317561328,256.13569899838041,26.166999816894528,1461.8371784474041,302.1152580543461,229.21044107835507
2021-04-01,101.96075803934929,267.97155116407845,7107.1964691830026,257.00632187319337,26.360000610351559,1473.6337509157568,305.13266106941575,236.91922260138614
2021-04-06,103.82407802921011,271.04931079825883,7149.155375275318,257.29383472048499,26.447000503540039,1474.7522068062133,314.67336136264606,244.16112704740803
2021-04-07,104.7243697183717,270.43959431071221,7126.5089210984033,256.09570934134473,26.46299934387207,1466.7057686486812,319.49897161479123,244.19963329369216
2021-04-08,106.74370383697283,273.27424894220604,7158.5729532450259,256.6899932853778,26.61400032043457,1480.7559186663282,328.73243180133369,249.30726947806465
2021-04-09,108.52137695372194,273.96023350671959,7188.4833786382633,257.86849555119295,26.628000259399411,1464.2885053134873,337.52395739866546,251.43808269939908
2021-04-12,107.22184685711215,273.95159048903054,7196.3544827225578,257.96047771017419,26.590999603271484,1455.9877373978411,331.2460770276158,251.10163829333791
2021-04-13,109.69734061834558,276.81954766929533,7211.4754739154996,257.07330406001461,26.683000564575195,1466.7606694583276,342.91468134434098,256.65794402390139
2021-04-14,107.38333016549291,272.59282187967881,7159.1582285436316,256.78787203094737,26.774999618530277,1452.4671839321284,332.63012265502527,249.66723226907473
2021-04-15,109.10064004115104,275.98643495467678,7219.440014019362,258.31128194611335,26.919000625610352,1474.0413081846777,341.05278690539927,256.5492090679229
2021-04-16,108.95528491593187,276.64074018864983,7254.1710040269336,259.78508057999557,27.13800048828125,1487.0010185579893,340.16681703740096,257.45815901329701
2021-04-19,109.52848933132789,274.16159142594154,7217.0541059562947,258.99113946768284,27.174999237060547,1479.2654142049373,342.81862529862042,252.79436694599207
2021-04-20,107.44251737028966,270.44978178644743,7123.074546515837,255.37423371899669,26.629999160766602,1476.4276783736702,334.10432465523093,247.54089240923241
2021-04-21,107.87278865155028,273.05743120673083,7197.0725244815922,258.05226055337386,26.834999084472656,1490.2273561742991,335.93221242006928,252.04906277052265
2021-04-22,106.56479775147487,269.6458079755817,7128.1843573532451,255.53419039439208,27.091999053955082,1480.3430280282316,329.89705763900099,245.86297670191786
2021-04-23,108.69471537318383,273.56304192224678,7220.122805447445,257.77241800683538,27.045000076293945,1479.6807955306961,339.47185160066795,252.53585202463375
2021-04-26,108.34123933623377,273.63387312761967,7188.0612745216458,255.74974774946574,27.125999450683597,1472.3918552929424,338.87024908152318,254.23529723538783
2021-04-27,108.14904190406145,272.63296108937476,7191.4303160750133,255.89282436695356,27.136999130249023,1472.312818721083,337.85379551011562,252.20325220070669
2021-04-28,107.42043897688472,271.51730467991632,7180.2736633095983,254.61144737230015,27.268999099731445,1467.2086528970428,334.56022372102046,250.3192293307317
2021-04-29,106.93651357762749,271.47014159631055,7202.0477347046026,255.30371902734188,27.281000137329105,1457.0791707554258,332.92824075963841,251.17319443415963
2021-04-30,105.3948861597756,269.88709146282366,7156.0108877058374,254.26662375544853,27.107000350952148,1457.6453843932265,325.60763718802133,248.06090738404214
2021-05-03,107.13830346583026,270.66684493573939,7234.9456531402529,258.00788751446163,27.266000747680664,1489.7203951349195,332.3423104064313,247.44568610916789
2021-05-04,103.06004510103455,265.05747693553337,7166.6656672328018,257.57778979628625,27.049999237060547,1472.4815500080651,313.82790296974372,237.87693317931226
2021-05-05,103.65887157480407,265.1826209260509,7199.3414265713618,259.16703497557137,27.489999771118164,1485.0550056360044,315.95940039496082,237.18631791448306
2021-05-06,105.04776542640944,267.33872370723452,7263.5405643075392,261.76658475146178,27.559999465942383,1512.0786179474712,322.216548425908,240.90361263285055
2021-05-07,105.07731133059978,268.15526964935117,7281.5878902783161,262.23933168395803,27.729999542236328,1517.4152161538027,323.16114698900014,243.58439846411414
2021-05-10,101.50353830261183,259.18142058851265,7145.0458907334387,259.92568776060034,27.795999526977536,1509.8089064871638,308.03577706379809,229.33314959384535
2021-05-11,101.00151366500948,259.46594253728585,7100.7566879721353,256.95165305258388,27.264999389648441,1512.3220878051382,305.36810600901742,229.26725410588378
2021-05-12,98.453766437350708,252.67594734550866,6947.3755382675608,251.69994773029222,27.341999053955082,1500.9263833435828,293.85866971860537,217.33516633245131
2021-05-13,100.76559162707748,256.02071813730214,7071.5615176785668,256.42691995852823,27.379999160766602,1510.1205704396439,303.40616833502173,221.90159741183305
2021-05-14,102.77557032164799,261.69909513897164,7178.337972251772,259.3224106714635,27.792999267578125,1521.9467921224098,312.4690527106041,231.72261723078634
2021-05-17,101.21157654394341,258.54704687930467,7117.1230594501512,257.30616243046831,27.757999420166016,1537.072075939968,306.27620452746459,227.53433143826373
2021-05-18,100.01988640040858,256.66430461729277,7053.6071616144636,255.267716056719,27.716999053955082,1536.5793806661045,300.94881729317814,224.34216083068173
2021-05-19,99.343184745576266,255.54805313552487,6995.2161425643581,252.62321819908112,27.302000045776367,1539.1855725518985,298.72092072362886,223.62270733896727
2021-05-20,101.8567477498034,261.58573897817422,7099.3872978348563,255.2390194029573,27.666999816894528,1545.9809446957449,309.43066871818968,233.24998468538112
2021-05-21,99.921390861671114,259.02008366715756,7063.6207562105355,255.05432202631243,27.858999252319336,1535.084276982717,301.27635628415544,229.67680087126212
2021-05-24,101.60209212508877,264.28778050651272,7159.0175904416801,257.37337714660384,27.993000030517575,1546.7975979348023,308.35649121648424,238.22405538505896
2021-05-25,101.18141911401089,263.97300822075778,7125.5419492095698,256.1296192537871,27.929000854492188,1553.8736156450977,306.83775421889675,238.26898975763541
2021-05-26,100.85704531378403,264.14750112989577,7118.9270906770071,255.47608027184455,27.931999206542969,1552.1148729319793,305.79381101626939,239.25425873554968
2021-05-27,100.070319880249,264.3786837754414,7160.87897855765,257.65430641119525,28.124000549316406,1554.7961286247701,301.50734559645656,238.56439429156757
2021-05-28,99.53030330879119,265.19973235274222,7166.9271834427873,258.41931846934239,28.370000839233398,1560.29735281845,299.07411725397878,240.05777010522044
2021-06-01,98.944752370252374,263.46091041117961,7140.387935649077,257.7524911878387,28.403999328613281,1557.2803142879945,296.91988667778139,237.68843064030438
2021-06-02,99.688761292800237,264.30159718872306,7160.3083662340787,258.43663152570474,28.548999786376957,1563.2149593404552,300.08546531979351,238.91165536572018
2021-06-03,98.540907553179792,261.72072317211587,7140.1047698409793,258.35020490852952,28.490999221801761,1534.2515555230111,294.80535240656121,234.09104685173571
2021-06-04,101.05143220057879,267.84804729932603,7248.8873056770808,261.39911557428718,28.525999069213867,1559.3825935084471,305.13776839076331,243.56915205811364
2021-06-07,100.76541730707984,267.86453665958607,7222.2086035281754,259.65729584114905,28.659999847412109,1560.4338530799055,304.28617922975104,244.30780539455645
2021-06-08,101.22789365907624,267.43750221190015,7208.6792438811262,258.93326914830942,28.690999984741207,1553.5975125826567,306.69574233621773,244.03421556756484
2021-06-09,101.71273830147491,267.95770423637276,7208.0956600168638,258.21460044871725,28.742000579833984,1557.1533251789924,308.63739950449502,244.56697800579971
2021-06-10,100.82086496475291,270.54652321370594,7236.5427259755006,258.16275907852486,28.665000915527344,1556.7224851419012,304.69386171644777,249.4763527852235
2021-06-11,101.89123072363928,271.46444696066487,7256.4371485803367,258.46779410840105,28.903999328613281,1544.1289563632922,309.42781582469695,250.97562588231747
2021-06-14,104.93302981904806,275.47704442710858,7308.8531654653243,259.18143555694462,28.972999572753903,1540.7668613587759,322.48740795259101,257.10285764496052
2021-06-15,104.15398207392127,273.40610443321543,7287.1677503660194,258.25476178675473,29.089000701904297,1531.400149003744,319.05617730332125,253.4925247612592
2021-06-16,104.52187538275555,272.29863376789132,7245.0837934591582,256.15944414113437,29.142999649047848,1534.9104650355816,320.81045961042457,251.54032657819565
2021-06-17,106.99924622069366,278.77922216534512,7321.5097314051291,257.364052548107,29.211000442504883,1479.5442470440373,330.45770590233604,260.75582899838685
2021-06-18,106.65001617019371,278.49930356096485,7275.630448634819,255.15663954556953,28.791000366210938,1484.8808240714948,327.70019928327713,258.43363608999795
2021-06-21,108.51624842174253,281.16833140033606,7402.5329482331545,260.48575311394615,28.943000793457031,1501.5583192240595,335.75315375151666,262.52193756349476
2021-06-22,109.53541730940947,282.86268211657762,7416.171119308643,260.14862712137648,28.97599983215332,1492.0384682008303,341.03132046439214,266.54309311968694
2021-06-23,109.08514960014517,282.42788406851355,7393.1521715357603,259.10942601205062,28.715999603271484,1494.0434190307071,339.27381590324381,266.26344822650935
2021-06-24,108.88101502137008,284.25887008864498,7438.9759766767593,261.63499253566744,29.090000152587887,1488.8745704412431,338.27085620943637,269.63638021974583
2021-06-25,108.66210679500281,283.97725153488989,7465.6710825185428,263.58759234219741,29.055999755859371,1490.1519354141194,337.21034442525092,269.03777800909336
2021-06-28,109.91639445131887,287.14623683993017,7475.5367879028181,262.06513124033972,28.770000457763672,1491.1046229293365,343.21593646817939,275.30873185713307
2021-06-29,111.30396964430795,288.50540908132461,7486.5803929171389,262.40214256662296,28.822000503540039,1478.4258195267366,349.52443196539463,277.60923996026128
2021-06-30,112.07173834374609,288.7031848062627,7513.7239389863507,264.59999873798847,28.582000732421875,1488.4982902247893,352.74483184520699,277.36064752572872
2021-07-01,112.75319288410222,289.91724983863145,7582.2333462696215,266.69343044264224,28.785999298095703,1498.5531233096522,355.29040868776104,278.63702632533369
2021-07-02,115.06501405858688,293.50586127499071,7646.8678857115028,268.1481808567944,28.761999130249023,1505.3727194482469,366.05941336516497,285.28721068076351
2021-07-06,116.58567374860328,294.33787831287526,7620.4561956897442,266.11976431057616,28.551000595092773,1512.3310970169048,373.58701616418659,287.32710119741466
2021-07-07,119.07329363293894,295.93880994994618,7671.4633536876072,267.8531955779585,28.641000747680664,1524.0360592144732,384.92348465410953,289.49820931617637
2021-07-08,118.28918894331559,294.92762857044664,7627.3683902387747,266.59374144598917,28.065000534057617,1526.4471023004098,380.61343652201214,286.7558354062532
2021-07-09,119.28116580368747,295.40140535713169,7677.9514489940766,268.71702714183749,28.665000915527344,1528.1898928505236,386.27827533361614,288.9987328895088
2021-07-12,118.53008506229064,295.93184735375144,7688.243193008665,269.15177715125662,28.785999298095703,1521.0193209474924,383.03579403424447,290.64405703454975
2021-07-13,119.54321860375394,296.12510634706621,7666.2359805731994,268.53497889133814,28.775999069213867,1525.3838264046151,387.82170904995718,290.83386282388159
2021-07-14,123.35830038351273,298.91941677071208,7734.658969078343,270.90161743909306,28.773000717163089,1549.8447190035047,404.90762717731798,294.10377928393416
2021-07-15,122.20259982245547,295.36600727505419,7671.8247313964084,269.98357773577135,28.483999252319336,1545.6330969430992,400.20918971952142,288.55211729001729
2021-07-16,120.70199348678322,293.50755091503549,7627.8625902611784,268.16082082517698,28.343000411987305,1536.5971328766466,392.47289421509845,284.39512851878055
2021-07-19,117.43159494772412,291.04877932124396,7505.5580483589511,262.80675490746705,27.621999740600582,1531.4026816124547,376.55831648733073,279.68300342443985
2021-07-20,120.68774221341455,294.93312152868083,7632.6004540606036,267.28376159725991,27.850000381469727,1535.886094487503,391.89828135387972,286.67018713205624
2021-07-21,120.16752909795137,297.45538475981135,7701.8680245440873,269.76014968591534,28.367000579833984,1530.3652834855066,389.20264985184645,291.33671690681092
2021-07-22,121.23594345955844,299.20291244067829,7712.3364340453672,269.77227482064876,28.447000503540039,1530.9432253396249,394.53544186306118,294.97271678098548
2021-07-23,122.89781583846963,303.21088321027531,7804.1651024045022,272.02279699168338,28.8129997253418,1530.4850430182646,402.31275133337169,302.3744312669221
2021-07-26,123.24627058127504,303.43177095889729,7822.3830544949597,272.65856921099055,28.847999572753903,1528.1864080076375,404.03563391593792,302.83280672170048
2021-07-27,121.0567924018748,299.21588438250092,7762.9136498209255,271.25440887625786,28.665000915527344,1524.2506581727043,393.85652279055159,295.29831669202105
2021-07-28,119.42504691238327,299.9752501447627,7751.4356668414675,269.9285717814667,28.992000579833984,1522.1862131485345,386.1490137687959,297.18071385034864
2021-07-29,119.73752685388948,299.92916892922972,7769.951296091378,270.53431481272014,29.124000549316406,1545.8439779460987,388.03667017810972,297.66214281063321
2021-07-30,119.44402930506472,297.18588504725426,7697.9838980715731,268.43481922492595,29.00200080871582,1524.0901612568409,387.37736578632916,293.39440874101058
2021-08-02,119.42629301494476,297.8603680075413,7700.6221676466303,268.15216143053055,29.278999328613281,1535.5132428630382,386.86744970245729,294.08445622575277
2021-08-03,120.85888226684813,299.47375506453602,7758.8384105937657,270.08822790956771,29.499000549316406,1527.7080723075048,393.95245657273841,297.45877089210063
2021-08-04,120.57552036019587,300.03823596023022,7726.3649068149871,267.82101929283539,29.614999771118164,1528.7162112746007,392.48045272469835,298.44946365026345
2021-08-05,120.99234516409578,302.75844950398454,7794.3544620446546,270.56760831796231,29.749000549316406,1528.1225708292866,393.98455930819551,303.05339989627936
2021-08-06,120.43264284452408,301.4744825060568,7809.4360566456917,271.74838067539156,29.917999267578125,1489.6431271442013,391.22276496374548,300.43992603521235
2021-08-09,121.27495123625293,304.24785061578018,7859.9512968239769,273.01171537292026,29.888999938964844,1469.4242262861073,393.89165431017449,303.76293127763279
2021-08-10,120.98175636289039,302.9729195059582,7875.1506104434475,274.49780906555742,29.930999755859371,1475.2351556930375,392.27813632461584,300.9316306107047
2021-08-11,121.35425099362004,302.84304657135749,7905.0921317575876,276.57438082162304,30.089000701904297,1495.5648657008846,393.83657773113862,300.28507104750366
2021-08-12,123.67930334557417,303.45404560225927,7917.9696536555648,276.36258818563061,30.201999664306641,1491.9222276064158,405.46639454341488,301.97163339504448
2021-08-13,123.91325544002137,304.66537614181283,7934.8176522510203,276.61988991466814,30.264999389648441,1515.1331614032986,406.51948542677923,304.23741011703328
2021-08-16,124.96997066835738,303.28790966488793,7916.4346063858502,276.16383391585259,29.993000030517575,1517.4641079278313,412.72629428329964,302.99315982368796
2021-08-17,124.35621668981712,300.9924545661907,7870.8571273595799,274.38425102952539,29.908000946044918,1517.6635721368043,409.42780201142295,298.0278831482043
2021-08-18,121.91163350806553,299.88291004608544,7834.4442272861788,273.13523327925191,29.687000274658203,1523.8597794670604,396.12761152406478,294.04369833764315
2021-08-19,122.26205655691435,301.49759560488184,7849.1295704643107,272.78588324163593,28.982999801635746,1523.5875917932967,397.72655267921198,297.04836216666467
2021-08-20,123.78628771016508,305.31714363946315,7931.5154828393725,275.20523105678609,29.079000473022461,1527.842635424181,404.70941484481119,303.89541560991205
2021-08-23,124.83196375278149,309.32872103919294,7985.5105893790796,276.50376173935285,29.350000381469727,1544.1697284566856,410.2000177629339,312.42556750973705
2021-08-24,124.25782993533616,309.03219793608002,7965.5016784867357,275.62351673954669,29.239999771118164,1539.8652975950436,408.19061963249925,313.07647287988851
2021-08-25,123.12170470488095,309.16183936884181,7977.4753314870732,275.76543673690622,29.291999816894528,1523.8543428640517,402.74092488945234,313.56711615120156
2021-08-26,122.21957330726353,306.6426520215885,7916.9545084358888,273.69642943200637,29.23699951171875,1524.6634200944325,398.67895866759989,309.02445733124756
2021-08-27,123.28611114857256,310.09725766272913,7999.1704715955375,275.99122894985993,29.305000305175781,1547.666728892113,403.59239759576417,315.51433463394073
2021-08-30,126.57746366740474,312.44502190604629,8005.1148922722032,274.61467787948015,29.332000732421875,1535.8919897139988,420.48294474640352,321.43103028054611
2021-08-31,125.53345511365697,312.24595165643842,7996.6569504467534,274.53950717873687,29.309999465942383,1541.1669467977893,415.24328629418829,320.96417508627439
2021-09-01,125.9528384512204,312.40951386675988,7990.6236964884374,273.94202407324553,29.645000457763672,1537.6434656841338,417.55929323291883,321.66392888779484
2021-09-02,126.56613152771928,311.45405679243629,7993.8727763732386,274.25360479828998,29.663000106811523,1529.8660238448658,421.14908098765835,320.52837995116727
2021-09-03,126.72081160189535,311.47615655448209,7967.4589845320306,272.86944796283984,29.35099983215332,1543.9754115267954,422.55193998900427,321.53406409577946
2021-09-07,128.69890601186526,311.9540102960047,7941.5755717944658,270.82132530993727,29.49799919128418,1514.5168894670242,432.4208158771122,322.48244806444467
2021-09-08,127.74004746401296,311.69518835531289,7952.4762264237543,270.9931429015453,29.23900032043457,1514.3238983056647,427.01311957090087,321.08951034604945
2021-09-09,127.14625620588505,311.26580296232385,7932.9128167897361,270.45463161781623,29.309999465942383,1522.9583983428045,423.59370800868817,319.54014253796453
2021-09-10,122.86655679771069,308.72530566858694,7867.4877958868783,268.27903139652079,29.218999862670895,1515.3997001906089,402.32884322158327,314.50839027539115
2021-09-13,123.49078541487003,308.87692319337219,7894.7904896612381,270.61054146480046,29.295999526977536,1519.1390496221206,405.15701645754126,314.44536453468459
2021-09-14,122.30996857775354,307.99877722197471,7851.3600753286164,268.41797976199427,29.160999298095703,1529.8908282060454,399.34585947402581,312.65741011428986
2021-09-15,123.13407365398817,310.47196007244872,7922.7826750102213,270.39834809289073,28.86400032043457,1520.3751819699125,403.26401682529723,317.49392253920206
2021-09-16,122.77962036769121,310.29089477698722,7900.6884897740683,269.55941420412489,29.055000305175781,1486.2103205631763,401.7788894692456,317.52689990119831
2021-09-17,121.06481180289511,307.98482019492315,7863.684243359492,269.35660111922743,28.799999237060547,1488.3397770480055,392.46506719071436,311.3899918517788
2021-09-20,118.85796703360919,302.58628206995297,7754.9644673930179,265.3403333550479,28.305999755859371,1503.6747471665776,381.10584290945349,299.47687968940915
2021-09-21,119.26260311347274,302.95152778823672,7748.8415110189417,265.10747784885149,28.735000610351559,1515.9155175569451,383.05643282654097,300.2068644951334
2021-09-22,121.35022877506827,305.97132224820376,7827.4721005257834,267.9242241248254,29.134000778198239,1517.3699048037427,392.99513984231584,306.00508951227118
2021-09-23,122.53366946960418,309.72488170310402,7946.6416557455013,272.70143345453454,29.39900016784668,1497.1289486908729,398.15203781525679,312.59112247015196
2021-09-24,122.05991302381503,308.62765048241636,7922.730059157574,271.72288655171172,29.128999710083008,1492.0454150975945,396.73410552953692,311.77564868349197
2021-09-27,120.9494258243152,306.6135435479988,7912.5026677314054,272.70053206163789,29.194999694824215,1494.4910287369007,391.02882737981435,307.24879764976305
2021-09-28,118.33577453201866,298.60591482883734,7769.1962213958177,268.851838002573,28.590000152587887,1485.4496180843362,377.91501522094541,290.51058254118635
2021-09-29,119.20952838819852,298.38316119075677,7789.1123567573932,269.7593317128439,28.833999633789062,1474.2856119285814,381.93154142550497,289.8172017137482
2021-09-30,118.96202033491336,299.45823858273968,7753.0932391052356,267.39805688971035,28.634000778198239,1514.4460432039075,379.34728174914596,289.78884897025563
2021-10-01,120.20991343005224,302.0215375368175,7860.6151885796135,271.8989941061082,28.625,1519.204895392844,384.87170143174461,294.07075857125045
2021-10-04,116.92092112118542,294.84725126845137,7737.0902958270071,268.62656214166498,28.465999603271484,1522.8403714416322,369.61981087682119,280.93043351102295
2021-10-05,118.46212876280157,298.5394581019882,7811.8773790402929,270.83047510932903,28.893999099731445,1515.6067046012101,377.10613049071623,288.23693472482461
2021-10-06,119.43920560892258,301.03186255133772,7859.0751330686062,272.13561715388158,28.53700065612793,1519.3059331476809,381.40803936659671,292.49380929302146
2021-10-07,120.94910789171523,304.8647826907781,7954.0564045585988,275.88053723539792,28.996000289916992,1522.4116773080045,387.96817810965388,298.91112485152445
2021-10-08,120.57390944936944,303.22886723643575,7935.9274532361878,275.6960503774971,28.820999145507809,1520.2740369523528,386.23686992526387,295.8171799698797
2021-10-11,120.4325333614229,300.73980610162602,7877.1631606076044,273.52448321784351,28.867000579833984,1517.9782292835955,385.66247664423241,291.12144528694211
2021-10-12,119.46319856425711,300.00974413293625,7866.47825533384,272.86300743727861,28.768999099731445,1522.709428593892,380.80112191158588,289.39824446866447
2021-10-13,119.16005573698855,302.92928426422276,7903.9096235603502,273.41704740723992,28.983999252319336,1556.0048179711066,379.02610875523357,294.53595253194703
2021-10-14,120.8830840553377,306.76463529122799,7994.2271884042184,276.01430604078848,29.371999740600582,1549.9696085529579,388.31812178555765,303.65873439387695
2021-10-15,121.87599658894153,308.91227302289627,8059.4727734431081,279.24313993443627,29.555999755859371,1525.5123823643505,392.9673663330816,307.69919600341939
2021-10-18,123.25631295363183,311.87040765947489,8082.8302130353622,278.8335538071384,29.319000244140625,1522.5454024761389,399.73661281546202,313.7384548290969
2021-10-19,124.93363554453752,313.77492108218769,8130.9039997684349,279.97747252375029,29.306999206542969,1524.4712926385596,408.18602035448333,318.02510509246667
2021-10-20,125.15847474363314,312.87778233149362,8148.0822583506451,280.7799451483915,29.454999923706051,1534.4785765432664,409.60553422183324,316.70144149851734
2021-10-21,125.09509884132376,314.16602323039342,8156.9284142583365,280.16952964697623,29.382999420166016,1528.8701272679275,409.69941908971452,319.93569113941885
2021-10-22,124.75156738984178,312.32136452256515,8169.1041618877525,281.50016514491682,29.58799934387207,1545.1593117789394,407.48889030072002,315.36198623056379
2021-10-25,124.55161856103194,315.11915164596672,8197.5237444868708,281.78180892371012,29.482000350952148,1552.2219094765956,406.76739537756714,321.41164817338318
2021-10-26,125.42728069019128,316.88395832537697,8232.5462035003166,282.43109688064516,29.726999282836918,1544.4760706830912,410.5599197900558,324.22608219895147
2021-10-27,125.1776420640897,317.98841479546439,8200.6169484236616,280.76606985123095,29.663000106811523,1550.9254699153262,409.09583214522416,326.10967279257369
2021-10-28,128.28519170813428,321.46755146448118,8280.2853873737713,282.55501667576829,29.884000778198239,1553.9494118007342,424.36282251971545,333.29860709153348
2021-10-29,125.05606768996508,320.74044306652411,8238.0539379921556,281.26610550171767,30.003999710083008,1526.8399792223611,409.85627931750406,334.17254122895218
2021-11-01,125.72057290511582,325.37156496758462,8343.604116582168,285.0696239601009,30.283000946044918,1553.9058591255821,410.87237437299223,340.15256439487507
2021-11-02,126.14695067589476,325.52372920635105,8343.3608499517231,285.15417614937053,30.420000076293945,1542.6417585647507,413.72230955346953,341.72866682773451
2021-11-03,127.60464893621621,329.55176972665151,8411.8696935636399,286.43454709686506,30.548000335693359,1523.3040679118435,420.53357034303838,349.5912000893062
2021-11-04,126.76066969636078,332.73267913232331,8421.7375578279061,285.37319486313521,30.6879997253418,1544.0241724187547,417.01883239715409,357.4328442844988
2021-11-05,127.87972925712836,334.79109614549384,8498.21131850458,288.41301802373385,30.920000076293945,1572.2588031151317,421.45117709399722,359.98695142291723
2021-11-08,127.02123022186464,333.94731106388525,8495.9251097617471,288.88520314372812,30.972000122070312,1580.1049953754157,417.45309603066084,358.59250685726204
2021-11-09,127.08467134007455,331.00018799490073,8450.24973867886,287.4972103119934,30.930999755859371,1579.4311298987172,418.17395150210274,352.96439795244288
2021-11-10,124.60595802427252,326.02207493536065,8379.6991721025388,285.64915858353766,30.951999664306641,1593.9739773106955,406.01228590131325,342.47022788345305
2021-11-11,125.75259065784573,330.04595509689,8464.3345949357463,287.08907400140384,31.007999420166016,1622.7672814223743,409.6792019929058,347.65576894457081
2021-11-12,127.94669799824955,334.54172552529786,8552.4187546840931,289.42752421675459,31.14900016784668,1631.7610437947774,419.77301987035639,356.06088973212331
2021-11-15,128.05777233680109,334.73347954511115,8559.5451528711856,289.62747420021986,31.311000823974609,1631.4083203184011,420.15141670505255,356.18367483949271
2021-11-16,129.76403028329736,339.34661500658689,8649.9177486312637,292.09981485896066,31.434999465942383,1631.2000447199562,427.15935128154109,363.64563279901557
2021-11-17,132.43155489962194,340.88427039740145,8663.6442323891933,291.58298795732838,31.454999923706051,1651.947570237686,439.47632237588448,365.48620906720544
2021-11-18,136.21064903732756,344.41639205062364,8693.7471645472378,291.17791750062338,31.370000839233398,1644.1745951519317,458.28780270785643,373.06028546266606
2021-11-19,137.94744622722885,344.89772136958169,8645.7078644427656,287.75355030001515,31.228000640869141,1628.7230169334339,468.00515849789332,375.65298317622853
2021-11-22,139.48844702283827,343.69558676420434,8689.7111832886585,290.35518725788353,31.22599983215332,1601.9352021731358,473.92391040269905,369.94673551522624
2021-11-23,140.24409021912192,343.15150634716042,8730.229087772299,292.71066268883351,30.958999633789062,1586.70787580211,477.06690191005339,367.67004613385228
2021-11-24,140.66977634091978,344.17135549004502,8748.4783922871011,292.64649110011226,30.944999694824215,1586.7600880659745,479.29797547968724,369.94641706602306
2021-11-26,136.64246244943274,338.7093613744932,8576.776549559092,286.18018316934871,29.636999130249023,1592.8267445965894,457.9602629895798,357.03948808395114
2021-11-29,138.59830295496616,343.49985812919704,8626.2489629919874,285.82897136912078,29.841999053955082,1578.2088608450094,469.48691276988257,369.78050027729779
2021-11-30,142.97163893598457,338.44744913824934,8463.6144612905173,280.70333732969289,29.572000503540039,1570.4695568389789,491.71352653070966,358.91093130698744
2021-12-01,142.04972615180793,331.60745311501785,8337.1300238117892,276.18851798762194,30.308000564575195,1574.8052997011112,487.75717196145695,345.57118512603199
2021-12-02,141.31336429116195,334.3152571881958,8464.8409779034209,281.44509240063024,29.934999465942383,1557.2220553361178,483.73236700258849,350.88591893368402
2021-12-03,139.82093290060567,328.88871700308289,8403.5973549220598,281.4755863169292,29.795999526977536,1577.8060529928673,475.78448716510428,339.08183054929464
2021-12-06,142.84527688206651,331.56532136516199,8503.4853433241024,286.86068947743428,30.229000091552731,1574.1102074383907,491.19180144350793,344.55875672765671
2021-12-07,148.14602224028314,342.09825458612767,8693.6092383202067,291.32773529236249,31.08799934387207,1581.2441322334125,518.13850883551981,365.89706862364608
2021-12-08,151.65804393379966,343.93920130781879,8728.4879980937494,291.79439994908768,30.86199951171875,1583.381336729738,536.32945803892483,369.5047289034282
2021-12-09,150.28687427028146,336.81478660907089,8614.0898853548588,290.11484351556021,30.830999374389648,1565.9833079901923,530.68880314347712,356.44678310925343
2021-12-10,155.21203945948255,342.0522904117426,8736.6947165861875,293.1832959572028,30.757999420166016,1580.404735517915,555.54792928810775,365.88235386783981
2021-12-13,151.7542448383158,336.55860573667297,8642.887220580682,290.11112467059411,30.565999984741207,1580.9108153457657,537.43816178513578,354.72867595622239
2021-12-14,150.88918235626795,333.85511561034963,8599.6536085889275,290.08196866424714,30.340000152587887,1570.4351323127796,532.21348706454967,348.19913915201414
2021-12-15,155.52369008591529,342.19824443232727,8759.1605481361548,293.67476976712652,30.499000549316406,1566.875938734137,556.16303690990094,364.85572737123175
2021-12-16,149.02687392274089,332.5277793351018,8660.2592219186754,292.60628029193225,30.853000640869141,1592.629844769107,522.03995720963769,345.18739067941135
2021-12-17,147.49122396457548,329.60234216930223,8538.8295880620553,287.30392909291953,30.481000900268555,1592.4452906765596,514.96998479669753,340.43501049214223
2021-12-20,147.47218128194726,329.03540452307902,8509.6990561995808,286.04843570569693,30.256000518798828,1596.1171738766498,512.79530564465483,336.52046830975536
2021-12-21,149.83416768258229,335.38560550140915,8635.5271283569455,289.79169573120924,30.694999694824215,1586.0760293551966,525.88766149755202,350.52380041493836
2021-12-22,151.99390581793512,339.1677326873596,8716.5769723688645,291.55664677622678,31.028999328613281,1596.6229934553864,537.49229425947453,358.74177412718393
2021-12-23,151.99152383196204,340.47881931331386,8738.9947129175816,292.09496313458277,31.271999359130856,1599.1875606825427,538.45947323792961,362.82320472943087
2021-12-27,155.54692789929382,346.24715108000157,8863.8646325476657,295.10884778183049,31.403999328613281,1597.278940724842,557.24324160716651,374.96901386239455
2021-12-28,154.57109188242819,344.46675869499342,8850.3986263088791,295.82812699909095,31.593999862670895,1598.3184943267904,552.14135075722072,371.30392356224542
2021-12-29,154.85715748673843,344.87969949606611,8874.7751997229534,296.91874233460743,31.507999420166016,1595.9660779413377,553.30191363151937,371.69353639196646
2021-12-30,153.22405582194821,342.4757036114375,8813.7121941826445,295.10875195509561,31.559000015258789,1596.8978258759432,545.65431636413769,367.99630771675282
2021-12-31,153.15586726149408,341.39255390614977,8818.2565604946958,295.41408920853854,31.493999481201168,1614.6538311823779,544.44394484557722,364.52730253766975
2022-01-03,156.31690467907706,343.21146735963811,8836.722466967738,296.06681152601328,31.784000396728519,1582.7198740895496,562.45859007086847,369.96390221186499
2022-01-04,155.30541830458995,340.89421949771179,8887.3938755470172,299.71665887917004,32.2239990234375,1605.5217610781974,555.22730260920343,362.63705007296966
2022-01-05,151.42376263167574,330.96684796222365,8730.0844163754045,297.1264253109037,32.486000061035163,1617.476579255944,533.95343802636455,340.91754324137548
2022-01-06,148.50287652354487,329.86097580841539,8699.2731526190164,294.95820060778999,31.920000076293945,1581.4738611418702,519.20881827846813,339.53943944935799
2022-01-07,148.86829129412712,326.76764855757563,8678.3681530048343,295.32683832689054,31.805000305175781,1591.0585893901248,520.74338643913165,332.67186934798724
2022-01-10,148.1371031347723,325.33884787606394,8622.2953880940659,292.60934241261805,31.333999633789062,1584.293095034308,518.21576660434016,331.43504244600564
2022-01-11,150.93636068182676,330.91229202401394,8719.3519041167565,294.63956763026238,31.635000228881839,1604.971764641765,532.36600182740199,342.10213642599058
2022-01-12,150.84427607105818,331.17055178280452,8716.3145033719829,294.03700618349887,31.867000579833984,1607.6220056166335,532.72329685778197,343.72146095316276
2022-01-13,147.00179100745473,320.76460327465759,8536.6632532988824,290.69690256773583,31.705999374389648,1591.9035644069827,514.11800690704592,324.37901676995256
2022-01-14,147.55360092811043,322.32486758558616,8532.2787823232393,288.6486851161568,31.468999862670895,1585.4776134451156,517.35985920192422,327.9726280300672
2022-01-18,145.35616520216919,315.58284993842375,8409.6811603650858,285.55699170612593,31.438999176025391,1588.351190215009,504.74763758992367,312.91461880571632
2022-01-19,143.31651661927083,314.34603861933039,8387.8512672089437,284.7521168199022,31.61400032043457,1626.8820219535003,492.32094783574973,308.22676301846036
2022-01-20,141.66168432183463,309.88693202997661,8285.8407111824417,281.95522415822637,31.694000244140625,1624.3807778292608,484.09235571221575,299.8558315435701
2022-01-21,140.21980000556337,302.08370836856091,8150.5051144998915,278.84800641978262,31.120000839233398,1619.091408567409,476.06720350838964,283.96883636045737
2022-01-24,139.19672429244159,302.72502358125161,8153.1233820276284,279.35279801772435,29.924999237060547,1623.8636321497124,471.43866473788268,285.86851202573172
2022-01-25,137.82271222435935,296.16022874782533,8066.2530709145012,279.08885316487869,30.156000137329105,1635.8872173509633,464.09737936194074,273.03230302773233
2022-01-26,137.98376726877606,296.20913094558551,8068.2156044660842,278.34954036928849,30.805999755859371,1618.5526077938496,464.50882840803354,272.6494178884335
2022-01-27,138.3241564327171,294.81722787504907,8068.8502399498902,279.93375659116049,30.96299934387207,1594.7830739137689,464.96741494801904,268.60759622962917
2022-01-28,149.25720157171477,306.69783973702368,8337.8356937359204,286.95370046175697,30.704999923706051,1601.2337999526458,518.08072911362819,287.93093486082313
2022-01-31,153.08325450092943,316.35381650381765,8491.3932134653223,290.09661058075164,30.841999053955082,1609.5226721993654,538.12557738338967,306.19919151338792
2022-02-01,151.88200732263212,316.31452626349375,8490.873194474374,290.44727842880815,31.268999099731445,1604.2357586057913,533.64298250873969,308.23009727188196
2022-02-02,152.35070718007714,317.63134601069231,8537.2777695066652,291.01419773973066,31.353000640869141,1605.7362658185018,537.16186360784241,312.00786414876728
2022-02-03,149.45892861777122,304.05242364186745,8310.278700827781,286.22650843193463,30.844999313354489,1596.5562369858176,522.48574713455366,286.04845532061739
2022-02-04,147.43589843021115,304.23149188836453,8255.3156483731382,282.73864240733616,30.604000091552731,1580.8308291141154,514.97999591040457,289.78253894132047
2022-02-07,146.5631072649193,301.27330410184993,8211.0160830048135,282.28418171861892,30.875,1590.376803075862,510.84293730083192,284.63761758684689
2022-02-08,149.42865834195226,304.98280412807605,8288.8979290446296,285.51623369317457,30.940000534057617,1597.4018223473827,525.55256933157227,291.34372742325297
2022-02-09,150.95419122042316,312.0371482736029,8426.2490624787006,288.5840684891287,31.41200065612793,1608.0534457854412,533.10155304181797,304.26805100501025
2022-02-10,147.38846435370922,304.96804082468054,8274.4837400677807,284.44652855470059,31.25200080871582,1608.7173322136248,514.21882939763691,290.48877229027732
2022-02-11,144.48441416840808,295.44913746678299,8122.09622999577,280.34974050330004,30.86400032043457,1613.6794993586593,498.8860080192203,272.202257418187
2022-02-14,145.33254105619633,297.12873437083874,8127.4208872294193,280.45953444522752,30.333000183105469,1644.8663535808391,502.17102326756282,274.08837932127329
2022-02-15,149.46963853747417,306.09817152112601,8299.3919190387714,285.44529804128678,30.818000793457031,1641.7344743881058,522.30946159545408,289.21266150439419
2022-02-16,148.59880813761558,304.66108107353477,8270.897726837351,283.73073059066917,30.715000152587887,1647.9119600964482,518.90527342838595,287.78208054697166
2022-02-17,145.20206223509967,295.11917292618483,8083.6320354867421,278.41747978572806,30.635000228881839,1672.0482401039251,501.53453967725136,270.2229251814835
2022-02-18,143.95481858055459,291.97899546434343,8033.1034871602651,276.86204596108212,30.538999557495121,1671.4060543731325,494.87852287133995,264.26337023979488
2022-02-22,142.10100420259698,290.49858752223645,7991.6829329196125,274.19712120367285,29.908000946044918,1686.5231253509323,484.07599986453056,260.25594125589595
2022-02-23,138.18773795015471,282.57077564358474,7831.0933373851458,270.06809023055138,29.86100006103516,1686.2719665439267,464.49589153680347,246.49837317935439
2022-02-24,140.78400118769653,292.67196631260714,7965.3399916321378,271.29731553588056,28.73600006103516,1703.8316710080574,477.10477878933199,263.61072052633517
2022-02-25,144.07494105682375,300.26485925702144,8228.1340758723018,280.84804032114857,29.770999908447266,1686.7592694955624,491.38228226799822,274.57953229064412
2022-02-28,144.43525072318459,301.41883977436385,8216.0143600599949,280.09962654120523,29.257999420166016,1699.9291225786696,493.01385814476077,276.45343611528739
2022-03-01,142.31200793657374,295.8810738352617,8063.9584516028644,274.14372519422136,28.205999374389648,1733.0726185017654,482.90892490219403,267.15458688294598
2022-03-02,146.32688381366626,303.09304490335251,8275.9267201958282,281.0329331228146,28.652000427246094,1726.7059079638948,501.54089898378476,278.18255328118425
2022-03-03,146.30524031478771,299.31222025656018,8248.6005481182583,280.82656327792182,28.16200065612793,1742.1164882713056,500.96895735368793,270.73135598260984
2022-03-04,144.2025054661249,296.18739226902835,8217.374039348344,280.59684633300515,26.767000198364254,1777.0196211747625,489.13902470221763,263.96536634024346
2022-03-07,143.27207695234608,290.30851601096526,8115.9550473311456,278.76953858913896,26.396999359130856,1835.3896768735053,480.07979040314342,248.81854499068729
2022-03-08,141.71931381751136,289.20427561184204,8064.2964459319428,277.35815067993417,26.288999557495121,1880.5717641753758,472.07160129550806,246.71461550307114
2022-03-09,146.23607617505826,298.70994891764468,8247.8057094103096,282.3382251342689,28.045000076293945,1824.3324855339583,495.35280211011889,263.67806655222944
2022-03-10,140.00469395174133,290.70889371661315,8082.9317868827065,276.78611527266395,27.339000701904297,1806.4212803387431,467.61836854991549,253.73375352426456
2022-03-11,137.40037055292652,286.22787814397964,8022.0130691449858,276.53978638331643,27.590000152587887,1802.2608187795306,453.29937083996418,244.53200344365442
2022-03-14,134.75241903834291,282.83347256627593,8023.8709590323651,278.65307596121158,28.079999923706051,1793.6223180393006,438.49802398406399,236.90070330256106
2022-03-15,138.61042269256816,291.40854936525966,8187.50055643817,283.53123243428848,27.950000762939453,1763.3791840707922,457.5524337605097,251.50648864236979
2022-03-16,142.29201363346547,301.49494602613913,8350.9948471864482,287.20454599544934,29.031000137329105,1740.4838117540226,476.32760839951555,269.51708512849058
2022-03-17,142.52700238787284,303.68893581426374,8414.2694383210001,289.2588413917282,29.121000289916992,1763.0265672754347,478.64396345727278,274.72566477334124
2022-03-18,144.49174096179863,307.73918926219244,8453.0060072274027,289.33087500943782,29.158000946044918,1738.183545805364,490.21352730650989,283.97339927147465
2022-03-21,146.46940337683202,308.45051730672554,8492.9142902913136,289.34237497885556,28.969999313354489,1747.239359678088,499.0264196613071,283.83628746446834
2022-03-22,149.86773345867536,315.25219732622492,8609.1231128097515,292.28993041917511,29.382999420166016,1744.0878882880756,515.80685564842327,295.6864597950937
2022-03-23,150.93022068945689,310.36901789835798,8494.292733365879,287.99151615908198,29.020000457763672,1756.4337744110644,521.58472538314527,286.861762513575
2022-03-24,154.68154990290552,317.94285890057347,8635.2224586388529,291.6721036474579,28.976999282836918,1782.7960426563718,540.47533810529342,300.25151401910944
2022-03-25,155.21301966844473,317.58322577739125,8676.4449818872909,292.82869760004434,28.943000793457031,1774.9997557252966,543.34118465748554,299.66151153750349
2022-03-28,156.38807600031177,323.31007292658768,8760.4766977288346,294.36724510484811,29.086000442504883,1766.3624792912242,548.82638016787917,309.71334933740565
2022-03-29,159.20722283715656,328.51659108179479,8858.2305020524182,296.97511077492135,29.993999481201168,1739.3371339743303,563.96492621593347,320.02517196593442
2022-03-30,156.75584566946804,322.02699544014246,8725.8583849639272,293.65117788259499,29.73600006103516,1743.224277796849,553.42270079433661,310.19963568631653
2022-03-31,152.99941110040496,316.03193172951296,8535.7468513523036,287.41732902741001,29.368999481201168,1746.3077687113398,535.27297139961865,300.60412686513479
2022-04-01,153.97084053290601,317.97941273019745,8634.0689920842287,290.72574254963331,29.490999221801761,1737.3896055055857,538.20802481523515,301.87972284382653
2022-04-04,157.9766978607837,325.26285629685651,8723.7475482166446,292.41540532712821,29.715000152587887,1750.656823707702,558.60102568736249,315.02384881078711
2022-04-05,155.99275959676001,320.11009096989301,8671.7004577493626,291.87422482047248,29.326000213623047,1756.1259976136125,546.26093720900303,302.99291529105454
2022-04-06,154.08932515857779,315.15365200860117,8642.1384051706755,292.38381419391169,28.695999145507809,1763.2712721277421,534.52390015531194,291.68123372533648
2022-04-07,154.48341715798338,316.14072040340841,8686.5093035517002,293.63931700593957,28.443000793457031,1778.0865437919078,536.37340991841756,293.28886181963753
2022-04-08,153.11283793695674,312.6794026259783,8690.2698940069604,295.73368265330743,28.889999389648441,1790.730320934983,528.4111024479347,285.96523457126978
2022-04-11,148.93043717771033,304.71834939499757,8527.814442191424,291.64383703566602,28.913000106811523,1789.8112186512801,507.24815899886022,271.93166686725743
2022-04-12,150.74339486256247,303.62600188009009,8504.4167689669812,290.99777120104181,28.798999786376957,1816.6090194796891,516.34749570005556,269.80737748511535
2022-04-13,153.94020476727354,311.28048399257091,8642.2375338692073,295.41513299324009,28.853000640869141,1833.2474883630434,531.53705474887067,282.119823514372
2022-04-14,148.3586642386993,302.19667826496971,8482.1007990083908,292.36459988589502,29.052999496459961,1812.405295215194,504.34617942917117,267.47753887029398
2022-04-19,151.85209973133709,312.47991673096965,8708.3981615623961,299.62228684893967,28.840000152587887,1816.9528713784712,519.46832183709671,282.84289359534
2022-04-20,151.51965685484137,307.56074415851469,8692.9119232782559,301.33606977756079,29.259000778198239,1811.6679072253523,518.06767443550223,274.27004320610075
2022-04-21,150.01585469521555,299.65910922019606,8521.6320322372139,296.53969733224,29.665000915527344,1795.5974325638181,511.67768445931864,261.57771614329073
2022-04-22,146.04001846586345,292.20810447207481,8296.5981989181892,288.88017916640445,29.055000305175781,1785.2041679337376,490.98939286541554,248.21473142077835
2022-04-25,147.35210314035939,296.62228069761454,8362.6145386870066,291.48495538960248,28.540000915527344,1753.7619815806925,497.05832805601392,255.15991443299967
2022-04-26,143.13379151354124,288.00594588399963,8200.7637345581134,287.11533078986577,28.451999664306641,1777.1726885431581,473.46784492895108,238.02989588789939
2022-04-27,143.87172962133121,289.5687016261943,8272.5619478715107,289.52374364605987,28.61400032043457,1774.4903290188795,475.55930068129396,239.0344116755557
2022-04-28,151.62949240325526,302.36792556074465,8548.8784366111977,297.43984952767897,28.899999618530277,1791.8366145625159,512.02922920325852,258.16070915999035
2022-04-29,146.78686357914023,290.16072812507832,8279.2111955620112,290.4241783211445,29.025999069213867,1819.93835872251,486.25968983688574,236.06505226275755
2022-05-02,146.63209193537875,294.11593300361341,8301.1378958268469,290.47084295821054,28.534000396728519,1768.7985691217041,486.22359966621565,243.21237420646244
2022-05-03,148.42212582028955,295.18372591793423,8362.6526310010267,291.66358097548709,28.795000076293945,1779.9882095871233,494.50462598610574,244.35564196049762
2022-05-04,154.22290625209115,304.6000616170362,8596.5452367211747,299.33274116666803,28.434000015258789,1774.9862958140841,523.95203347061545,260.39746105076506
2022-05-05,144.34218687926312,286.70099273015387,8217.6779711764866,287.669656752832,28.266000747680664,1765.7838725678339,475.916285025202,232.09719311053055
2022-05-06,146.16296673311561,285.48965381515882,8236.417083994289,288.90058390239074,27.964000701904297,1786.3818186650833,483.05335504788712,228.31395937575877
2022-05-09,141.41324813020151,274.51591033569383,7978.8708813301755,283.4234500047142,27.200000762939453,1764.6848605037912,459.33426831047308,210.59831735088423
2022-05-10,143.23464505168204,276.96718376159311,7973.0844466026738,281.84763439620349,27.367000579833984,1742.4144875335571,468.93907331294832,215.02921076025706
2022-05-11,136.23248428476586,269.59054761289832,7866.5579138435533,279.76559622820793,28.065000534057617,1759.9027580629206,433.82146096825761,202.90497701920071
2022-05-12,132.82696691391175,269.47719376629385,7874.4859274412574,279.58901537788131,27.732999801635746,1735.6508017794388,417.13188559457296,202.33896102595725
2022-05-13,138.82132861928486,283.04231066780102,8166.5820073540626,287.26069802954481,28.474000930786133,1742.0740514784386,442.69855793258262,220.11912200010315
2022-05-16,137.06181966725896,279.1951469182319,8118.3040621647797,287.1686116274941,28.37700080871582,1744.1246761630193,434.73001448431586,214.58084907530775
2022-05-17,140.03029999544356,285.37507658305236,8252.0776833359723,289.94361043541647,28.815999984741207,1742.4152425882737,449.65110470123619,224.86807498762008
2022-05-18,130.76577281459933,268.56431156543658,7838.863405062938,276.81782621358531,28.409000396728519,1721.5821001893835,407.34827239785824,200.69676374567197
2022-05-19,128.45834326958462,269.04120500329475,7849.8747965179055,276.70939950969648,28.10099983215332,1758.0881055132563,395.10560555927964,199.97001811160379
2022-05-20,127.39036890579968,265.51143358043646,7772.3028728582267,273.91714815076085,28.139999389648441,1741.2819123270372,392.16245091379079,196.73123149449484
2022-05-23,132.61611527385838,270.16036957541922,7924.3267545296621,279.78835376373394,28.580999374389648,1748.1851030501291,416.1230165565093,203.44986147099846
2022-05-24,128.701226861317,261.63806966201054,7777.5058736141791,277.32643867389703,28.075000762939453,1746.294236019477,399.88277548147806,192.75159263505088
2022-05-25,128.19417906056216,263.95370961921731,7811.2984148027244,277.5520423696351,28.273000717163089,1719.6439618273571,398.53411800882049,197.1415125996615
2022-05-26,131.78080941197257,272.53397336317522,8004.106143041583,283.33556388909153,28.791000366210938,1728.8917582548743,414.32881001705636,209.03762647498317
2022-05-27,136.55961634279467,280.21436573119604,8168.143129070243,286.96886506000919,29.270000457763672,1724.8747425154836,437.76062729675886,221.7220880742565
2022-05-31,135.31787507607191,278.41823513139695,8087.0354394467495,284.27783789764868,29.120000839233398,1710.394196625173,432.61433296192166,219.71494945303652
2022-06-01,135.69634468405516,277.37432061143306,8056.8246581123494,283.73237143536176,28.909999847412109,1722.2674197782867,433.63463817353676,217.26015208453711
2022-06-02,139.01282458962723,287.10848324147548,8268.2960811031262,289.70043196191449,29.240999221801761,1756.4960685267085,447.90517361858969,230.87906261717538
2022-06-03,132.44843824203863,277.11759552509574,8060.4069908016181,284.13866508416834,29.16200065612793,1720.9449741430287,418.19766130884921,216.89167670319196
2022-06-06,133.45144404211763,278.68934811939994,8104.6259867565568,284.88812246739707,29.510000228881839,1718.8998206200279,422.46023844295371,218.84600921001305
2022-06-07,136.23818545754258,282.00384630479999,8208.5399955043194,288.17066461149824,29.24799919128418,1732.3246452515259,435.00876274831899,223.34264467837841
2022-06-08,135.45981465801518,279.78581545158346,8114.7658499999943,285.55771905610163,29.069999694824215,1735.2705170885158,431.42725682071023,219.97978853232692
2022-06-09,130.35734398740024,271.80829086314407,7908.3631322422716,279.52927651263212,28.649999618530277,1728.7365400828867,407.43399471871021,207.82591002732943
2022-06-10,126.48361978820245,264.65246712658853,7749.5721235940364,274.58294629511448,27.899999618530277,1766.1397046598941,387.38428448086944,194.95643487758204
2022-06-13,123.13964061480249,255.45559948538792,7540.9341060468505,270.19322224468527,27.129999160766602,1746.2366972099651,369.63581700739564,179.00515751945204
2022-06-14,124.85207509930056,257.75827399755451,7569.1100978051727,270.99477466673085,26.840000152587887,1741.2139314598073,376.01825997398277,180.94599114233154
2022-06-15,127.05260576255135,263.55112258175313,7661.0785389333259,272.93720036665059,27.184999465942383,1742.8128999963922,386.4175059560468,189.52012764408082
2022-06-16,121.83262777467421,252.54016348773843,7401.7203853476676,266.02775871307557,26.551000595092773,1769.188848175299,362.89193276161905,173.96708646363339
2022-06-17,122.17846103626817,253.41399966068909,7354.4104276278204,263.31098048306706,26.516000747680664,1745.1648116276262,365.99661645224376,176.66625255841032
2022-06-21,126.49387177044075,260.45137861795223,7553.5188187732574,269.76922540887062,26.930000305175781,1747.77938713512,384.93385758832687,186.04052806467925
2022-06-22,125.86792584162713,259.77877077647173,7535.3124669299632,268.86531532474703,26.719999313354489,1745.4321219772926,382.29329029978391,185.28906520385249
2022-06-23,128.20007786202171,262.86169425502402,7584.8028030327823,269.93843032421069,26.531000137329105,1732.0886688189685,393.48807182796935,190.2392020973715
2022-06-24,131.89264572836532,273.00564764838447,7849.4577351026273,278.3847181705608,27.39900016784668,1739.8099416742059,409.66556807148322,204.12619456708805
2022-06-27,131.31821765969821,269.82371666319739,7792.2734066563889,276.59159599775035,27.325000762939453,1727.027289737762,407.88136395784846,200.25696262873294
2022-06-28,127.22860196070368,261.23816922124473,7624.6506800722627,271.79497729524741,27.489999771118164,1721.2159990626296,389.11197255910895,187.79228674760404
2022-06-29,129.58793084112784,262.90256564780088,7661.6003887722745,273.90331668514995,27.219999313354489,1727.0794887508653,398.87533106866687,189.16187451205633
2022-06-30,128.18916847612002,261.55446321427382,7651.7113449871713,273.9365485535252,26.739999771118164,1730.0380416549319,390.94803668733692,185.82846664678937
2022-07-01,129.87480045368733,262.49976260943259,7709.6189228896501,275.81222059107466,26.780000686645508,1719.3695698401002,399.23918399689046,187.72302807416705
2022-07-05,132.89767231250582,268.13225379230852,7756.1635298756592,275.97255435934522,26.153999328613281,1690.6628281496176,412.32652943789657,194.97849612422283
2022-07-06,136.47023647376568,274.46878053542457,7917.2047620154426,281.32902811932001,26.722000122070312,1692.8790334651983,425.42527499502387,200.85783393675561
2022-07-07,140.72310845395677,282.30331699976864,8092.8310417542179,286.52782071721401,27.166000366210938,1707.8634730726728,443.82370495257368,210.91938997570989
2022-07-08,141.61700052642823,283.11811040974072,8099.9337363852164,286.54699705558852,27.275999069213867,1713.2036351330548,447.69087331092277,211.79315769684615
2022-07-11,139.57811737984076,277.17090345809754,8009.6285761357794,285.04240465621587,27.075000762939453,1703.4039302505701,437.94070749025326,202.81772639591895
2022-07-12,142.19060031619006,277.72551499529868,8029.4001996802508,286.80607773055033,27.298000335693359,1716.6416804938024,447.65163503151638,201.23556547507803
2022-07-13,142.03373563604885,277.55135639042999,8005.2550162290636,285.16107942819133,27.125,1729.7728624960225,446.58925902036214,200.69403682553278
2022-07-14,144.94876310057313,278.55361592691293,7982.6018552184378,283.92164869860471,26.722000122070312,1700.2392021714716,460.32864418197011,202.13542022945774
2022-07-15,146.71136002762381,283.80552709123202,8141.6039546556785,290.04698472248612,27.266000747680664,1699.2387501845985,468.56350140831194,209.61568247409991
2022-07-18,142.67730983731326,279.43449918447646,8017.0111537928397,286.16562531067706,27.476999282836918,1693.8846705424205,450.87718951217892,204.62576311062605
2022-07-19,145.78445740219723,286.6408560263734,8199.1664665975441,291.62642942886765,27.996000289916992,1686.2197764803313,466.69133171950079,216.1654573302765
2022-07-20,146.50983016691092,288.73415357612822,8178.1838669634199,289.74345908064419,27.927999496459961,1661.758427863057,472.13935126440992,221.14292227380309
2022-07-21,149.43030057822958,294.2753136993768,8298.9504206072252,292.65008213594672,28.030000686645508,1682.6444440698222,485.13099038542464,228.57656744519375
2022-07-22,147.66291414865645,288.0317347722463,8190.7865918907773,290.32517761411884,28.0629997253418,1690.0363671140819,477.43311127806913,219.73377236024416
2022-07-25,146.87011694166384,286.9765548688062,8218.3235075159773,291.73925358443699,28.166000366210938,1685.3539521775892,473.10015320597142,217.67464934684017
2022-07-26,145.22184895052749,280.65772889842259,8103.8940450903656,288.83277960488539,28.055000305175781,1679.9105117933841,465.7078580633862,208.61507332003598
2022-07-27,151.60783821757738,295.27292669461991,8394.2652373009787,295.65695882533828,28.261999130249023,1697.1125506029041,494.23361813623518,228.37770034708541
2022-07-28,150.96106548045381,295.83155316554758,8430.7913743929075,296.28133758141763,28.614999771118164,1714.4188093329258,493.00089790909016,231.0254331712693
2022-07-29,156.17102004749739,301.72797228520182,8565.71665338198,299.90422254178242,29.170999526977536,1729.6341962433676,518.11226987853331,239.85040460875155
2022-08-01,154.96801407962047,301.07598111428786,8528.270671384942,298.87179135050633,29.045000076293945,1751.2309347133623,512.52962312191517,239.18787317474244
2022-08-02,152.73418565611621,298.62465354298695,8427.6478237887513,293.69948221681369,28.930000305175781,1744.1162808366782,502.77395791480353,236.5309370220896
2022-08-03,160.22585385871551,309.94878209335889,8648.6320287050166,300.52845851398394,29.232999801635746,1749.1676991570109,537.15015942220737,252.00879509218015
2022-08-04,159.88640759004002,311.338127142465,8641.0084776743552,299.73797875353063,29.424999237060547,1778.8570648635916,535.4949782396933,254.31664596113544
2022-08-05,158.25979939907899,306.0786110951808,8552.1642841579996,297.65492746965589,29.235000610351559,1747.8886673380275,529.67844817361583,247.96130151003686
2022-08-08,158.99379754557725,307.39653197483108,8606.3323699344055,300.31748024629786,29.5,1774.8725234398487,531.36042199657777,248.22135800816227
2022-08-09,158.62469898503599,303.11970739708914,8547.8195041798408,299.06429539352416,29.326999664306641,1777.1776986605244,530.20727336829145,241.96566447996176
2022-08-10,162.61214880584529,311.25908549268661,8721.1931597629482,303.5758675599763,29.485000610351559,1776.7185864369585,550.47256230702203,255.20942241088056
2022-08-11,160.43555717369546,306.70904207802801,8638.9936704678421,301.30621184797042,29.554000854492188,1754.4297024750713,541.89560830660423,250.0432166981077
2022-08-12,163.61979248454091,312.19768681331061,8776.1774111004997,304.55486530098636,29.631000518798828,1759.7641198965368,558.44711950048691,259.37875330510553
2022-08-15,165.62435603286957,316.57146204539907,8863.1018710554763,307.74224856747679,29.697999954223636,1753.1475806920278,567.06771249990743,265.12105078612564
2022-08-16,167.0089502149572,318.76490975176455,8962.6910294201825,312.77117687302746,29.795000076293945,1761.1722050638114,571.54393265921522,266.33138985333534
2022-08-17,168.33219925851267,314.85994642847305,8891.8385305934717,311.09575725836993,29.476999282836918,1746.8869504350268,578.58058147170664,260.03346432170952
2022-08-18,167.78929436206769,315.32185932113799,8905.0308315383973,311.15182085870777,29.62299919128418,1739.8496679415655,576.05222551708857,261.03974836732203
2022-08-19,166.7341601900373,311.94075440730188,8869.0867845097764,311.2726880908391,29.325000762939453,1747.1926760114754,568.04112280190964,253.10573631889102
2022-08-22,163.78189047577641,305.38293849626928,8727.4985277060678,307.13725713802404,28.774999618530277,1742.2630837442309,551.40666188292278,241.08480155596658
2022-08-23,165.02424059977236,308.06998175784349,8791.9794574847419,308.54923163460995,28.725000381469727,1771.9257888443396,555.02451257343796,243.00478633683102
2022-08-24,164.86515127050478,308.11189197270613,8793.5177729537063,308.40078126027856,28.850000381469727,1767.3481753649451,554.9859939286556,243.73997083198455
2022-08-25,167.2886632622172,313.49119549962643,8915.6832779812848,311.40846499810738,28.819999694824215,1776.8914028612944,567.28424588193877,252.30428778756459
2022-08-26,160.94667110844455,300.57577707551246,8613.6860501892606,301.78934507706572,28.33699989318848,1754.8394074327171,535.08745089433899,231.57043891223853
2022-08-29,159.26406660295598,298.58979707436606,8584.7428446171925,301.0635542586856,28.110000610351559,1760.4956369174542,525.8186986572307,227.75065783715004
2022-08-30,155.64657548335978,293.04316191862068,8426.8767806362775,295.95110309453111,28.055000305175781,1733.86933524817,509.88170151365006,221.00270903415128
2022-08-31,153.82160646268468,291.01858820932949,8353.483951735343,293.4032975521402,27.660999298095703,1721.8844677151153,501.19493489295508,218.19244161173489
2022-09-01,154.33028105769526,290.7392759394051,8368.2803440344069,294.30326929107821,27.261999130249023,1702.650895513757,504.03024896049226,218.07765708921221
2022-09-02,153.55619375828468,289.12932121643831,8351.2312423905823,293.778069269784,27.881000518798828,1730.8511505226884,498.04207025013579,213.76217492877458
2022-09-06,152.29624692857806,287.05559484055613,8317.5425898350659,292.32033810001764,27.575000762939453,1721.1218480175353,491.90985290143965,210.69371071040939
2022-09-07,154.54845755514859,294.46033787652868,8516.7826201687149,297.81152230033382,27.579999923706051,1745.6137784357193,501.47289025018057,220.40820868251024
2022-09-08,151.56522040392954,293.09246550612244,8490.279081968074,296.67973122250118,27.64900016784668,1720.9396266727413,489.40506383002906,220.51588661781042
2022-09-09,154.16899713014666,299.01216321074946,8606.6395016268616,299.95658511860245,28.063999176025391,1726.5255371464611,502.41519029034492,229.78286979702011
2022-09-12,159.16162617115353,300.78188290760926,8646.4289164429974,300.30651755315847,28.586000442504883,1728.2591056314322,528.30198510166235,233.8578681563325
2022-09-13,148.96195716068974,282.65590307685193,8225.3347240514013,286.77053304883469,28.194000244140625,1695.4343419412944,479.0350814063147,207.01449977552872
2022-09-14,152.60796490276033,289.1087731634521,8377.4523470132572,291.31681144023258,28.08699989318848,1712.1762810836426,493.08260279168269,213.40706140995044
2022-09-15,149.68918107402115,284.23738420809275,8281.8295346115301,289.67196908255704,27.805000305175781,1679.9837625515547,478.98574114633999,206.25797319724532
2022-09-16,147.98501814906891,282.37804092457344,8218.9548411112828,288.15667533476886,27.444999694824215,1685.4697550229273,470.90890816556225,203.64803973431935
2022-09-19,151.18175654748057,283.61062479095688,8247.2982868811541,289.13581297140269,27.371999740600582,1674.4576458996146,486.96721406071418,206.11748410960891
2022-09-20,153.43927255335163,281.14681815783058,8148.5304720026134,286.01133140974167,26.98600006103516,1666.1701537114241,498.05036697517977,202.68503670720642
2022-09-21,151.21600277184601,277.74100575782143,8056.8277556667481,282.8159516485992,27.25,1680.6097889061837,485.75694256291575,196.57905577961264
2022-09-22,152.39278386375287,278.2312767265401,8103.1338128803745,285.61956340439156,26.753999710083008,1710.0485216849636,487.96668178913404,194.47215788274667
2022-09-23,149.92275849471594,273.39981401920198,7954.9152815918133,280.88096223562633,26.159999847412109,1682.2552103754851,476.37165386639128,187.93228604279625
2022-09-26,152.61291383960122,276.52890346941774,7995.8635715719383,282.248585577911,26.100000381469727,1685.6687472277315,485.46626827276617,189.2933358777934
2022-09-27,154.67188904186881,278.54321992380733,8034.3114926318804,282.81174960098252,26.045000076293945,1700.1754623926431,493.62077030427224,190.74874255390625
2022-09-28,153.15302944681457,284.8986407107991,8216.3321624240089,288.90976486698105,26.079999923706051,1740.2737063174566,485.64200344703937,198.90619077677826
2022-09-29,143.95046443278051,273.49420277130901,7951.1258945910431,281.22704018576081,25.680000305175781,1718.7581362765932,444.67142358729041,185.27615220054645
2022-09-30,137.90208218196574,265.53666190899446,7734.9783959477199,273.08716994179576,26.045000076293945,1700.9924380541497,419.39130195004225,176.782571912018
2022-10-03,142.67806484775315,272.7893622440983,7965.12623555144,281.26163302931542,26.163999557495121,1738.0313913985322,440.38910418369926,185.77408002715595
2022-10-04,145.74779384939168,280.23911237712844,8176.5600508357638,288.06989553619377,27.280000686645508,1760.0568669927279,455.4835508090477,196.66496411970209
2022-10-05,143.81989571078407,275.8188934969948,8036.4074692746672,283.34952743184147,27.020000457763672,1723.5017111003535,449.91904454845672,193.46000192366196
2022-10-06,143.92398990684148,275.671923635322,8014.9639108300944,282.08979163149735,26.811000823974609,1736.2528834524294,448.7431664592213,191.82253551098734
2022-10-07,140.3664904474395,268.47123143939524,7887.8374591502443,279.62915938965466,26.520000457763672,1746.1355726893505,429.30992333726329,179.41177356406953
2022-10-10,141.47805440651024,267.26275854590813,7872.1829680821356,280.21191281924331,26.391000747680664,1720.7989463553381,433.21807733530773,176.80079714633996
2022-10-11,140.38706990760969,264.26840764400811,7841.0968171983004,281.2494380714777,26.347999572753903,1736.3440136327481,427.6503488349897,172.38473985822228
2022-10-12,139.88309556099938,264.4472610941221,7823.472828770924,281.41109159348792,26.291000366210938,1729.3515317299227,425.12952034432436,172.44232414877692
2022-10-13,144.46852420859327,270.43125724682949,8021.1913180181236,289.26894490460199,26.559000015258789,1727.4440741694677,446.20456614787122,180.38532785489483
2022-10-14,139.18925791963517,261.13659176991939,7796.8670118900745,284.39932288649283,26.798999786376957,1690.9470892297661,422.73824762529847,168.78773464310973
2022-10-17,143.41881371917762,270.09104931046636,8013.1738063724642,289.77558731940513,27.291999816894528,1708.5286091599128,441.74723759992747,180.15593604158161
2022-10-18,143.19482367275739,269.26810331927476,8016.8214015038693,289.86180415014678,27.415000915527344,1681.6304907796307,443.11307085101151,181.01623566877618
2022-10-19,143.05041911693883,267.81064004357529,7949.1958903227196,288.28718480725121,27.319999694824215,1656.7519085625449,442.83545718454417,179.37748854576256
2022-10-20,144.00496147829793,269.10145867925792,7965.5388899864101,290.16704599736391,27.495000839233398,1675.9360532238413,445.05978744419428,179.31781580573022
2022-10-21,147.71375750162846,275.06157371166182,8144.3213103087219,297.20981105334658,27.274999618530277,1693.7489134490097,462.53587892779308,187.48864260588527
2022-10-24,148.66610887038149,275.79788978423363,8173.2350098192646,298.71636046810153,27.707000732421875,1677.5715765454499,468.91324511807358,190.03617447229882
2022-10-25,151.13601466226154,280.75079267851544,8284.0412202474254,301.17124846263295,28.25,1677.0337936190224,481.22535947526325,197.36947405557672
2022-10-26,147.02118947256903,272.41921549102142,8159.2126270020281,298.73361837533241,28.379999160766602,1675.2759811985466,463.43758228107413,187.18496996895806
2022-10-27,140.73127908269234,264.06186730950935,8006.7079287069246,296.86538161914194,28.229999542236328,1650.4263223105011,436.64089069080183,178.07792321438669
2022-10-28,153.2489246077306,275.53138920780714,8306.8551396861858,308.17812476081139,28.309999465942383,1650.1127592805205,492.17898297536794,191.32985578040839
2022-10-31,151.08133023161741,272.67769103822394,8255.8493166243989,307.48513312069662,28.302000045776367,1648.1160340163706,481.42026310656951,187.12058799085966
2022-11-01,149.46233291805515,271.7669348852487,8279.1979159884031,308.66665026776042,28.596000671386719,1668.6714580412281,472.00929416940068,184.57039881121503
2022-11-02,144.00897686283119,262.67463059927053,8079.1085177737277,304.14956739471728,28.368999481201168,1670.3939361281921,445.97569647836013,172.06340605138888
2022-11-03,138.79452923342049,259.20966927542014,8046.3426289787967,304.69807333312849,28.211000442504883,1661.7404282780246,420.31031384400143,166.41073182558526
2022-11-04,139.44459641997864,265.12912427061781,8211.8399955004425,310.81708058823153,28.988000869750977,1719.6549607465597,421.86688119335133,172.9055528103811
2022-11-07,137.46248923926237,263.20682251776645,8141.337579437356,309.23791477615868,28.99799919128418,1692.5491564902406,416.67868330452899,173.51861544656646
2022-11-08,136.79877395219555,262.74780158586617,8113.5807030736869,309.5353697657373,29.114999771118164,1712.8082168048509,415.528796006324,174.4691160573862
2022-11-09,131.44220231047908,255.10041260920096,7897.6691491963275,301.71757247859261,29.058000564575195,1699.9561895400752,392.40496565621578,165.38983584262894
2022-11-10,144.01307031839866,275.59997991671145,8387.0934279817793,314.68605703415989,29.635000228881839,1750.280183290942,447.49764010263488,190.95888205214376
2022-11-11,144.30098839068435,275.92278982879009,8321.1760925152194,309.84044881213225,29.791000366210938,1736.0292065669391,452.63059918542012,194.64163273881621
2022-11-14,141.04565663579294,269.89808219253973,8139.8151278990354,303.92244884909968,29.860000610351559,1720.376781883464,440.30117899595416,188.71080133577186
2022-11-15,142.84800283904306,273.87893265105123,8218.7333755523941,304.5941843515775,30.013999938964844,1721.8258946693782,448.54289955482761,194.1079828488983
2022-11-16,141.13024413250795,269.13428059045168,8122.4178291010294,303.33315578688257,29.847000122070312,1714.4462076837715,441.28772084425185,188.10566845111478
2022-11-17,142.45000697823744,267.58066767913232,8070.063685332756,302.27616778824972,29.698999404907227,1696.0059486463656,448.26617186085412,186.60613907300194
2022-11-18,143.44802145593303,268.44956585605598,8134.7524486749253,305.01088811290498,30.003999710083008,1693.1537975860231,452.25712785422911,187.21866629153826
2022-11-21,140.75683305204851,266.48082743666015,8128.2671163531459,305.63106030726783,29.975000381469727,1683.8805758380906,438.8553002534594,183.91393561466452
2022-11-22,144.00822645653273,272.56702233897624,8307.3752877497081,311.74775643945594,30.069999694824215,1698.1772464896717,452.23637098310923,190.78530954814767
2022-11-23,143.94294095218189,273.55662099115722,8303.9452717049626,310.67013720688414,30.177000045776367,1692.9351044896357,453.36292139151061,193.38065585530063
2022-11-25,139.80714902812971,269.22399752879096,8224.448240849877,309.18732339405489,30.339000701904297,1685.2255616199338,435.93672117728175,189.05762405675495
2022-11-28,136.66799886350478,266.31174900795259,8129.1799092390602,305.85232622195946,30.128000259399411,1678.6065253268603,420.4012735940907,184.22758689983993
2022-11-29,134.0620019498831,264.8575696934563,8134.1993976126432,306.49334485149399,30.12700080871582,1690.0034363203924,407.93017232027779,181.82412809049643
2022-11-30,140.86311015887875,277.49576171673391,8405.2499687673844,314.07724859245394,30.450000762939453,1691.1231211647676,438.55658398755708,198.80574621532926
2022-12-01,139.76425102919575,275.1484929084603,8318.0870300011866,309.47540112705838,30.554000854492188,1741.139829860678,435.54617257918704,197.36568998571306
2022-12-02,137.92946824458664,271.36965810223865,8227.4731776246954,306.73950098959671,30.500999450683597,1718.7761645312207,429.101467723756,193.87662355563506
2022-12-05,136.62379910965433,266.41616876409819,8068.2758588254019,302.09630276817546,30.297000885009769,1689.3671165426658,423.32928880262119,187.08856584769211
2022-12-06,133.75720013655166,262.07062029027907,7988.2070379530514,300.27043317905782,30.229000091552731,1698.0212845260291,409.05303310076812,180.14296035715671
2022-12-07,132.26506679596079,261.69659884379979,7994.776373561368,301.05312670411655,30.232000350952148,1717.4497077730091,401.66290800241211,179.14846452366331
2022-12-08,133.30638110659066,263.67928011284516,8022.1567913497429,301.58598324556988,30.132999420166016,1713.5506456397209,407.25154193656579,182.61699304127796
2022-12-09,132.26472265001718,260.84661268811345,7928.5305254430814,297.51957160948763,30.221000671386719,1714.7329678217168,403.37294934611322,179.49583113076608
2022-12-12,134.91091958059863,265.06047622004024,8070.4092548542621,303.25225215018656,30.110000610351559,1703.3481831665738,414.76055874033665,184.65644375907272
2022-12-13,135.57439128481886,267.41365944698731,8114.5048582774361,303.74813401526984,30.538000106811523,1731.6876463012995,418.2041912711901,188.2771264927419
2022-12-14,132.40165877614612,263.31018478996015,8002.4908879379327,299.91937747545154,30.471000671386719,1711.451269832919,405.19473785423844,184.00334291519687
2022-12-15,125.61065363223119,253.28472128476545,7767.3005898077581,292.01285891007439,29.516000747680664,1674.5428431027397,374.96351063249671,170.84804132066171
2022-12-16,124.19569995350635,251.71351038264834,7707.2063616757878,290.27714652221891,29.23600006103516,1691.8279524308336,367.99726731296556,168.15380312250167
2022-12-19,122.86091165691803,249.47785152799671,7678.3588891600539,290.38946294731915,29.301000595092773,1698.3410414994485,361.09950188711622,164.28470629357264
2022-12-20,122.45410801851135,248.58970285683353,7665.2078688172569,290.46568463119314,29.218999862670895,1719.7093232499553,359.80867861799408,163.57233615679772
2022-12-21,125.2232776731301,251.90133184244038,7771.1818838557292,294.73839584823401,29.840000152587887,1717.7013230478472,372.2237789329775,168.12144169517302
2022-12-22,122.44128363058655,246.13026949411147,7671.0731721566945,292.2526543810489,29.520000457763672,1692.0702657639338,359.52296447859885,160.1501128699833
2022-12-23,122.17636939136239,246.84083834923155,7721.2158388832568,293.91726280698276,29.48900032043457,1701.5408632404085,358.24173889463952,160.97286284118348
2022-12-27,120.06305681425418,242.5071808094971,7663.9095982204126,293.28651164927209,29.781999588012692,1713.4041037838635,349.56790163794659,155.87875137949615
2022-12-28,116.41233104810411,239.37413334510802,7574.0284004374262,290.01668343587244,29.568000793457031,1707.0335871987118,333.57386934230988,151.80625789276229
2022-12-29,119.79876323142518,245.39159500707791,7713.0179248226486,293.31537822961616,29.83699989318848,1717.9009127162769,348.00514970937752,159.32551545772731
2022-12-30,119.739681409406,244.51956012420149,7671.1465200056182,291.80569677267562,29.388999938964844,1713.0121186802294,348.26188131299335,158.66394519519889
2023-01-03,115.07776208324198,242.48084852311837,7628.5989981596758,291.24551607905937,30.055000305175781,1728.9280415705232,328.19974976193731,156.27021624419945
2023-01-04,117.7072357203739,246.65900982927869,7781.8649526756226,296.05207348692142,30.732999801635746,1762.6107942237572,337.41250685861831,159.71665117651156
2023-01-05,115.80556719458926,241.43536439966263,7649.3216539376599,291.43427462644695,30.711000442504883,1735.3729955635797,330.18227476568666,153.84796334838171
2023-01-06,121.02670223762603,250.08338994203481,7886.7502538894596,300.06459147248637,31.163000106811523,1776.9067277421309,351.19159822037284,163.63904945628798
2023-01-09,119.99228563898312,248.5346750235928,7782.9843068239434,295.41611057489439,31.440000534057617,1762.1462605261427,348.89894513235976,163.67161734681537
2023-01-10,119.66392196406636,248.84354706487275,7781.1765654517567,294.99768704837055,31.173999786376957,1748.3163113791559,348.71601173857067,165.25048083316108
2023-01-11,122.12474711330357,253.0127634170511,7877.1040755927661,297.05139234905414,31.434999465942383,1749.6130342063218,359.5663132072421,170.87648986490925
2023-01-12,121.74483234520066,253.74091701900173,7885.0821926181043,298.2584806231215,31.655000686645508,1763.700461601014,358.34025286527475,172.2894378868516
2023-01-13,121.9096573752427,253.26977664337525,7848.1883342339697,296.56938810209931,31.88800048828125,1769.4821484728868,360.62269364105572,173.14465410702249
2023-01-17,123.31904548732184,254.4892147701957,7854.0430783983775,294.03011192881064,32.106998443603523,1763.5061932503688,366.37508932546945,174.33058469279729
2023-01-18,123.07529674733487,252.03774783155842,7758.196227712956,289.64870589324175,32.130001068115234,1766.8355211676324,364.66389602195119,170.37724084373284
2023-01-19,123.07801988452948,249.45657843719999,7696.6686232652701,287.49209220331079,31.565000534057617,1781.7430378975428,364.752752950081,166.9592272693105
2023-01-20,125.02651813576405,255.43113427199464,7816.3574107736249,289.41558694207384,31.716999053955082,1779.7865274666267,374.02109887095685,175.51191867803635
2023-01-23,127.59729163704287,260.35607564737921,7886.5237350410716,290.74692746158564,31.881000518798828,1775.0447631235704,386.09385928520447,182.78388475805193
2023-01-24,128.77208179155096,259.60433930299195,7874.4155918131273,291.30418817415182,31.933000564575195,1779.7939148990936,391.58960511844816,181.88325765195822
2023-01-25,128.00368571606563,258.69858881000221,7863.0468981749773,291.12350072079698,31.913999557495121,1784.1420813763275,388.33373830871784,180.84550442408585
2023-01-26,129.49551531477056,262.92412959080207,7925.4982684044107,291.97515757901874,32.143001556396484,1767.0693893410551,395.72506311208764,187.31449193448449
2023-01-27,131.60019748521486,266.21424344604696,7965.5458050148636,292.93065957960857,32.159999847412109,1770.9964249573691,404.87122001087704,191.52777504382544
2023-01-30,129.23043480453939,261.382978578755,7879.6074177505734,291.34554332090812,32.095001220703125,1768.7603968490855,393.50743112555494,184.17128379249445
2023-01-31,130.64574693959344,265.8077783644477,8010.4366955673022,295.16791658124794,32.097999572753906,1778.227243413751,399.59541732235715,190.05435053342055
2023-02-01,131.5536249579209,271.235288403693,8086.5593319066766,294.92388294668871,32.060001373291016,1788.7942759946052,403.94931266769447,197.99518224681154
2023-02-02,134.54751192054772,277.0943778312992,8092.680673504181,290.48050442453922,32.490001678466797,1753.2243375098099,420.52480219720275,209.28019798049331
2023-02-03,139.19202893084974,274.85849948654777,8088.3709378848553,292.10060733183917,32.777000427246094,1720.8422198712221,440.22218860755112,203.83543913767724
2023-02-06,138.14393697944692,275.41919642122303,8124.374601898734,294.75818807955915,32.356998443603523,1741.7515180847261,432.91925984479059,202.50867443309744
2023-02-07,141.59104285474012,282.69995371943133,8275.1884578972349,299.07102656433545,32.326000213623047,1756.4452044065856,447.91094364327193,212.08124561757845
2023-02-08,139.10496737549286,277.70005362887019,8184.5404394678708,297.26086484580338,32.249000549316406,1762.1134347819275,436.09259611554018,204.55892878817508
2023-02-09,138.32294168545428,275.60315307087114,8124.0477263630373,295.59470281601733,32.581001281738281,1753.016285763679,432.13203160717541,201.20410854919177
2023-02-10,138.32090773261271,273.11952031718442,8123.4706692317459,296.30957794268699,32.301998138427734,1744.9720501664135,432.6550352530773,198.07366093795568
2023-02-13,141.77456225865558,279.17200134507578,8267.424505834244,301.46343354267157,32.681999206542969,1745.2236867313095,447.55077081046073,205.65457132110532
2023-02-14,140.48215463318297,279.8535185030475,8225.5130780702566,298.74796785540974,32.744998931884766,1738.4223270166353,442.53012749933515,207.66878044459304
2023-02-15,142.36504180540172,281.85824072422866,8246.3218002139492,299.05555613543032,33.119998931884766,1718.8415734172318,451.53623224308501,210.74656111197504
2023-02-16,141.45953660294421,277.70659131291075,8166.8053575378735,296.53241424585588,33.41400146484375,1731.9884971349875,446.29996868832836,203.67161006477335
2023-02-17,140.73419800974284,276.41931824722803,8165.581119660761,298.53665545817438,33.311000823974609,1734.7104796701942,442.32335129869153,201.286917124551
2023-02-21,136.76323888983555,269.44912367508437,7989.3608688359891,291.86247291248264,33.104000091552734,1724.7641802783569,423.95156459102014,191.45335502691401
2023-02-22,137.55343759921743,270.42558820925802,7999.8524187590856,292.05612053333465,33.064998626708984,1728.781826038075,427.01671066430777,192.29080442330871
2023-02-23,138.60731344429391,273.97595155917418,8078.1905192129343,294.34915705018653,33.146999359130859,1722.4531922907502,430.99396481546779,196.50216016486431
2023-02-24,136.21121567841399,269.5856167523051,7999.2656938971713,291.41157580177105,32.549999237060547,1714.5610025863054,419.66040499061285,190.06064992186955
2023-02-27,137.89789691023455,272.62981533826684,8057.7494202884982,293.44518850464084,33.057998657226562,1728.9832422122818,426.59467928643352,193.57351142635343
2023-02-28,136.691460281639,270.82893825682561,7991.3635859114893,289.6755008580746,32.895000457763672,1730.9060881280134,422.13105778560413,192.04590532299818
2023-03-01,135.17595101483283,269.51257053789692,7979.5814748069679,290.98625408406957,32.759998321533203,1744.6781610050389,414.4343769693092,189.56359294202989
2023-03-02,134.568322406036,269.40912771049227,7972.2516671400499,291.52189008909517,32.993000030517578,1725.1006143406335,413.41974909866815,191.04620897086264
2023-03-03,140.19982500534206,276.77430052745819,8154.5552531012063,296.77317588312695,33.28900146484375,1749.6667894778275,438.02163268331515,200.24451662560296
2023-03-06,142.44333436842038,276.39808371281538,8140.1428132948258,296.45027363992256,33.418998718261719,1745.3084744910871,449.08115759046711,200.19893256426582
2023-03-07,139.56241721521923,271.42092478044884,7969.0101641531028,289.61067497061129,33.243999481201165,1702.7919366675515,436.76232196484278,194.15256208043513
2023-03-08,142.56668320036698,276.33350288850147,8085.046695764473,293.04810945234283,33.189998626708984,1723.6690243949286,448.01751154574299,198.64897709985121
2023-03-09,140.4566646812624,271.57724923309945,7938.0351078689246,288.25532140892966,33.158000946044922,1739.0356169324587,438.04537743260579,191.7876293479496
2023-03-10,138.04704153770732,266.87347587122957,7797.7186281160148,284.31843672250608,32.705001831054688,1764.0557998686577,427.50078993720041,185.7813549101171
2023-03-13,138.58287194552344,266.36272334629012,7714.0233704362772,280.88341873750011,31.780000686645508,1793.8632221137655,431.96947343643495,186.79087032439514
2023-03-14,139.99338208479,271.4328022069202,7812.7289963721505,282.75770060680526,32.361000061035163,1781.7231979713656,439.39742946503236,194.62222729759557
2023-03-15,140.32572068197271,272.78941474790952,7756.5491692364858,280.36281231348642,31.200000762939453,1800.2999485165647,441.01629521908404,196.61567083464516
2023-03-16,144.89807828621906,283.79774860466267,8001.5559248345407,287.48505293050954,31.815000534057617,1817.0042855561087,459.5647299539425,209.8035694526001
2023-03-17,143.6898881497647,281.63751826330861,7890.6200949911054,283.19086464503113,31.420999526977536,1859.313238724088,454.48315530124626,207.21798388988745
2023-03-20,145.03044840112378,280.92398889805872,7912.8149279426498,284.83274382782992,31.801000595092773,1856.7533834564645,462.22057013931328,207.42389088648892
2023-03-21,146.21103300724999,283.86521918181001,7985.9981723496321,286.68521630587975,32.270000457763672,1810.8715263216016,468.73319099670715,212.54697837416651
2023-03-22,144.13922064242593,278.57356066025051,7814.9567303250633,280.45436970331656,32.349998474121094,1809.5016756315081,459.96858071442392,205.70937086784372
2023-03-23,143.85990705300927,279.38356611753414,7769.6092896983864,278.5465106715331,32.381999969482422,1836.0883077563517,460.66594172924636,208.72527666487383
2023-03-24,145.52779839159081,281.32621638764215,7838.9522224685488,280.74403365347854,31.813999176025391,1830.9086494214778,467.92613299979161,210.94726837032292
2023-03-27,144.49723112479191,280.87309781884375,7893.2955197078518,283.96781249623268,32.105998992919922,1812.7356557841674,461.72111219736735,209.15465499095728
2023-03-28,143.53741588145729,278.63442106444018,7859.9917433197397,282.77207108298825,32.157001495361328,1826.1190578171681,457.73775437201249,206.37961436263728
2023-03-29,145.93990684327875,282.86572184361586,7948.0359724438422,284.7726480446338,32.540000915527344,1814.5636510625002,469.9151259308631,213.2655244823319
2023-03-30,147.32730626738342,285.43475127249536,7991.5088534898787,285.88315864692231,32.970001220703125,1826.2327355078435,476.70524233568983,217.22025396886247
2023-03-31,148.79490675194478,288.5581391077742,8061.8179300251231,287.86641308871515,33.224998474121094,1805.6518008287089,485.16194565256103,223.18956131478515
2023-04-03,151.34704339147225,290.55627616897999,8167.5329118526424,293.44005949796394,33.325000762939453,1851.6503068967215,495.36930121451093,224.18746886905842
2023-04-04,149.34931141707025,286.68549964430349,8039.8606019398112,288.80716356968935,33.326000213623047,1867.806368277817,488.03370031376642,220.45215384482606
2023-04-05,147.0185746078177,282.61619492619258,7985.8172106317552,288.30427138211718,33.175998687744141,1857.2813430667788,477.67447301120632,215.15607247046822
2023-04-06,148.59617252103726,286.00290781517424,8057.8050110721324,289.87448550717193,33.254001617431641,1858.5128001376718,484.11966496096085,219.19256619650059
2023-04-11,145.56684237321633,284.89530453108813,8090.9226859741339,292.51801048799422,33.514999389648438,1857.5203717892391,468.60222948193206,216.81052209333441
2023-04-12,144.29358036982754,281.13249086699682,8022.0786875773138,290.97643321024964,33.5260009765625,1854.7274101688868,463.48794738626543,212.04015685097548
2023-04-13,148.09698227351066,284.49091177265217,8068.8533558344916,292.0231966245662,33.929000854492188,1868.473178455806,483.54904405102735,218.6943032790094
2023-04-14,147.05236410982567,282.55056706478905,8012.3220621314213,289.27146223035021,34.108001708984375,1823.4926843029311,479.62966025372623,216.79365313937359
2023-04-17,147.98063719147484,284.54063654044904,8088.728743493135,291.9900935578288,34.027000427246094,1826.771401088841,482.68657956033974,218.50542588797146
2023-04-18,149.92654322651279,286.15294418155059,8140.9979481439623,293.52229889055747,34.201000213623047,1848.6313086935302,490.85510135281299,219.75736865814525
2023-04-19,150.28346514506967,284.71524819975798,8103.2253306191133,291.48866329279014,34.261001586914062,1828.9112751006917,493.72606343642246,218.55033337654581
2023-04-20,149.7213285605425,283.14294263301184,8072.9294886440139,291.20995907745828,34.229999542236328,1843.5593836181611,490.43296918233307,215.67355632912853
2023-04-21,148.003624438381,282.95403419789517,8066.5557075940096,291.00840816244028,34.380001068115234,1814.3406783011033,482.41206883699323,215.75425928086059
2023-04-24,147.99373863055425,281.81597759718971,8057.7517415165794,290.993179254366,34.412998199462891,1819.2781865193158,482.83210097913343,214.43765277223775
2023-04-25,145.7061970398758,274.81907663380429,7882.4810338176258,286.30424901165532,34.312999725341797,1812.4689215631006,473.10489663654869,205.09309211025817
2023-04-26,146.77365393521472,278.52840696053846,7910.2552148931327,286.37232115856233,33.998001098632805,1818.1164423745663,476.55632944787692,209.11435123776749
2023-04-27,150.00010618171839,284.31777684832809,8014.9308554146,289.07399959340177,34.137001037597656,1809.4948245044964,493.75601039592698,219.11144360677861
2023-04-28,151.33995256070307,286.67454029471321,8093.102236320573,291.89547967318731,34.222999572753906,1812.0841130654944,500.03067286684058,222.44139238015453
2023-05-02,151.18384788321504,285.47353256752274,8042.1144490449378,289.98585582373278,33.691001892089844,1844.5213216257441,497.82673821625792,219.30842336012091
2023-05-03,149.63769395348214,282.53210318664117,7955.6994199827595,286.5213988403986,33.858001708984375,1849.9830886226589,491.1318291579542,215.61900257748613
2023-05-04,147.37775801892201,280.05925588953198,7857.7450056476455,282.64815307828906,33.576999664306641,1857.1810649276579,481.29274939351791,212.97471585591884
2023-05-05,154.93764933702849,287.20523793240011,8036.7580588192413,288.45355154735171,33.976001739501953,1836.8985923846146,517.32114309398889,222.95449418989574
2023-05-08,154.93488616850385,288.02794549382367,8043.6244391513874,288.12776269872046,34.060001373291016,1845.2305987924444,517.20751298736445,224.14579735328886
2023-05-09,153.70439010037802,286.79030609706109,8023.7698054179255,288.33176272363511,33.956001281738281,1857.8337303131286,510.51599717417076,221.76012902085319
2023-05-10,155.75183067576896,290.74318179075442,8083.0964354321286,288.91819540537426,33.759998321533203,1857.8759966613873,519.98399899846925,227.23678132512003
2023-05-11,155.64707780977827,291.17608916509357,8056.8467883837584,286.55124630199873,33.868000030517578,1839.4834333774795,519.91839004571636,228.31462778973832
2023-05-12,155.8240843036165,292.04382237659212,8098.9387355222234,288.32728282147326,34,1850.9651211506166,519.0920269432329,228.17071825620567
2023-05-15,156.22369924456572,295.23363146923163,8168.5044360099673,290.40261988760432,34.066001892089844,1863.7763227240368,519.66713351943019,231.90518110640653
2023-05-16,155.92192267913182,294.99694458885261,8101.1513297890415,286.87176021720938,34.004001617431641,1832.8625139532635,518.66329502705878,231.98131747690843
2023-05-17,156.59943368920577,298.78840648208518,8205.1371711208049,290.78590592886303,34.011001586914062,1826.762987555491,521.852097587054,237.77290372115297
2023-05-18,159.13968972699107,305.1050090498494,8305.0029960852917,292.7823047067136,34.228000640869141,1808.2094461597753,533.89207597746019,247.22690139180099
2023-05-19,160.1699504528016,306.19592793850865,8341.6509923932335,293.48797009599895,34.423999786376953,1839.004175877619,537.51715995747713,247.55055205660526
2023-05-22,158.59523281605001,305.88008583094398,8307.4018485088909,291.07601960043735,34.459999084472656,1826.8931297684699,530.76602551060591,248.12286959677525
2023-05-23,156.36076366843307,302.32947585401723,8223.2198798495356,289.38661602066475,34.023998260498047,1826.3729075058425,519.26176257334873,242.09398963493564
2023-05-24,157.21704187235986,301.93301808255194,8194.5180934548371,288.21274679169551,33.442001342773438,1824.1899359208012,522.53076508737092,240.5299122878597
2023-05-25,158.45156268527211,309.63637012419258,8276.0797766816759,288.31613860541296,33.338001251220703,1806.8634435925082,528.38431623457404,252.52622342215957
2023-05-26,161.17913246421398,318.5212139778659,8410.3626622873908,291.92664147040756,33.76300048828125,1812.9625098470942,541.21768680642742,266.24422503180921
2023-05-30,163.1523026985239,320.46675552345272,8424.2326046809685,292.10091910217528,33.394001007080078,1828.5958902920027,550.73240675156887,269.07978477843227
2023-05-31,162.72030979776758,317.8904607748654,8354.7026527644484,290.52805854045812,32.900001525878906,1829.7655509476206,549.19672886868102,265.39019523741689
2023-06-01,165.91308406933615,322.70172863267948,8468.4541242851355,292.81345749608244,32.977001190185547,1865.7925544928526,564.38798341149709,272.48353784338315
2023-06-02,165.68910166755606,323.13991121773677,8539.653488394506,297.29851953122272,33.701000213623047,1830.3492512243813,564.96543521318756,274.88466323641262
2023-06-05,165.39015291176159,325.24669822888973,8572.21751437075,297.31007092976188,33.381000518798828,1845.3782206398398,561.79495213858013,276.87171182838534
2023-06-06,164.84633776214403,324.79165180974047,8582.0415798065096,296.97964990627332,33.450000762939453,1849.8293904052966,559.36970114848282,276.43761169772716
2023-06-07,163.77799179935576,319.69182319083882,8560.5708202861697,298.24583234577716,33.404998779296875,1830.6143766116388,553.57241206265257,267.40112935452822
2023-06-08,166.16494137419824,323.37634740925569,8606.9686383467833,299.43375967985935,33.483001708984375,1847.8739138896099,565.91710274819263,273.79941505384642
2023-06-09,165.36129542313,322.34632493989352,8556.9340234526626,297.74697847996492,33.451000213623047,1833.6750057129755,563.78698154190101,273.96666462662472
2023-06-12,168.44351411545574,328.76147196102613,8662.2262504609935,300.29904660991104,33.636001586914062,1832.116408905463,578.71702866542125,284.06188670702818
2023-06-13,167.81572879840604,330.91723379655139,8712.8686792453664,301.23816929864034,33.859001159667969,1819.754807612966,575.80526389870045,288.10481192429302
2023-06-14,167.99019751044167,332.50779989574357,8700.7473483448139,298.57260990842536,34.014999389648438,1824.8552437905228,577.40662250843036,291.57828845042309
2023-06-15,169.03021798945383,334.80359994445803,8764.6307886699906,300.89039488194948,33.817001342773438,1817.4780287224655,584.19841404633155,297.04867080640889
2023-06-16,166.45999690485658,329.56906651367382,8650.5154755537587,297.15710444867506,34.321998596191406,1800.8489405559301,573.61969136548237,290.55268983426186
2023-06-20,166.87098813385589,329.74932461047729,8626.6538416588173,295.5840274920119,33.839000701904297,1782.9051829168818,575.17586130064581,290.29487215347018
2023-06-21,165.9837690893537,325.3728617418663,8585.067453043006,294.79600671086365,33.708999633789062,1780.9838892770827,570.4850597773343,282.48459458644504
2023-06-22,167.61743577987073,327.04757197229759,8561.0316906819226,292.78041176663874,33.450000762939453,1749.989757399479,580.78263388549169,287.24961047336336
2023-06-23,167.8456572640363,324.80207723380676,8521.6914209134229,291.79485118832321,33.241001129150391,1760.7599908408515,581.07496773449247,282.42097012840571
2023-06-26,167.37566157575449,321.98263210283676,8524.2507761625384,293.174955261013,33.370998382568359,1773.0433036669192,577.24290577265685,276.16532646522711
2023-06-27,169.83684976160285,327.404438673507,8618.8876180103653,294.88937580566528,33.514999389648438,1763.2588528397114,590.07582908949576,285.56232765647331
2023-06-28,170.18247190228885,326.64401101659831,8579.089476298157,293.11198362415189,33.851001739501953,1754.2765353309576,593.13567925530219,285.45403635249176
2023-06-29,171.13457623997897,327.22577116697852,8651.1539889890319,296.4216279603869,33.970001220703125,1756.9882771065088,596.98885881859542,285.38860790465162
2023-06-30,175.85842695939039,333.73337820305534,8796.1390230129891,300.07309786674301,34.372001647949219,1775.2988319100941,620.39391581042548,295.48433762099017
2023-07-03,173.85790542781004,333.30869417056704,8775.013164547112,299.17840303444484,34.379001617431641,1768.9655682840798,610.93036935835812,295.80169218902859
2023-07-05,173.19533915127172,333.99038764291356,8776.9750226564465,298.70042728279788,33.972999572753906,1770.4266719089076,606.80497224223961,296.39863840886557
2023-07-06,174.08343388605206,332.31260799878072,8730.8588020221014,296.35330519504265,32.919998168945312,1764.2749962858907,610.67962469242707,292.64643231934389
2023-07-07,172.51677195293027,330.17375298388919,8680.0249534574577,293.85920071175497,33.011001586914062,1774.4601152748855,603.39063458693136,289.79435487075108
2023-07-10,169.41370350217903,327.90072582574072,8638.2308747672123,293.59932736880637,33.212001800537109,1760.2996160320868,589.28589924529126,287.89356474186451
2023-07-11,168.38164930129633,328.43630518643204,8667.9981140444233,295.27010616352857,33.562000274658203,1760.0489092012901,584.8707478129628,289.78148883709179
2023-07-12,169.76936720196525,332.33924379498944,8725.997630764432,295.90489375401745,34.083000183105469,1781.0863030584569,592.3166780881495,296.88231748271204
2023-07-13,168.4624974408267,334.02476188723972,8697.7976549094092,292.68718612019904,34.243000030517578,1762.1177311722395,588.94470199691705,303.36960468640456
2023-07-14,167.4095462642363,331.60592161661543,8628.0717579495285,291.68533676674565,34.262001037597656,1750.2608633586085,585.49379550698177,301.10923712684513
2023-07-17,170.24164550623857,334.57493424659742,8658.0351995705478,292.14835275675887,33.884998321533203,1742.4675985324241,600.4629008330262,306.61609389605508
2023-07-18,169.86459871394041,337.01654403906156,8712.0056256755379,295.04060294613885,34.023998260498047,1762.6545754387585,598.73097799880759,311.35974870720611
2023-07-19,171.19847600864418,337.19921065672867,8739.4743333917941,296.20700939202987,34.067001342773438,1764.0211765495235,605.55126201820519,311.4558695544705
2023-07-20,169.82757112193326,330.12154688609081,8699.5944488039513,298.30511151925941,34.318000793457031,1758.9101054168925,597.63845514915249,297.72369596406782
2023-07-21,169.81375577670795,331.14503126848069,8755.655827818644,300.11141844104475,34.536998748779297,1765.8100544020717,595.7373613380405,297.74831171516411
2023-07-24,170.71083470844135,332.0249173863661,8800.424929387309,302.07552879154787,34.512001037597656,1763.7235291344321,600.1428535278194,299.01555386987201
2023-07-25,172.44476243634477,336.15335101923824,8874.9335407943145,303.98708339888321,34.456001281738281,1774.9884294528504,607.60054563997551,304.77159123621203
2023-07-26,173.42781798302983,335.42060595730538,8883.8955372799483,305.13566092885543,34.042999267578125,1782.8222108471648,612.4466411254017,303.09226962498053
2023-07-27,171.8524363328103,333.77787156191141,8805.1952706540851,302.24217963891692,34.734001159667969,1756.305510400121,604.87315906985282,300.88709234083427
2023-07-28,175.75413609727539,342.941228589844,8973.7032225335861,306.46275297383789,34.800998687744141,1785.6303876109055,622.72845072643202,314.67786561827234
2023-07-31,175.58275152973843,341.70361954375642,8950.0482247551681,306.13621216582544,34.866001129150391,1787.420895058221,623.10289237193422,313.70563140158356
2023-08-01,175.25599884146547,341.73779831613592,8948.059574342622,307.42236648019696,34.410999298095703,1799.3031796396228,620.6079135950406,313.00753998752316
2023-08-02,172.38001836674582,333.92623499038353,8816.0743541316533,304.1516192192401,33.937000274658203,1794.1690780240158,605.6215644612829,298.99046496465343
2023-08-03,172.11431210528266,335.33247209883427,8845.2357561907575,305.27221037359135,33.749000549316406,1798.9516873588059,602.45800001102589,299.76763251986375
2023-08-04,163.73821811035643,333.53598870734214,8793.0385884003408,303.90374768119756,34.022998809814453,1804.3965936543675,558.68368681860989,296.759146014414
2023-08-07,160.16591980334815,334.79812154485427,8831.4077700365942,305.91742494240339,34.067001342773438,1790.473826268902,541.69749203749564,300.38307304578416
2023-08-08,161.00958535958046,331.93697762043774,8793.8389312032632,304.52363880938469,33.805000305175781,1781.21590904905,545.98945026957369,295.26221159435835
2023-08-09,160.212213756235,329.61308648596014,8767.9666180608147,304.24646070187129,34.03900146484375,1779.9224909836234,540.83117266393015,289.93562650979845
2023-08-10,159.74084440234915,329.65784627600436,8756.283753973672,304.25366168523851,34.53900146484375,1775.33103189601,538.90665289910612,290.51003590184376
2023-08-11,159.73690531177829,327.43736888811696,8744.9981829283843,305.10285684821275,34.131999969482422,1772.593484964028,538.98432664051734,286.7016921055573
2023-08-14,161.78623153637346,332.23912850495606,8825.7622868368726,306.32353773153829,34.183998107910163,1776.2522493358706,548.43915835243865,294.1344509868598
2023-08-15,160.48016744985782,329.75326714506775,8752.7694546493967,304.16060710626044,33.769001007080078,1773.8043369041138,540.93067301703582,288.80260258060235
2023-08-16,159.76795927532751,326.43232225701655,8692.5797117420152,302.71815761175912,33.757999420166016,1768.4054520544471,537.18807872575144,282.83430545383425
2023-08-17,157.8665459981755,323.73630339180625,8650.4549566051646,301.1681806133704,33.450000762939453,1761.122167858553,526.87497699444862,277.40065562838623
2023-08-18,158.31458940909303,323.33708939703467,8649.9350770133369,301.67289271715646,33.305000305175781,1762.3558789237295,529.11225673657191,276.71048385299832
2023-08-21,159.52548812850003,328.51789532297641,8708.8476381409419,301.25345238630246,33.467998504638672,1768.1791827567572,535.20580245934491,285.60198909039599
2023-08-22,160.45080440156636,327.3634652490648,8666.6497954540482,299.13284417317493,33.653999328613281,1767.2397243551879,540.42122403125427,284.19111757632362
2023-08-23,164.75346848205794,334.10920944535383,8804.2789301742578,302.19629195509549,33.713001251220703,1796.0313775399457,560.87227749281897,294.54985084148245
2023-08-24,160.15988621684843,326.3929068966554,8670.7668097074657,298.34095405733171,33.515998840332031,1791.9550063292095,537.90808633493521,281.46209808359993
2023-08-25,163.18573895581088,330.95290017454516,8783.9337390600176,302.35640511969791,33.618000030517578,1796.3474071892483,551.4919650615891,287.58951684911949
2023-08-28,164.65600412652316,333.49811162103822,8840.510360470169,304.35103710691152,34.071998596191406,1803.029009316474,558.90049294258051,291.96635155135493
2023-08-29,167.80936744140459,339.89483825535018,8945.7015088972894,306.11410930461881,34.353000640869141,1815.2415282891395,575.68311976478469,303.92634561424052
2023-08-30,170.33975578418153,340.41755234704164,8945.4147114064817,305.56684008289324,34.270000457763672,1815.2191612957356,589.86023097679742,306.08181546423555
2023-08-31,169.55147600258866,339.46025667097564,8881.4434707228356,302.41426688918244,34.043998718261719,1798.2086431135053,587.47432318384767,306.13357086411241
2023-09-01,172.38099379840631,341.86672916556279,8970.4408850072341,305.90620108799965,33.96099853515625,1813.981056414561,599.78453524691929,307.97723215793002
2023-09-05,173.3929237354584,343.87518492423027,8974.2778919189932,305.55163102177124,33.750999450683594,1808.8887070875287,603.68705128658826,310.17990466086064
2023-09-06,168.25135867209556,343.01703847048094,8968.7078778308733,305.74270651482436,33.487998962402344,1812.5776320229177,574.91329133841555,306.65634359817352
2023-09-07,163.35993214848855,340.62606980902314,8942.7613408676971,306.41026887717641,33.492000579833984,1811.3231144777496,549.7899189559721,302.32536620219821
2023-09-08,164.33466128354848,341.94346700756324,8978.250179936862,307.89453911257436,33.729000091552734,1815.9775858674091,554.03259532628772,303.91822424245737
2023-09-11,165.10974334904719,345.31738509766149,9021.5135682829678,308.07426044140783,33.861000061035163,1816.73762699498,558.47674141431867,310.49113209450991
2023-09-12,161.80580742950625,340.46359858191369,8943.55710784648,307.00827682733404,33.71099853515625,1800.0300436823004,542.5516239623405,302.69440633493457
2023-09-13,159.84465595786662,341.66851793260992,8952.3303535260929,306.34222560316539,33.590000152587891,1797.1282903131469,532.76063577658624,304.91828457857275
2023-09-14,161.53462889791871,345.07361671925338,9046.3390602738618,309.88777743436992,33.993999481201165,1800.5965175033823,540.73698303242975,310.45494379478436
2023-09-15,162.33135068947996,342.25948061559757,9018.247812027701,310.13757144096303,34.316001892089844,1829.6225326125377,542.27066012106309,302.5587019476726
2023-09-18,164.59578654369085,341.61771468575074,8998.590036522879,309.24257974329504,33.808998107910163,1831.0390356216794,554.40748241999665,302.30588246208612
2023-09-19,165.23501496098572,340.11128935390326,8958.7242044656523,307.57400807588868,33.846000671386719,1827.1392180508899,558.2700132497464,300.32991019177422
2023-09-20,162.09263865354157,335.54355259469293,8883.9885509609012,307.21055911378869,34.11199951171875,1841.5006454815398,542.06697972323423,291.96431196158358
2023-09-21,161.08931796996777,330.29208283863426,8762.3794163428029,304.70147900555139,33.596000671386719,1820.7024825405274,536.29578055361594,282.03017277501368
2023-09-22,161.75652746586789,330.07441179709861,8735.4101638554239,303.56404092108789,33.444000244140625,1824.875624961215,539.84189724933037,281.88375610365398
2023-09-25,163.15012141477686,332.0487056236575,8781.4311040130178,304.29426943075833,33.173999786376953,1818.6611503947952,546.4873697815284,284.91024312739899
2023-09-26,160.1877626571497,328.81792619606318,8699.0419392681015,302.38194675719609,32.924999237060547,1812.560142416605,530.13684495813015,277.83691362932058
2023-09-27,159.09546830281994,330.27966468632718,8719.4610132157341,302.46605036472272,32.898998260498047,1789.0184571397958,524.15858146565142,279.72445986398475
2023-09-28,160.31158325417485,335.07709706077361,8825.5879654431337,305.39343515776295,33.084999084472656,1788.2392572631861,528.56747295007392,286.14180635615878
2023-09-29,159.9299717643373,333.50622554716892,8754.3509876387434,302.23435306609412,33.206001281738281,1766.7300854383298,528.109978773644,285.00698424128615
2023-10-02,162.25980196250248,336.2007969069702,8752.7679733392506,301.37873616430812,32.889999389648438,1748.3747498241523,539.71980862714145,289.68767468191567
2023-10-03,162.29693813345295,332.96324568136185,8702.7530620257839,300.07077247991674,32.587001800537109,1757.030413021452,537.72967676642611,281.77314103573838
2023-10-04,163.61500691762888,337.76678586495177,8780.4394471269807,301.23212520896885,32.516998291015625,1752.0506857183577,544.06331163338336,289.67580694620187
2023-10-05,164.24735913555412,335.65707893264891,8741.5508607358552,300.398579073902,32.574001312255859,1743.3974184164458,548.11765217265463,287.01577184607544
2023-10-06,166.04493104902863,340.00098201049013,8813.0698760143932,301.919548383684,32.853000640869141,1749.5632576163459,558.1438004079946,295.5212023941329
2023-10-09,167.11797423448377,341.06110265742348,8851.1321514615538,303.11885593987529,32.666999816894531,1764.1871602442018,564.10458563805003,297.94690062894267
2023-10-10,166.37820270978671,342.58024449291452,8887.815659860873,304.01733023040708,33.3489990234375,1772.6837237458142,560.66295978315873,300.92224893608176
2023-10-11,167.28348469819505,344.18147596252857,8904.5878526213746,303.79566777848419,33.168998718261719,1779.6672604953449,565.92397943323544,304.47068706449306
2023-10-12,167.82168092749185,342.35616015360353,8833.6885618899014,301.6594775710945,33.03900146484375,1772.3550035490302,569.17418162835042,301.79982112342606
2023-10-13,167.4743004724931,340.86142928629135,8862.4080515369697,304.53659595655955,32.583999633789062,1842.6000948764993,565.04254262793256,296.65708526964409
2023-10-16,167.59411832086104,345.21285380357995,8969.501834271663,307.88396848037053,32.678001403808594,1838.4167337875228,565.24112049786368,303.80310462840612
2023-10-17,165.6062353851807,343.01418891910521,8940.7627266606505,307.01859435919795,32.731998443603523,1834.0369939953237,556.0615887742714,300.87620417571765
2023-10-18,164.0901168916462,337.91434274874354,8805.3226977250233,303.44551902202255,32.405998229980469,1861.6182782793505,548.91847633185841,292.46298194181202
2023-10-19,164.27220008257592,335.84969644867004,8759.9889217055879,302.17003082457143,32.206001281738281,1879.296424236597,548.93257685993524,287.9305298602514
2023-10-20,161.12326552967804,329.34034202445713,8610.8221646910297,298.33000206179923,31.732999801635746,1883.9102298686585,534.39260256222974,278.07411191994163
2023-10-23,161.18216362274904,330.22575496076553,8593.5021597323939,296.54810419487438,31.868000030517575,1877.0597597255498,534.77329757790619,279.66053122057178
2023-10-24,160.38224005259136,330.94164563809795,8591.3078785795951,296.22254791396523,32.075000762939453,1861.4125683395894,532.79426166774203,282.96693708112161
2023-10-25,159.33094705168503,325.11164661309499,8527.7014266159895,297.32443716973825,32.173999786376953,1882.8066326538649,525.68245800457373,271.00754485317458
2023-10-26,155.82380862347722,319.7607919812753,8449.3408124946691,295.83187499915391,32.037998199462891,1890.179542288683,507.62674742451168,261.36606815234194
2023-10-27,157.10708385394858,321.38092244613051,8411.1642221588063,292.63353979655636,31.660999298095703,1891.7200527052753,513.83048324320009,263.9455505389837
2023-10-30,159.07062166085467,325.06311005813944,8514.5578977805362,297.2393282219162,31.802000045776367,1898.801705471046,523.41447146646499,269.94361157174541
2023-10-31,158.7287846633688,324.99971284301472,8527.8186254939483,296.88991128904286,32.097000122070312,1878.7502757302261,523.02371001173196,271.17555481439393
2023-11-01,162.25242067287539,331.7638256232089,8646.7189964112476,299.88157926762756,32.2760009765625,1878.7042988409798,539.55137553212057,281.54218782177088
2023-11-02,165.48554514251279,337.53278408226583,8803.7344826852368,304.79946285709269,32.875999450683594,1882.9604122839801,555.88108097498719,291.54500174210978
2023-11-03,164.13140051107206,340.46797211611522,8860.0405054321745,305.87337208452544,32.826999664306641,1882.6465851087246,549.89666964517778,297.49523850962044
2023-11-06,164.77431299538878,338.25568418992458,8782.3426520125249,303.03333304453366,32.694000244140625,1852.9375781564315,556.02399551388862,296.76299011289382
2023-11-07,167.32048765957626,341.79021440872634,8816.1420927991512,303.77719469102215,32.578998565673828,1840.6835088282644,568.63741241999946,302.67187470056115
2023-11-08,168.70576841053165,342.82433214849618,8846.4467365487653,304.12581140615572,32.791000366210938,1830.3864147291163,575.02249028395568,303.78299322529278
2023-11-09,168.03799409519934,339.73120001282194,8764.9104523162732,301.92956311465201,33.130001068115234,1839.1430946934033,571.9928165611218,298.70740970701604
2023-11-10,172.63043877642701,348.76441620219987,8938.8903128216971,306.62860519597899,32.821998596191406,1816.4387183174329,594.29278864497144,313.39249904443915
2023-11-13,170.78714605868507,346.94236699799814,8913.1064155405584,306.48050365579098,33.040000915527344,1824.2950905336156,585.40190943497259,310.77992586030638
2023-11-14,173.038114845129,354.02438895610749,9075.0962607863221,310.46803474792426,33.514999389648438,1837.5369493553883,597.29443995725046,323.80650353385499
2023-11-15,170.7483820969006,348.54281591409989,8943.7652756177486,307.05273548796589,33.597000122070312,1805.7024951914395,590.28410214856683,319.03254487010923
2023-11-16,172.66902590450172,349.60387362208024,8976.1356914289991,307.50443968760362,33.439998626708984,1830.839845398646,599.59839419418699,320.27742614016842
2023-11-17,172.66395768996782,349.71192814859785,8988.5191108725066,307.63088839710872,33.730998992919922,1828.5834225079961,599.54920898215539,320.45106458402637
2023-11-20,173.41483656226075,352.24081461259328,9011.638901366834,307.95932532981669,33.777999877929688,1815.6184245702327,604.92430747613002,326.65076315663305
2023-11-21,172.06713346482792,348.94929769540323,8961.6626387328342,306.2532313046857,33.673999786376953,1828.6217962352293,598.94797120090391,321.70745824359688
2023-11-22,173.11029647874645,351.26723878243047,9021.3769547309821,308.55378671755216,33.837001800537109,1825.2055392428913,603.63420253763707,325.16448269790754
2023-11-24,172.08551866457969,351.15504061699357,9036.8194751707306,309.97703063107178,34.009998321533203,1836.550684236759,597.94458237216884,324.60173774666538
2023-11-27,171.38620448736293,349.75412622993656,8991.183415625117,308.59094311679013,33.887001037597656,1839.4142094813124,595.23226666439132,323.02425583532687
2023-11-28,171.65488036453704,350.09530108591792,8985.2610502021653,308.77337403857371,33.830001831054688,1861.581621375125,597.12037145089892,324.18457355946947
2023-11-29,169.98912640245743,348.24421629999819,8939.5514826771432,307.9090395783137,33.916000366210938,1859.9949018977075,589.71770329278286,322.1561361539317
2023-11-30,171.01084482667406,348.38951168134622,9002.4545663019853,313.47250131254441,34.068000793457031,1857.2594551265163,594.16793998715764,321.47823472562084
2023-12-01,173.46264836232595,352.00269675061259,9123.976390298616,318.49765074058865,34.249000549316406,1918.5535049987297,604.71929147970798,325.73693410978194
2023-12-04,171.88266801435879,348.86028493134006,9077.9181090910206,318.25233294199609,34.213001251220703,1875.6176862256107,596.34850455267099,319.80398884056007
2023-12-05,176.31902075055567,351.36220488636968,9115.3253431193152,319.08828888404179,34.498001098632805,1878.8940501933096,618.05016997017844,322.90421619486699
2023-12-06,176.03259948559685,350.75726124031081,9117.0676578927159,319.78116216954106,34.715999603271484,1897.3179960717341,615.28154724469368,320.47297714839613
2023-12-07,178.26272088718034,356.54874088771186,9214.1904922185713,321.1233744032171,34.669998168945312,1900.6757947509677,626.20351486633706,330.25338585197721
2023-12-08,179.16063194223065,357.29334528945094,9230.3258784333248,321.50834067335563,35.150001525878906,1866.6356956386019,631.67305625212464,332.41145881961825
2023-12-11,177.27780212605893,361.22811539210244,9289.2938730251044,323.68947164328307,35.217998504638672,1851.8880183793967,620.94178264446521,338.91862680976419
2023-12-12,178.66838329423754,364.07762469410392,9331.6911602759264,325.19157780705257,35.208999633789062,1851.2841884472648,628.27123324404681,344.29119080581148
2023-12-13,181.11084197403542,367.61200633962426,9431.1427540362001,328.94152936315299,35.145000457763672,1849.5796602138901,642.08776473106252,351.99890531262281
2023-12-14,179.79188142551848,364.34249691303552,9382.2966630997034,327.69445292504952,35.351001739501953,1878.4452894387925,637.65294691395252,348.56560464689989
2023-12-15,177.54901257869409,362.5247467442889,9290.3856374609604,324.60690805631947,35.493999481201165,1851.7132965998424,628.83785539908752,348.49505945795659
2023-12-18,177.62812373832148,368.10082530873854,9416.7974904837301,327.84431195641827,35.323001861572266,1872.8320600113134,626.42027344195958,356.07019315790734
2023-12-19,178.11332634406389,369.01426136164605,9448.0254162924048,329.1962681360792,35.367000579833984,1878.5540370669905,629.80591923369218,358.76841365301897
2023-12-20,175.28687414706442,361.6365672340944,9261.8770574263726,323.38200799451209,35.376998901367188,1864.7585652346522,616.45532364422695,346.29212185010272
2023-12-21,175.71735428928525,367.02546284951535,9387.5143563561705,327.12086941236504,35.361000061035163,1874.0678154016921,617.73113169452733,355.49463313448791
2023-12-22,173.78240069111192,365.55472887655981,9351.4411888754057,325.25368447526171,35.359001159667969,1879.9428758218926,609.22485852599607,354.59896417124799
2023-12-27,172.80025562554309,367.31229474661444,9373.8913587123734,326.5626538422095,35.409000396728523,1895.4068606527735,605.07538307232835,359.20006844152192
2023-12-28,172.16180318835276,364.96471821694342,9323.0019317269052,325.0383713012838,35.189998626708984,1875.5666505877221,603.50940134362395,356.73078983386102
2023-12-29,171.85374259855379,364.71335120939113,9331.09085770612,326.08796950500783,35.185001373291016,1871.8505579949406,600.78671899099459,354.93564204578723
2024-01-02,166.14572291857073,359.49797250984909,9303.3128609150081,327.14870489335226,35.217998504638672,1878.2930322351981,570.05325938061878,343.83773406345654
2024-01-03,166.36336107936154,358.84688522043257,9310.927004532603,327.52785274373213,34.633998870849609,1866.9762594797839,568.6468478446335,339.54447669762317
2024-01-04,164.46080518597611,357.45704599909499,9292.1083466166656,328.23629074943301,34.819000244140625,1875.9549491015259,558.52817685569778,336.47964868685989
2024-01-05,163.50727175990767,357.23967613505073,9292.3999096624393,327.73551566348345,34.703998565673828,1872.4102910772929,554.17119569699503,336.67344692259729
2024-01-08,167.53886371007428,364.79474209264106,9428.16382022773,329.81532981814058,34.791000366210938,1858.3952727815072,574.53702220229673,350.75520275850749
2024-01-09,167.01517216696632,365.19944085928807,9407.423530367083,328.07861408688888,34.676998138427734,1856.3323669629781,572.09150641067447,351.83663475520797
2024-01-10,168.25850439831532,368.32286181857506,9477.5570420151635,330.20758094400645,34.665000915527344,1854.8490196694195,577.97548829430468,357.23454083569015
2024-01-11,167.063553427231,367.6527714417544,9434.6759956101123,329.11441945661676,34.493000030517578,1839.7939985766754,572.94315885448623,357.32505711569007
2024-01-12,167.2614293739467,367.62334479473952,9436.970220064426,327.82055986300588,34.859001159667969,1868.2076505021942,574.13084059355663,357.47960496106327
2024-01-16,165.74371520746297,368.79450346256323,9432.7652163609237,326.92837994991459,34.576999664306641,1854.7907652490335,565.37384445641101,358.58350134875087
2024-01-17,165.90049957318763,368.96996314839595,9437.6767521496768,328.11186056220885,34.208000183105469,1844.4147796519535,564.43715450548495,356.71892919851081
2024-01-18,171.19403043261622,373.96706181248732,9515.4363875093768,329.74002113528223,34.570999145507805,1857.1024653813931,591.63323835219899,366.6102009654802
2024-01-19,173.95917790395819,381.61569662879606,9639.0312825200981,333.46680828267364,34.425998687744141,1865.3123319994647,605.78711856405982,381.38306028588948
2024-01-22,175.8624984828372,381.65256123892857,9648.5070148463619,334.35737668353084,34.631000518798828,1856.5413206194819,616.09494203421411,381.91730327304271
2024-01-23,177.22920821244173,383.66205517465193,9687.6628764758025,333.82177786937433,34.541000366210938,1861.9127722518542,622.93464678434759,385.51477205912283
2024-01-24,176.97495249087885,386.58442416661552,9715.5602830883781,333.66974362037234,34.845001220703125,1856.7158204138204,620.95364517258849,390.59497067735634
2024-01-25,176.28717812089732,386.20756962544493,9745.796069179356,335.04258067682463,34.866001129150391,1854.2976843810084,618.01481226563249,390.69013266498257
2024-01-26,175.25723973262589,385.13485967169282,9770.6141396317598,336.65327862060263,35.6510009765625,1859.768990594958,611.61021206684359,387.26991749713579
2024-01-29,174.68562637461221,389.20547103065655,9847.818960924571,338.72460791877751,35.699001312255859,1867.8440571130677,608.51848766342073,395.33025069646868
2024-01-30,171.46670190490013,386.93756242014052,9850.9195398681841,340.05100668275782,35.896999359130859,1875.0338640230364,591.44471520600473,390.39295391739614
2024-01-31,168.00905970391938,379.04657148231502,9684.5824300802215,337.01382317240689,35.775001525878906,1889.0753334697288,573.79841411413838,374.79149844462734
2024-02-01,170.87252908396073,384.91142421619367,9841.9273914720143,341.55360160035571,35.494998931884766,1916.9894739978054,587.41936137694051,385.01996469352463
2024-02-02,168.84357875785054,388.87090339777751,9882.8485362708325,340.49528650399748,35.488998413085938,1888.5208361560815,578.86705427117818,395.44530303061691
2024-02-05,172.00247529679453,391.77153311372962,9937.9100373815818,340.95900853658912,35.502998352050781,1895.0758455531577,592.57206304886734,397.87425572128399
2024-02-06,174.10432807995556,392.37597394533577,9996.5916962132869,343.5099491160762,35.717998504638672,1909.7301848061586,602.37982325120095,397.68658730177515
2024-02-07,173.95662865936751,395.84726467018913,10064.710191822884,344.43561726205377,35.583000183105469,1907.2807436961375,602.04359041953137,405.29129504505732
2024-02-08,172.65787510629909,395.89778867974036,10054.394604214396,344.44749672847087,35.854000091552734,1900.4716741279324,595.81943973556656,406.09231741546785
2024-02-09,173.34043815814783,399.73866385446928,10111.675052266899,343.8389888654724,35.754001617431641,1891.6689779027254,599.39430934953771,414.0287429659287
2024-02-12,171.44679847152671,397.40225866340387,10082.61319519829,344.40548590893826,35.972000122070312,1882.7207142619789,590.15366079552336,409.99206160486898
2024-02-13,169.92205638731227,392.14591426038822,9969.8722260892846,340.52923997640659,35.669998168945312,1863.3037126387301,581.57044539661695,398.15910012719388
2024-02-14,170.10485163419287,398.76367434116372,10126.798868523079,343.85844226783843,35.903999328613281,1871.6153094246065,580.78919460658892,409.24287278112246
2024-02-15,169.46955350892804,399.08588926662429,10166.007663856648,346.65031971242655,36.205001831054688,1877.4434362371262,578.16373364624747,410.78952059401672
2024-02-16,167.38985451313772,393.93491507660275,10079.583388509052,344.01744850954748,36.308998107910163,1878.7090085720049,568.64101027520587,401.77692732543136
2024-02-20,166.6778852398115,390.90674448598514,10018.006743623064,343.52396632480958,36.469001770019531,1893.01617580062,565.05287967982349,395.65629574197322
2024-02-21,166.79124925708823,387.98310565404518,9996.0977822395052,342.64411573625796,36.528999328613281,1881.3206112365635,566.6157469659646,391.11934414159839
2024-02-22,168.55354412981117,399.07385280206296,10200.932637582444,346.39691909450141,36.972000122070312,1876.7322553337006,575.78585719046328,413.7423435597687
2024-02-23,166.78099914615129,397.70499207486557,10199.734303950323,346.88422652692361,37.277000427246094,1893.0921079668249,566.84341312843731,411.10546047249937
2024-02-26,165.62430015830964,397.70205950145856,10166.772375791286,346.55879033774738,37.062000274658203,1884.3718417538357,560.79916138880355,410.88574917886956
2024-02-27,166.49309172725489,397.52414676536563,10155.295640499997,344.64399577255273,37.16400146484375,1883.8016052873845,566.0096572221139,411.68739677566106
2024-02-28,165.48332970038211,395.63060767457375,10145.128385638487,344.78535501847966,37.180000305175774,1883.5735480259114,560.70079809507126,407.53310200997345
2024-02-29,164.96339985073016,399.24164756433441,10206.013444845054,345.28591335617614,37.069999694824219,1895.6866872893399,557.90324661282375,414.7470473109629
2024-03-01,164.4821915946242,406.52240180955891,10320.565046305848,347.57549681339066,37.081001281738281,1939.5703087402219,554.58829141468652,428.57491350903064
2024-03-04,159.74973148842324,403.66258036519332,10272.751072919378,345.41035814260471,37.161998748779297,1961.0440358985877,531.6182374102591,424.03609172552552
2024-03-05,155.02786005279827,395.96139546585721,10156.597879392843,341.44146685193692,37.076000213623047,1973.1609970022987,508.35344419865368,408.34370709746736
2024-03-06,154.10489521470473,398.41923847237672,10208.783225567988,342.29062503534499,37.161998748779297,1988.0258496273445,503.83300346250451,413.4441433767613
2024-03-07,153.38031734198853,402.85066534721562,10274.186508962513,342.04148308753315,37.464000701904297,1986.5059911217045,501.28598832411905,424.29293308392471
2024-03-08,154.2343336294112,395.20065336714987,10160.660695104003,340.05767824520143,37.553001403808594,1995.8640674957355,506.63103665831966,410.13939298978414
2024-03-11,156.16172179751311,393.99203103920684,10155.949955205098,340.65819572409134,37.487998962402337,2000.0083105872839,515.9612748755369,407.36131430167762
2024-03-12,156.76181656426982,400.06416483876222,10280.943106574325,343.10052844736714,37.807998657226562,1981.5483566746002,518.6615102845825,419.48525024502203
2024-03-13,154.91226978525728,397.11940250964443,10264.950772760534,343.59082941669556,38.061000823974609,1995.6500705365711,509.39736614547263,413.17226153343063
2024-03-14,156.21141909650669,395.12252113009237,10212.26879814894,341.71979507232555,38.034999847412102,1978.4939369795823,516.44550441642286,410.05552141851115
2024-03-15,156.89798495300428,393.00495713806743,10213.429527902617,342.08812658254749,38.069999694824219,1986.0509847953863,518.14442194836784,402.95148698080521
2024-03-18,157.90984806933795,396.78348711305455,10278.852466001903,342.7596081791072,38.020000457763672,1988.7753679030716,523.13707889263083,410.66908657896994
2024-03-19,160.18219368910758,398.08807833521769,10345.129466687262,345.83640872155593,38.326000213623047,1986.1247990373747,534.22132498433143,413.04335618997447
2024-03-20,162.6974482711245,403.20229935863853,10448.834915100757,349.79689276690084,38.173999786376953,1989.2654189128657,546.54277891028869,423.25179874352932
2024-03-21,154.99558104664331,402.37290568935748,10412.060583792752,349.86096804103676,38.256000518798821,1997.4928587520792,509.58045649239864,424.37048088347882
2024-03-22,156.89231596541265,405.60896662756068,10469.628826131664,349.41989396411986,38.13800048828125,1988.5177123378921,517.17867532998082,428.27227405409872
2024-03-25,156.37929627562082,406.18699647838895,10490.584395513753,349.78588820828895,38.133998870849609,2013.7793230348793,513.33026354322931,427.32044123140122
2024-03-26,154.89601238043437,403.72544780908885,10431.603101048036,348.70671998231364,38.293998718261719,2008.8153321164812,506.75349402958153,423.3511899680604
2024-03-27,158.26747975451534,405.32005699230348,10528.593649652283,353.0787185557665,38.360000610351562,2022.2743529902195,523.16119220617156,426.46603476356222
2024-03-28,156.87109591824338,405.28290759385789,10559.165819839944,353.87622626716154,38.36199951171875,2050.6070396584778,515.77843411418019,425.63948093368174
2024-04-02,155.55166713648481,405.49194601417491,10536.156333868508,350.89415813046497,37.939998626708977,2125.1315937515924,507.46488443181659,423.04358994784479
2024-04-03,155.84312825987706,405.21951230312317,10517.45903807638,349.54257949129635,38.115001678466797,2149.7783892426651,509.62946591064576,423.70610358604785
2024-04-04,154.08202322428053,396.45385984656173,10322.137471479995,342.64043016921505,38.047000885009766,2129.937443850898,502.63177126318391,408.10349924352829
2024-04-05,154.79412767661302,401.17347906340262,10437.984282096806,345.20248779532665,37.602001190185547,2164.2411744646774,506.08624340118735,417.77144300174155
2024-04-08,153.85597559829287,401.53541613421118,10440.589020508591,345.6251596816208,37.907001495361328,2170.7253709467614,501.33185457539543,418.27171389241272
2024-04-09,154.49694527657988,401.78993668455303,10425.241623596799,344.33925667445766,37.590999603271491,2174.5889675302587,505.23031017017854,420.07949301753791
2024-04-10,152.83738206462351,398.44305653103964,10330.99211608883,340.64168788458744,37.558998107910163,2162.5709739722693,496.98819352481263,412.91215920557448
2024-04-11,161.1961605201933,409.2365067534484,10522.090578376801,344.39737896862482,37.444999694824219,2208.8650238091964,535.03905329451129,430.76315240073228
2024-04-12,162.81204378365553,403.27059439329611,10384.575724286771,340.6862162833458,37.393001556396477,2213.2311224243153,542.71346210589218,417.60678137338152
2024-04-15,160.40720541822375,399.51251299174851,10334.267941485781,340.84409890575478,37.5260009765625,2237.6369613216689,528.7214304678248,406.79522320438946
2024-04-16,157.68619485557062,400.447440490715,10336.202539848153,342.21665794396716,37.019001007080078,2266.0048355729073,514.67420627648596,407.78503515174805
2024-04-17,156.46458557240868,395.72115958737265,10280.590722618634,341.87470156885672,37.279998779296882,2248.6545938418358,508.58947571556132,397.99464376425385
2024-04-18,154.87152781967657,391.69521102463204,10212.450597644283,340.69042584808727,37.485000610351562,2247.549422020214,501.96462234882779,391.68463354390872
2024-04-19,153.34252317451356,384.49995889792677,10147.474517946597,343.44888369233246,37.479000091552734,2267.7169982271225,493.93648219118796,376.36673883128145
2024-04-22,153.91976839633094,387.85413415882329,10222.565823538433,345.31645354421096,37.687999725341797,2201.48631055127,497.05153138862158,383.42995805278383
2024-04-23,154.96461367887969,393.79727158201712,10349.169552616029,347.84674464800031,38.004001617431641,2198.3185257864625,502.01469894056652,395.02946053046026
2024-04-24,156.19571786976852,393.27486030334131,10302.787547040711,345.69084274147565,37.915000915527344,2184.5332421028625,509.17635420994628,395.83737180135137
2024-04-25,157.06524175416115,391.53876846943234,10260.116274268696,342.66862082984198,37.561000823974609,2189.2771078028486,513.32186452379676,392.1773176884289
2024-04-26,156.08599776038471,396.4790519087893,10336.307949212129,342.96590702919002,37.955001831054688,2187.5901990666675,509.23260350743675,403.16086086273043
2024-04-29,160.29802893057351,398.93463092369922,10391.723643001877,345.03410951157656,37.849998474121087,2202.0446837195855,529.30436262410785,407.29824145439318
2024-04-30,157.23950765503812,391.08955385604293,10220.198905727033,339.65657601717299,37.638999938964851,2149.0892454785203,514.37369247326922,391.61494392794617
2024-05-02,159.64471196412413,393.00241397027344,10272.674331049155,343.15186309116058,37.305999755859375,2154.1640799310912,526.26499818630225,395.58757308753934
2024-05-03,169.01262535193055,400.47126828070395,10391.025695528353,346.85533119099341,37.529998779296882,2150.9225913198025,572.86879603337104,411.04770779290936
2024-05-06,167.0834505226787,403.91490031269086,10474.15873888271,347.55062452289962,37.747001647949219,2166.9203881093936,563.72747899801084,419.07418442214652
2024-05-07,167.57174096921761,403.62703322690214,10479.639698686069,347.50695404563993,38.104000091552734,2158.5310618171834,566.44428415500556,418.8420297955937
2024-05-08,168.1498149401996,404.02727383816182,10496.180599026455,349.61490484872428,38.416000366210938,2160.1803258001682,568.92710175071591,419.00974036335919
2024-05-09,169.89030346875631,405.04356017118721,10555.172790017528,352.8840502256088,38.641998291015625,2177.649132871933,577.66560716989898,420.97806560957935
2024-05-10,168.12139383394751,404.55890990927952,10536.738654753208,352.68581834894087,38.852001190185547,2202.1001526762784,569.66787720818718,421.46358190114773
2024-05-13,171.32228812981521,406.04776337727861,10548.77522559257,352.52535287716313,38.837001800537109,2175.4053122169303,585.54676021891908,423.98843795688072
2024-05-14,172.01045560888946,407.7836435126419,10578.659411754375,352.76858068985939,38.923000335693359,2186.3999552035011,589.70232948440218,428.52237284035766
2024-05-15,173.77380360286,413.35274800086063,10683.789500417994,355.37631791518078,39.015998840332031,2214.5159913508783,599.34308147571755,441.05957802358131
2024-05-16,172.68210518387954,409.66250470304919,10590.051670760613,352.85866550425499,38.821998596191406,2190.5808950183091,595.76606523994099,436.2322927787983
2024-05-17,173.05919794799925,410.29245441759542,10624.309534094307,354.7565677690481,38.733001708984375,2224.3704658091656,597.1142198970042,436.69034686275523
2024-05-20,174.00264167199202,412.86143586382127,10627.434122729232,352.86624743368685,38.853000640869134,2242.2008315238063,602.20791627047242,442.46733663158579
2024-05-21,175.43206094268686,414.2270388171126,10668.660217124347,353.94562803131782,38.638999938964851,2233.6230718875909,609.22251386317191,444.79771834816194
2024-05-22,174.20035741359766,414.36105538153674,10645.470613422371,352.24752796981585,38.494998931884766,2204.3872133654631,602.64771719050771,444.85365709286214
2024-05-23,171.00407803683359,413.63901313094385,10596.548174838452,347.87965518608411,38.534999847412102,2159.0353103897878,585.22727551256651,442.07188779173435
2024-05-24,174.04205864502248,418.0340840773797,10683.343561621483,348.26475008916429,38.523998260498047,2159.0388200656316,600.48370091548452,450.95425488572494
2024-05-28,173.26268153340544,417.71227252248923,10637.604128796047,344.87640840838861,38.411998748779297,2169.5116345455772,597.81040513437927,452.3029862276415
2024-05-29,173.69649255592259,415.15101947554757,10569.107335104869,341.62385180612114,37.935001373291016,2157.415751147123,599.77960118224723,446.33867423394707
2024-05-30,175.41839021068128,412.60641306366705,10555.72123100822,340.4403454147415,38.132999420166016,2168.9863348468525,607.30865380804653,438.7989411741811
2024-05-31,175.75217376810639,410.56214463417336,10608.458578953663,344.76741426635272,38.201000213623047,2143.8042731308697,609.98337793728342,435.81117937537533
2024-06-03,177.09113619892716,412.0956982701826,10604.290875044677,343.06122076870474,38.244998931884766,2183.0730553092103,617.44978804128186,439.77523110413006
2024-06-04,176.49955135523507,411.16494498555051,10567.894322244758,342.47470135340996,37.930000305175774,2152.1197126312791,615.89376517418691,439.97944998415034
2024-06-05,178.29710383155984,420.43764259800565,10718.335965968079,344.1813765018972,38.270999908447273,2182.989528361632,624.58041437857048,458.79271090411447
2024-06-06,177.15123768706664,420.57596481206252,10723.56233753264,345.1226998875382,38.416000366210938,2198.6236512461824,618.3487299713214,458.78508341599269
2024-06-07,179.01884863318523,419.43624273874184,10693.985846892934,343.74906772272232,38.264999389648438,2134.117671775371,628.6919118375921,457.13666327032388
2024-06-10,177.47338669773956,425.64492961830729,10837.431464030788,348.14950969820563,37.810001373291016,2158.8508820300685,617.180919922052,465.76965207281444
2024-06-11,190.62521155145711,429.14812976440675,10881.65549001641,347.44013046697575,37.312000274658203,2161.4114850541291,685.36691822018975,472.80393220526787
2024-06-12,196.50988485447033,435.7377804800679,10998.88893609757,347.96317278755356,37.644001007080078,2192.4838443081308,716.33963267637557,486.27038056683392
2024-06-13,196.25834004264487,435.14925848832189,10950.574432236799,344.89763830396396,36.805999755859375,2143.6863157716025,717.37621721457276,488.23152534377846
2024-06-14,196.00232272488353,440.43090964695671,11024.727640304005,346.90751782922246,35.853000640869141,2187.4819817314647,713.49022053368276,496.70462865084289
2024-06-17,200.54263408048669,447.35340084187015,11148.656439617134,350.00540320775076,36.187999725341797,2176.1943889422928,737.05965681349858,510.61700062726453
2024-06-18,197.62868203348458,445.8873521035062,11137.034989272395,349.25319688836754,36.46099853515625,2185.0576797851882,722.31634625957815,509.10095066015941
2024-06-20,193.18187669440169,442.00373188318622,11097.766768277641,351.52763747889327,36.750999450683601,2203.4068543222843,698.30193286715735,500.74655562244783
2024-06-21,191.96987836908417,442.67735033242263,11127.708677260589,353.13907437847587,36.540000915527344,2177.3873052637696,690.25882031906315,500.16240165383005
2024-06-24,192.90731747253179,438.40134309797924,11113.687584050978,356.14189930088992,36.937999725341797,2193.5376544482924,694.71259737677985,489.62699598899593
2024-06-25,192.95744153146288,441.5570011799058,11110.64682541137,351.98516093224447,36.716999053955078,2171.6762333114634,696.43864481921241,498.72710509323269
2024-06-26,197.23989189526128,443.42342595849442,11152.151809685791,352.94297252412093,36.495998382568359,2159.927293775072,718.87231230525788,501.86735302960807
2024-06-27,198.5732347746013,445.79642052097711,11193.23754674703,354.20770488189407,36.088001251220703,2187.8054243020379,725.16852445123834,505.85215920263283
2024-06-28,194.82820882924676,442.30768843709808,11119.373128419964,352.88168054077755,35.869998931884766,2184.8121173988229,705.61423911126042,499.2745691847997
2024-07-01,199.99833433032916,443.79182371618231,11121.651695812739,352.29814332243575,36.258998870849609,2178.7086365083478,734.58167573324158,503.87085828969191
2024-07-02,203.21137292668072,448.37448126077089,11188.680479284072,353.88423718881472,36.111000061035163,2173.2120039960323,752.34670234428927,514.3634858304514
2024-07-03,204.17716207160663,451.63685550654128,11234.058941784224,353.09844725546344,36.576000213623047,2204.4184462528483,758.10599238484565,522.38977255135512
2024-07-05,207.38985873006473,453.71694340524363,11231.97141454196,351.84168786879036,36.798999786376953,2217.8965212858739,778.18275791408325,530.21118782959195
2024-07-08,208.45028364716998,454.15188037168633,11227.822014552836,351.12925675841592,36.578998565673835,2183.1648622164835,784.70232177396917,531.97864605244092
2024-07-09,209.1420475782717,454.33788541503867,11231.304257478268,350.50568566290178,35.949001312255859,2186.2345788858488,788.7868873847782,532.65628256609375
2024-07-10,213.39314690093801,459.76119663583955,11364.265561446633,354.88878649926698,36.305000305175774,2200.4133605229217,812.24715549402583,544.5764796491452
2024-07-11,208.08181320802305,448.91017810148037,11245.856158724808,354.61243087855269,36.567001342773438,2235.6074540022987,782.61597404927784,519.80143585334486
2024-07-12,210.03246034390452,449.90871058662083,11266.867532189586,355.71573456463847,37.032001495361328,2226.3903440174572,795.04097206513484,524.00034072576921
2024-07-15,213.29832232595652,450.58827270843682,11286.579142068536,357.10854659259024,36.580001831054688,2231.308794264045,814.05129757367513,526.19861747747836
2024-07-16,213.3664779602075,450.09837820920995,11342.009798476549,363.05330965672533,36.333000183105462,2263.7128460033041,815.03962082720341,525.82769873066468
2024-07-17,207.9510571539287,436.84772102437773,11183.195962949969,365.03321259155126,36.328998565673835,2256.2694025862238,784.04554667508376,494.91334561433581
2024-07-18,202.97908253249918,433.28241555855277,11057.6119100747,359.17460221986715,36.375999450683601,2245.2968084533741,757.27712912575691,488.54003080915021
2024-07-19,203.81669633897224,430.96418666991224,11018.249499966703,357.27710259203752,36.120998382568359,2200.6943846569629,760.62247758567844,481.5805936790382
2024-07-22,203.54305467949598,437.4799768607258,11140.055628319995,358.41924151611903,36.546001434326165,2197.1372058549932,759.00773159708285,496.03769373508419
2024-07-23,204.67342125056828,436.31337343025984,11132.274140722675,358.14205600396974,36.438999176025391,2210.5996627707118,765.0036175312041,492.96505314041758
2024-07-24,199.50472049572068,422.17895718210343,10913.919566453114,355.13927742039255,36.032001495361328,2226.3091293532502,734.64646902773302,459.24885201186964
2024-07-25,198.75084167789439,417.95370053984186,10869.087892694581,356.23654588347398,35.615001678466797,2171.2214651315562,730.10375857183544,449.5829336453458
2024-07-26,198.96442688094407,421.78250974764018,10978.462139871221,361.62257330669217,36.055999755859375,2194.210568362234,731.67635685015478,458.30738398883233
2024-07-29,199.1746244367389,422.5334674898084,10985.034965437428,361.13052128269612,35.689998626708984,2190.7622604406843,732.91921008452846,460.04380920995402
2024-07-30,200.31857995999576,418.05224621436747,10965.235880990207,363.97242934297464,35.845001220703125,2222.845355445214,738.07203601445553,448.82769261400051
2024-07-31,203.38533517304131,430.55901443143568,11142.760137323421,365.05184522425924,36.13800048828125,2243.4206700870773,754.90538784977173,475.54179822359544
2024-08-01,199.83353302659242,419.82579669790795,10982.660825248777,360.09005084826589,35.319000244140625,2291.9616188050804,735.40408653435713,452.17727022505528
2024-08-02,201.88360532315389,411.24095451834552,10817.21310285208,355.83641204394115,34.752998352050781,2289.4799947443435,745.48297332797893,432.16237041433186
2024-08-05,189.98910591474205,394.47295014254308,10374.969879072485,342.67485706088263,34.284000396728523,2240.3414364306473,683.8098362767505,401.80136682943777
2024-08-06,187.44733914993446,396.78226237842023,10444.104205914211,344.19900656952984,34.191001892089844,2220.4401129937355,671.34074237905907,407.97879176687172
2024-08-07,190.22028996765505,393.37487864917142,10387.164778114278,343.0417830896352,34.847000122070312,2226.2052851245321,685.47680674867013,400.04693997127526
2024-08-08,193.35051579679495,405.33773628868897,10624.731542189218,348.95221472785067,34.756999969482422,2254.0920449220125,702.45679889860696,424.44837090563698
2024-08-09,196.22909650455347,407.91760413333515,10687.787649138289,349.90669242538581,34.869998931884766,2265.9062320010221,717.74480007485147,429.3690203403217
2024-08-12,197.66273788471432,408.86749847354008,10691.579305681926,348.74558178602905,34.764999389648438,2294.3401850539094,725.54780105180862,431.29367586432528
2024-08-13,200.6486082995703,418.1529347144695,10849.503258177763,351.58314509287294,34.883998870849609,2293.1074344617441,742.73219419586007,451.76807041144474
2024-08-14,199.94628388409203,415.97840636595942,10831.166695591874,351.66296933498,35.157001495361328,2254.890394204147,740.8835493939373,449.56444388743051
2024-08-15,202.3530441719511,425.85887511629244,10992.865234877097,356.22643064851582,35.577999114990234,2263.0991275150709,754.80649611696845,471.58335802337382
2024-08-16,204.30164716644245,427.9796062727367,11056.936532242866,358.5871482667082,35.736000061035163,2312.8241701019983,764.31694322825467,474.54033759795743
2024-08-19,203.18927991600739,431.54612342520647,11112.695947368393,358.9668937501317,35.9739990234375,2305.0353838243982,759.88622553711525,484.69883381140323
2024-08-20,202.61707359638038,428.25232362678361,11029.475268679847,356.49636382072316,35.900001525878906,2300.6412557235158,758.78333137261427,479.98779125774155
2024-08-21,201.76427644480609,428.64705871010165,11035.46002124099,355.54209021699705,36.091999053955078,2289.2852645085873,755.40612658627413,482.66063689432053
2024-08-22,199.6056959999658,420.81347240455682,10910.189306775796,353.35834734571552,36.092998504638672,2256.0452910113972,744.21238787376353,466.20622760513857
2024-08-23,202.35211290712934,426.83895745469562,11073.534578923547,358.357637822919,36.331001281738281,2290.4223347969864,758.29354537334177,477.95530432119961
2024-08-26,201.37350358865953,420.02123531718297,10969.030669826281,356.86039176909833,36.393001556396477,2283.8888316824937,755.19104048068812,465.71031827896678
2024-08-27,202.54755654451435,422.15269576098996,11010.272164926439,357.75021648303425,36.277000427246094,2286.5815267098956,761.009660410999,469.46780197029847
2024-08-28,200.94157194279288,416.86832848302737,10931.567436316805,355.98538338746732,36.327999114990241,2270.3665705137228,752.40902994125815,458.27016514292444
2024-08-29,204.84012700421084,418.24027009879353,10983.756272442914,359.9153073806437,36.625,2301.4025253611412,772.51432241116106,459.10434508276285
2024-08-30,204.95572965948537,424.92518880395284,11140.724949082618,363.36880151918911,36.580001831054688,2281.133935071688,771.61701269515481,471.93664515536113
2024-09-03,199.61400401010118,412.50794313476172,10919.013642206988,358.58615314105742,36.318000793457031,2279.6566784664674,740.99810505666039,443.80031480397906
2024-09-04,198.22652019002504,412.12819687579275,10920.294687911037,359.33823677129641,35.945999145507805,2286.2068724879196,732.64899559161961,442.23661885479356
2024-09-05,199.03079766139905,411.3370509756956,10856.70234112921,356.6026875427853,35.636001586914062,2295.1225308255803,738.15216921188016,441.7993609129673
2024-09-06,197.08930639794792,399.2139213936843,10641.212773837435,352.1449508597874,35.240001678466797,2272.1399795465477,728.36978954547203,416.97648505419033
2024-09-09,197.5946398458255,405.21926046284193,10788.771448981724,356.90012846444347,35.589000701904297,2284.3432800451756,730.38606019091276,428.62274941736428
2024-09-10,197.76531958432864,410.80517799590427,10886.106970456365,357.81426855251067,35.478000640869141,2304.0487450573496,729.68849732778335,438.5103772623566
2024-09-11,200.35674360964884,420.35599899665453,11018.843877348265,359.2379567447345,35.451000213623047,2306.8720791868445,743.48306471979197,458.24199861104398
2024-09-12,200.63908558778306,424.87057454554275,11111.759103273902,361.93872608405979,35.556999206542969,2343.6752769573118,744.71459255694538,467.66576540257529
2024-09-13,199.18452711277351,424.19410388497676,11106.15278650766,362.34424920720863,35.7239990234375,2356.6788875297721,738.86713989306884,469.00359041364464
2024-09-16,193.46762980668288,421.91766780528076,11111.759789087086,364.1277462439765,35.641998291015625,2352.810245140141,707.40920424956016,464.41661369345599
2024-09-17,193.17205540795692,420.58184438694741,11073.911170921749,362.67889614242813,35.821998596191406,2329.2972464399604,707.09409340456273,463.1906822147136
2024-09-18,196.76099324254517,419.00329191750444,11048.413220313261,361.95823607408295,35.625,2336.219448592029,726.59510414765055,459.44566968481814
2024-09-19,204.20610687677882,429.91759054049305,11244.980659354615,366.77119075259571,36.438999176025391,2352.3555775208865,767.56413063802097,483.03879773413632
2024-09-20,202.74833219075563,427.28692684259482,11175.850857349804,365.57681278169059,35.895000457763672,2370.7304676081621,760.96591071121145,479.16753798991459
2024-09-23,201.23152998326282,428.46262973450149,11208.486024615509,366.08290660824855,35.933998107910163,2376.61352710152,752.38825387840643,481.75628791893917
2024-09-24,202.9241364276011,432.43217300618068,11286.354288769691,368.59155517968583,36.395999908447273,2409.1662532896812,760.21835958258498,488.55364076299952
2024-09-25,200.59712664804758,429.75981276226048,11185.423332347307,363.36477176725538,36.189998626708977,2398.940448458332,749.84072897228657,485.98422968994385
2024-09-26,202.70601760943833,435.32909695536608,11291.980703364399,367.50810864590579,37.077999114990241,2421.0711464105716,759.63883354897246,495.95310433780583
2024-09-27,202.10848137466141,431.12223784350374,11231.616993764357,367.14494067788115,37.334999084472656,2387.0959778790707,757.84842230801064,488.41574989704833
2024-09-30,206.8674293910727,432.57637375772686,11287.62673405963,367.5346607014788,36.560001373291016,2380.880871554933,784.36560144893372,491.38847932091363
2024-10-01,201.43792626443482,427.82163717869912,11216.051300039959,367.21940463017842,36.255001068115234,2415.7278938186969,752.31595335327506,479.1206425012989
2024-10-02,203.27241712060112,431.24119832657334,11291.989471910369,369.991775953564,36.25,2412.9816810033662,760.12132664389048,483.63167713935366
2024-10-03,202.55946317692536,431.51973877004235,11288.759876721973,368.81269931149205,35.787998199462891,2424.9438770775982,755.59246088830491,483.58224397237439
2024-10-04,203.8121865586497,437.16547240376639,11405.754977307673,372.26023876904247,36.087001800537109,2417.4537918882302,762.15940364945664,495.66965472931309
2024-10-07,200.32813769027985,434.88806250543797,11359.392469632399,370.97122813313899,36.270000457763672,2429.2591006126258,740.49689905053094,487.7484410152569
2024-10-08,203.99263048677213,441.3345574582977,11468.243552789194,371.98246357357527,36.016998291015625,2401.1128673121598,760.8557701694416,502.26207085548532
2024-10-09,207.3989539183855,444.80715307206236,11550.160696704213,375.73952769818055,36.208999633789055,2392.5486162286779,779.91322948908953,510.16606583950801
2024-10-10,207.56045789956488,445.61868348047153,11562.164836130871,376.50717757034192,36.113998413085938,2411.7923401703961,779.66861339263733,510.51577625852377
2024-10-11,206.38847220346034,446.70112332256895,11642.291836654367,380.44439443710502,36.277999877929688,2447.71738119559,772.72799361903708,512.55454898110838
2024-10-14,209.95260141629893,450.79925842944039,11741.129272167766,382.65787381887344,36.365001678466797,2439.8236946654906,792.44448550879224,521.5612695822125
2024-10-15,212.58264449489278,445.4344191383168,11670.090127550533,380.24701738282374,36.006999969482422,2455.6404601544596,806.74597403210896,508.37235736889454
2024-10-16,211.18589165980947,446.51428179638708,11751.839837183152,383.95700275315295,35.88800048828125,2472.6857277542731,797.8665267825063,509.66707262823559
2024-10-17,211.94431410507559,447.71350653141815,11773.350465698946,386.26711222757416,36.325000762939446,2492.5243615364611,801.36996697664586,511.38962016239219
2024-10-18,215.19882604164752,452.01881758986951,11856.732968836188,387.74569064444972,36.456001281738281,2520.8820274668474,818.60941961106926,519.66946627539903
2024-10-21,215.77553165924104,451.25893736264374,11793.02434470711,383.43142209736499,36.084999084472656,2520.0071240709517,823.37167955829545,519.79066198410828
2024-10-22,216.22024954786139,453.87186373648274,11842.821073028475,385.17789905331909,36.082000732421882,2551.1590712238881,823.98422549550355,523.36965016850149
2024-10-23,211.94767818206691,447.76768980349465,11756.508526557327,382.18073494985936,35.921001434326165,2527.8609933284442,798.7765752458306,508.29545684221796
2024-10-24,212.10246384468755,452.10044335359947,11800.046151059574,381.53260883748112,35.976001739501953,2549.8796255279849,799.03060976571135,517.34201818204917
2024-10-25,212.01688642544082,453.02140230635479,11749.041377733549,377.62706339105608,35.926998138427734,2544.8648006664348,800.15785884493891,521.53564024143077
2024-10-28,214.38636872544669,454.25204166583859,11810.434987997995,381.22566463725678,36.213001251220703,2552.5696621993152,812.54958366655637,523.03687570947898
2024-10-29,214.2334800713441,457.76004500004848,11807.401513461662,379.10486933322517,35.985000610351562,2571.0992972269073,812.43922544005216,532.09220604812515
2024-10-30,210.88512337986262,454.13835395980703,11764.308112100374,378.2968202738171,35.601001739501953,2588.3874615952745,793.5372267218205,523.86255450288115
2024-10-31,206.31016674206552,441.10345393886433,11505.235372182331,373.3074867451964,35.201999664306641,2531.7753992907724,769.12286545352833,495.64953928262855
2024-11-01,203.06644234067042,443.26697261088231,11524.205578043153,374.83508053265319,35.520999908447266,2525.4152459037223,751.93609485196134,501.73878634617
2024-11-04,202.46230581885956,442.44716739362804,11504.617100864842,373.11973964223824,35.389999389648438,2525.3504581178013,748.17944430491741,499.34767019450703
2024-11-05,203.78438513366851,448.11088313516382,11646.362095283617,376.92929875836182,35.495998382568359,2528.6790364203634,755.49158336054381,512.11012275707026
2024-11-06,201.99659220087372,457.74041048182232,11875.055275400167,388.0995075600527,35.354999542236328,2447.5834203780455,747.63640823982098,536.94866335437916
2024-11-07,210.18486061777185,473.67124371261963,12188.06107767924,395.5262184886829,35.588001251220703,2520.993765237738,786.08230692873212,564.24870336166862
2024-11-08,208.72738701055818,471.49651305975158,12166.058285620011,395.69635698034608,35.162998199462891,2496.3010647389415,780.16709074973448,562.31357122536838
2024-11-11,207.76163166638258,474.75173836944617,12269.08558629722,401.28775293414503,35.581001281738281,2443.0469841487406,771.83004336279271,565.86526347000802
2024-11-12,208.74559140794594,476.13678070722585,12292.262688996349,399.89362593534054,34.645000457763672,2443.9275738491428,775.48543287772293,566.48703829318129
2024-11-13,210.51507221853237,477.65909079935841,12350.860994020293,402.07299857230356,34.601001739501953,2436.2501934941283,783.60496265640074,567.56604363372912
2024-11-14,214.47659275792924,476.70133685706003,12338.731842068737,402.13648332229349,35.062999725341797,2435.5069668454485,803.77317674493418,562.46395487937866
2024-11-15,212.13401371518492,466.84782257996039,12216.825115486612,400.73971386603495,34.845001220703125,2440.7212772159814,789.30542763585515,537.39320822661557
2024-11-18,214.90664127457211,469.92789100834221,12262.305049621189,400.30545476603118,34.889999389648438,2482.1182076844884,804.91711980052105,544.67097013885211
2024-11-19,213.90971606667679,470.42952771542537,12239.997303224136,396.75712522432809,34.661998748779297,2483.2692160469865,801.63944789754976,548.97793207658026
2024-11-20,214.32749323101268,469.59572583671292,12225.993606196596,397.60967096759907,34.509998321533203,2499.8105171289403,804.46777443847407,547.68911913034879
2024-11-21,215.12379539545617,474.029525987017,12364.734171054042,404.23489894575238,34.587001800537109,2536.3668036166368,806.60865278189237,554.84187967641242
2024-11-22,217.98299492616985,478.27487588700933,12499.220346332177,411.0887510361726,34.777999877929688,2590.6118437952614,819.72925608445155,560.70748227868671
2024-11-25,220.60593767258112,478.54994252746081,12524.445130588643,414.7531649709282,34.812999725341797,2498.5988812619048,834.93660504055345,561.91593720665333
2024-11-26,223.43903939523224,482.75805204561766,12639.87965275528,417.39317184614083,34.493000030517578,2509.7900337780379,849.5985492237478,569.88442382538858
2024-11-27,222.31721252565862,476.81600062722612,12536.299191367007,414.47201554884265,34.270999908447266,2516.2996890572349,845.09909586321965,558.40304001128436
2024-11-29,223.06154119437602,477.73574810848646,12522.123337893443,413.81486608461847,34.671001434326165,2515.3817951100641,852.21586204242692,564.3534777041923
2024-12-02,225.56863433135311,483.75860589994176,12575.614828648462,413.27542474719786,34.724998474121094,2521.0821309427583,865.85886672772779,577.62340117862072
2024-12-03,229.40352829727104,487.26818203748076,12634.079920173141,414.2150278150973,34.814998626708984,2540.5609408035925,886.13174395309045,583.59244894481049
2024-12-04,229.53397571996297,492.84157729508047,12699.172968951312,416.65472625982181,35.013999938964844,2546.1366432576624,887.29234426964274,597.47591083129805
2024-12-05,229.48993010239005,491.32094702650289,12672.209576955569,414.42668166003227,35.152999877929688,2518.8931948329127,887.17683441345139,593.97735551446112
2024-12-06,227.75326720377092,492.37182872981634,12619.507485325472,410.23468956257216,35.608001708984375,2512.4709615859119,880.10055625418886,600.52767949369809
2024-12-09,231.86133650940045,489.46835665268685,12567.636322566534,409.11362341648442,35.860000610351562,2542.0561043255002,903.07410349633074,592.30088352013229
2024-12-10,233.04607872268835,488.27469716287379,12542.826996954151,408.23235321588368,35.457000732421875,2575.4119607013367,909.55688978861747,588.8363241017579
2024-12-11,232.33155154535683,498.06530647168182,12672.125947322304,408.00622022446686,35.61199951171875,2617.2109699588964,904.41371035780537,611.20726284109833
2024-12-12,234.29812640085962,496.08090780521661,12634.842627996941,406.94989678100848,35.629001617431641,2578.6984474887922,914.77277098364675,604.8175842790663
2024-12-13,235.1928279048858,501.44320044615063,12675.662191770691,407.38962893831575,35.576000213623047,2554.693279689061,918.58047469962651,615.99921082805804
2024-12-16,237.13612215136874,506.92214424569647,12681.935077198121,405.0702790266082,35.270000457763672,2540.4250022486322,931.53825812073933,631.57022493220165
2024-12-17,239.2749068839301,504.33966529787,12624.427507973565,402.2038133695645,35.390998840332031,2531.0562958205815,944.46398374284195,625.57334910716361
2024-12-18,234.64665368830836,487.17742242716201,12278.367949066134,392.55547918777239,35.469001770019531,2528.1439909440001,916.05781369509623,581.66886775372529
2024-12-19,239.59833691547556,491.79307937267731,12439.396991230902,398.33815015420237,35.040000915527344,2519.8420283927721,938.64701652981591,584.55318331003127
2024-12-20,243.76046326806406,495.38422427326833,12557.378982949482,402.69068667874285,34.994998931884766,2551.9661680899394,963.77073884185404,593.91905472717417
2024-12-23,242.91095681063047,496.94432351196008,12567.050240410681,400.38780155026927,34.974998474121094,2519.1034695441526,961.87928181494215,601.53810931933072
2024-12-24,246.34254763410405,505.00177980625591,12739.084420738134,404.81529423625051,35.189998626708984,2532.7156690770121,981.00246076996496,619.46952366137089
2024-12-27,243.44637619433092,497.12116041931478,12574.27034682976,401.80520284669996,35.349998474121094,2525.0447900280869,964.4882460985192,601.17829468371588
2024-12-30,240.07471108024464,490.21813195781453,12432.400358632205,397.61615838339355,35.139999389648438,2510.3128960830722,944.73792210475108,584.83954475020596
2024-12-31,238.91234144084427,487.1386547830283,12407.872093485481,398.25089374158085,35.639999389648438,2537.921796136764,936.82243344488313,576.18648871841162
2025-01-02,233.86436075575469,488.73566388791966,12445.666215480143,398.74008270601365,35.569999694824219,2578.2804878526263,904.67460607557996,576.942491880337
2025-01-03,235.29588098813562,500.7807643614542,12706.095533862459,405.17569354026978,35.014999389648438,2585.3592196986274,909.29589346073885,600.680129930573
2025-01-06,236.02778471840492,504.71055734161035,12731.389913325451,403.68706840867162,35.814998626708984,2568.957443776294,915.17715319517924,612.27254536947692
2025-01-07,231.51967519676114,491.83743723688616,12491.935430963531,398.84987112522026,36.040000915527344,2566.2470936461755,892.52715520241895,585.81577755379965
2025-01-08,232.90363496142004,493.86480495580503,12561.092341978752,401.17722330977966,35.840000152587891,2583.1417039111393,898.7687674212757,588.33319024128411
2025-01-10,228.3478934516165,488.3835534356827,12427.544407006324,396.61324522293512,35.720001220703125,2636.5363556107518,870.30595566541433,572.53477837767969
2025-01-13,227.15873717018096,489.34063981180526,12511.733399490693,402.12287674669631,35.604999542236328,2614.6888666192208,861.24908844843605,571.80725529602933
2025-01-14,225.6147569206743,487.88433651886584,12500.704133806532,403.3850801504426,35.694999694824219,2612.9895136741225,853.3418130932231,569.5636663338654
2025-01-15,229.12580337728423,497.09520980800357,12679.507675225535,408.45762294702752,35.939998626708984,2636.8909590562102,874.98287928397474,593.36731600048267
2025-01-16,220.11611689593349,494.16717187933665,12667.169085083569,408.27317356038117,36.674999237060554,2672.0040924947343,822.88222698796369,585.71044129176948
2025-01-17,221.63089930897155,502.18201317256319,12785.686232498356,411.15023058581323,37.014999389648438,2668.1356025560112,831.6433764002021,605.0894661424644
2025-01-21,212.11272479260427,499.3718800270251,12751.16113272067,411.49603077365884,37.299999237060554,2647.811186681648,782.8075036804745,605.21183409694822
2025-01-22,213.548672370709,506.4735447320013,12847.822217354736,413.18410458039858,37.674999237060554,2662.8072242242665,790.20190547899631,621.56779323338981
2025-01-23,213.29989447677829,507.34433790333424,12911.050911662231,416.85377916846778,37.865001678466797,2656.0591250676334,788.98140732629895,623.95740083557064
2025-01-24,212.34120587297156,504.19365254961122,12868.173930399778,415.44077924488761,38.029998779296882,2667.9107117331137,783.88399449695885,616.55842995162857
2025-01-27,218.01006189834968,487.10252677190175,12618.181285452158,416.18647128386692,37.924999237060554,2616.0757284490064,817.20592436443292,577.79593584527208
2025-01-28,226.46427926187704,495.36762788669881,12761.960869235234,418.28718636423037,37.875,2649.5767942200114,863.86054451557584,596.15801452458686
2025-01-29,227.85916432512826,495.19659846543209,12721.819549405029,417.78041502324612,37.759998321533203,2655.8505365820643,871.17863270891769,594.83098199095696
2025-01-30,226.25674731542432,497.48884581828247,12793.798740127588,419.46559546638042,38.095001220703125,2707.849833453969,861.82981397156527,600.12077447916101
2025-01-31,225.34710927817085,498.10212167803462,12764.281450652212,417.37958671706872,38.115001678466797,2705.0345854730695,855.47341864742805,599.9861648215865
2025-02-03,220.89367974369947,501.32345517131392,12852.729596598418,422.40309261788934,37.669998168945312,2788.015307211529,823.87442829428187,598.99448667952652
2025-02-04,223.79616662740111,503.56667724393424,12845.902937159834,420.33664614584416,37.915000915527344,2784.6370166888041,843.28721643479673,608.97107616193261
2025-02-05,222.50034213144789,503.63679132418088,12839.765238755344,421.44561649972297,37.849998474121087,2789.0255613679465,837.80928794333693,611.80719073607816
2025-02-06,222.61618473365314,504.90031248624621,12851.797720170767,419.08173055763399,38.400001525878906,2765.8320203042708,839.593323439443,616.52696444664673
2025-02-07,217.59672954340465,499.2577369286991,12749.556924112432,415.71426111817277,38.235000610351562,2780.354726453018,810.58585746469009,601.84907967053016
2025-02-10,219.42079842441817,508.93285754203089,12929.253318174971,420.27055179467408,38.409999847412102,2845.7224500639363,817.86550985402471,620.8501126178752
2025-02-11,224.43077477108841,508.2186321753075,12946.626089359474,421.94008525789258,38.509998321533203,2846.7629102477727,845.47608789711876,618.49937117204979
2025-02-12,227.13276310417208,505.40534460450272,12833.732907789183,417.02698110929009,38.549999237060554,2825.5804755743407,863.33126630502863,615.43651548384184
2025-02-13,230.9986498314297,511.34213271572014,12933.936986474224,419.34549242150496,39.154998779296882,2834.2992354398029,886.4956677924398,631.49624472842675
2025-02-14,232.37650799554419,510.06865721166906,12849.855527782487,415.18301236296543,39.229999542236328,2772.6920416486628,897.37987220743503,632.5573431964325
2025-02-18,231.7281855220308,510.06970355275564,12854.121877758431,414.36559871319872,39.444999694824219,2812.490761689377,894.63829915708538,633.98934349963577
2025-02-19,232.92993292070085,512.0198030714339,12930.56398660947,416.53356937104871,38.935001373291016,2810.1121496329424,900.01237462565416,636.59015886197199
2025-02-20,234.45636859146242,511.18360205065881,12910.016637351495,413.62416424305536,38.985000610351562,2836.6735693067403,907.67918643440089,632.84143937772444
2025-02-21,232.41509858080431,496.78172767017361,12594.04016161644,403.44566061683537,39.145000457763672,2812.4207994314593,899.26359093470842,601.9770749741524
2025-02-24,234.45687845762549,492.12393832240855,12562.703030721006,404.79106544626165,38.840000152587891,2828.8781102909907,910.00888959735016,589.20972525047421
2025-02-25,234.70193531801547,486.54959859209828,12520.23517174643,406.80501918270778,38.634998321533203,2790.0811293844813,910.84936254137119,575.10247242119988
2025-02-26,226.9939035517211,484.81664745751004,12447.534777371066,402.71954627499997,39.080001831054688,2784.6562456567012,868.6941800943016,574.43511346917944
2025-02-27,224.85875245947548,472.93995788432369,12291.423488036311,402.22446418894589,38.895000457763672,2760.9509268722018,854.97476287533698,544.35639995791007
2025-02-28,231.22545368682799,484.73682408268661,12600.356945373178,411.49946061132397,38.924999237060554,2740.2286347440158,887.43505778490794,566.60830446722503
2025-03-03,227.17338830426814,473.27686174816,12357.537260604906,404.87489869236452,39.384998321533203,2785.8101872668781,864.90554562335569,540.83625839111369
2025-03-04,223.64030644352039,468.6449366589934,12123.810022117024,396.0580384008299,38.630001068115234,2785.4932130534671,847.66480306622032,533.92214401289118
2025-03-05,220.47522751523124,468.41241617092385,12095.604106895589,395.2667857825528,39.235000610351562,2753.3658398253287,835.33144767511521,540.52447184005644
2025-03-06,216.667636763757,448.43968036489844,11695.582347472257,384.98630714251556,39.354999542236328,2711.0853995013613,820.19024449956453,502.83877578793454
2025-03-07,220.25360972154542,452.0298630103685,11769.518861296479,387.37027246538241,38.994998931884766,2701.25424378342,840.28656936953848,510.56450785494093
2025-03-10,208.17406503202994,431.60459626590159,11377.546388869314,376.89979612593169,38.610000610351562,2669.6514796181909,773.96994760694031,467.83904603759191
2025-03-11,202.49266256163841,431.41457893216256,11313.638388206165,373.3605057479304,38.099998474121087,2694.7052974396856,741.52913587839953,466.51254936812006
2025-03-12,197.59042583286276,433.2925553794617,11291.283865055535,370.09648832883511,38.345001220703125,2699.9761305536472,717.14101352206626,473.76988621235796
2025-03-13,191.4324970696606,426.58873453139972,11163.927513302602,366.41161413080613,38.084999084472656,2747.7783209199074,682.69667152659667,457.89459783051433
2025-03-14,195.46049733087995,438.13144290613212,11435.78703088343,373.35931367618196,38.520000457763672,2764.5534673962366,703.28151858646333,481.38310981935155
2025-03-17,195.46585640140776,439.93335842131938,11482.864262711748,375.93231370937923,38.735000610351562,2762.6359177793297,704.13882013752584,486.47672425272043
2025-03-18,193.59500610775353,430.93265837444574,11321.513428487429,372.23247608619926,38.924999237060554,2784.8254796106721,695.25166270343664,468.2594434320165
2025-03-19,195.55239043913707,435.88848849091016,11422.606408423595,375.01135298810482,39.205001831054688,2780.0217834226523,706.44117276805491,479.89883141524177
2025-03-20,195.0082245488428,435.50877493507448,11427.854372915841,375.69076989835224,38.825000762939446,2789.4296827511707,702.59985430805557,477.8500269047521
2025-03-21,199.81729042164378,439.16637074896937,11495.746560052845,377.87214291188724,38.569999694824219,2782.9812507864604,726.80356048519332,483.44657478390059
2025-03-24,202.45982263873296,449.6709276085802,11721.289308685353,383.89869496185577,38.520000457763672,2783.0069458868597,740.51896497524842,505.63972326971322
2025-03-25,205.84141288718772,453.58458762413943,11775.19160787894,385.34115749946676,38.904998779296882,2800.8334531101191,757.96847082525039,512.93457457870727
2025-03-26,204.10289705167307,445.90205719842641,11661.177838482959,384.47464615656639,38.564998626708977,2801.8573663970296,747.80087415707362,494.7943397146405
2025-03-27,207.1125783395446,445.23620328452904,11671.810024398814,384.92648817113655,38.349998474121087,2849.5462468818992,762.76022617579588,491.22423271864494
2025-03-28,200.5072502877037,431.14846371688566,11379.370722949423,376.20024685071087,38.025001525878906,2857.6053044096616,728.35196136293985,462.81912643583092
2025-03-31,203.96692907818368,430.21738880954882,11419.351125949488,379.2516519436254,37.430000305175774,2885.0925968409515,747.9740953831656,461.79998533573485
2025-04-01,205.03561894698217,433.88719937722681,11468.154607744887,379.16608817000872,37.845001220703125,2907.8793446336772,753.67857537764439,469.4634795940276
2025-04-02,206.11482685427464,437.98074076576927,11570.131227756583,382.1796425064411,37.75,2932.756128281972,758.82998249364914,477.32635664321663
2025-04-03,185.12563125104094,410.25119606035543,10896.950725154622,363.16563703846504,36.520000457763672,2861.6623352780657,646.83964875071683,421.8167879291484
2025-04-04,169.53345471863409,380.06572767925957,10122.002448143188,339.24893039458283,34.979999542236328,2748.5243033262363,569.07468078633235,364.90214448622095
2025-04-07,164.1858600310988,383.03617687940664,10152.955648182475,337.82864405940887,33.525001525878906,2707.0763188121682,540.61572660616071,368.63943932475132
2025-04-08,156.99521201895621,378.52226922845477,10056.927437858414,337.20227830182137,34.240001678466797,2739.441943395429,503.38744484328959,357.61445298674806
2025-04-09,179.98760794626986,421.44377674501027,10948.746708957839,361.55831378437938,33.104999542236328,2804.4402531564219,615.46304894814898,440.83551823563556
2025-04-10,172.80390662892162,404.56452808107235,10599.117393049677,353.21144507130305,34.375,2901.2799817486311,577.81886262614842,404.3813151562926
2025-04-11,174.93472080344279,400.82696731248649,10498.046127606602,349.02817659789923,34.240001678466797,2882.0809950783369,596.35343629252179,407.89302520374969
2025-04-14,177.44814933648559,400.50905545238271,10501.896574543969,349.42854683664245,35.009998321533203,2844.2737535701649,611.44825123669204,410.3134690085098
2025-04-15,177.16944246369712,401.07835464918799,10487.952731186851,348.06133760312724,35.330001831054688,2857.5791568124268,609.91405052639641,411.35424599987715
2025-04-16,170.98026935557766,390.6032897778735,10295.871408574703,343.50159548526443,35.305000305175781,2963.3375127995623,576.68515876614799,388.15545761711201
2025-04-17,171.78151905150466,386.96512219621076,10215.507727826294,335.88929409378619,35.084999084472656,2920.4711900364014,583.37309634698829,384.47082507856044
2025-04-22,172.43357726164183,383.39434181447831,10123.385570708473,332.93864253704771,35.349998474121094,2970.0908035407069,589.34723884402104,380.75422621422473
2025-04-23,179.14255531934535,397.66830940291555,10438.71563320819,341.15755176814071,36.110000610351562,2901.9705202233831,619.54922553912468,403.68751429051684
2025-04-24,182.82866566077945,409.72079504031711,10672.6846229854,346.25598178247481,36.235000610351562,2956.2112346387248,638.01733515904425,427.30502599731705
2025-04-25,182.90744107074553,412.66460498181914,10709.277027064567,344.93322222975814,36.479999542236328,2900.4808987355345,639.67998126031398,435.12006698407919
2025-04-28,184.12481854256669,413.57979434631545,10743.513351368116,346.88585067633585,36.654998779296882,2951.2986894708815,645.25517467135808,435.94662128084349
2025-04-29,183.99175064099398,413.9029057800787,10743.374244868419,347.39968129756261,36.560001373291016,2921.8671695635521,646.42206816323221,439.14972548692828
2025-04-30,185.43867106635685,414.57311707779962,10778.915191805407,348.97660143818206,36.75,2914.236146805853,653.48313069744222,439.80535176295348
2025-05-02,180.67071428496052,429.72199080010006,11097.420930563865,357.64368591174303,37.584999084472656,2871.0666139028449,625.52545945415386,468.50748059950092
2025-05-05,174.57396656523431,426.16408790501691,11001.133888136967,356.12554250008634,37.544998168945312,2934.0561580760818,594.60127453553832,461.85555703265931
2025-05-06,174.39232600890466,422.56815275993222,10926.152816832102,352.96032282082143,37.389999389648438,3025.4471200300263,593.41407255905494,453.65870253871122
2025-05-07,171.96022319722147,423.12803467117629,10945.294912986274,354.46913392369282,37.049999237060554,2990.366746039645,581.76899830128298,456.03617104780568
2025-05-08,173.60617262173312,428.87876838571566,11044.3768787958,358.06340582938202,37.419998168945312,2924.057817033628,589.18142217628281,466.9579195604785
2025-05-09,175.79504233628487,431.72804857998955,11119.081629523202,359.40627667126472,37.659999847412102,2979.2697656773403,598.17262135524186,469.75189431309207
2025-05-12,186.80563857534571,449.09990392893502,11476.879722211312,369.51970030073954,38.284999847412102,2874.5340154202022,654.51510389120415,507.78230390168511
2025-05-13,190.98225254615966,461.45374904178243,11700.057679466719,371.58681320570349,38.444999694824219,2927.1122257026354,672.51136939185392,529.58289318325876
2025-05-14,188.91214174382205,460.48496295210816,11618.358102231399,367.75821274895088,38.25,2850.3722689402516,664.28197468968256,531.61934308973355
2025-05-15,188.19019831700851,461.14056432123255,11673.04693572541,370.44048501489806,38.330001831054688,2885.5483892839752,660.36634694461191,532.96069025212273
2025-05-16,187.84027456483636,462.70227898016338,11745.054607081052,373.05083420029496,38.505001068115234,2847.5718479021234,658.84202317337201,537.0830960406829
2025-05-19,185.72040228859311,463.35838922598816,11762.448930585131,374.52577096700463,38.619998931884766,2890.2639924857258,647.53779389388558,538.35977467505825
2025-05-20,183.26106779759584,459.92818639446722,11669.204897995223,372.06398958155148,38.950000762939446,2923.9512102150379,635.99769695540044,532.58724736884255
2025-05-21,178.17043046574079,451.34590971000927,11425.825022919473,363.13840276869126,38.794998168945312,2935.4298334685645,611.03357759304936,515.28365251070556
2025-05-22,176.84952282881665,450.46523467092902,11377.404363402313,361.81341987602895,38.505001068115234,2907.9035219234261,605.40417310232397,515.23877650930581
2025-05-23,172.25091399990026,448.2455884975912,11351.195034264958,361.23541509754546,37.875,2983.3777987416597,580.46678149239722,507.90760591708141
2025-05-27,174.95482308672149,454.49460435514106,11475.908503328621,364.31663731048144,38.419998168945312,2898.015076382083,596.85232660661131,526.82515547547962
2025-05-28,175.93215738771033,454.53118851697542,11463.842030601309,363.86972998703396,38.209999084472656,2906.2992454349505,600.5008979833292,524.52208853642833
2025-05-29,177.13538160360017,459.61721891748033,11615.967971122394,368.12568414100252,38.194999694824219,2952.8162813461163,603.89720896778203,531.43183672588714
2025-05-30,175.67000172029512,453.05678419641788,11468.358338517617,363.77991705286001,38.055000305175774,2890.4825807024795,600.24320787586703,523.01883468352787
2025-06-02,176.80283322366128,457.6431244041932,11542.214852374318,365.32443525208453,38,2992.2537309750014,605.38684075065657,532.45346650481542
2025-06-03,176.6214055931799,457.18846559123983,11507.850247360386,364.09647617092872,38.125,2948.5458856326145,607.10119154489064,536.05028012244395
2025-06-04,177.29816551467485,461.24091597669138,11578.910649560452,365.38247688660317,38.325000762939446,2985.8233125280558,608.75133194162925,542.30530977227647
2025-06-05,174.8067227434521,456.26296578669007,11480.843255417598,363.34900122684274,38.255001068115234,2954.9002667117534,596.92124216298851,532.38386427561727
2025-06-06,177.18011696916784,459.44437012114594,11568.011791627818,366.10948449824969,38.334999084472656,2921.8162861971787,609.9064572470445,541.28587584420006
2025-06-09,175.73968709843507,461.97578308205647,11626.327336246659,367.56833766458777,38.314998626708977,2940.8717843845156,601.23938881862568,545.06823234016179
2025-06-10,176.49137885172777,464.20900299607513,11669.787636876779,367.98915479638015,38.330001831054688,2925.6087511012834,605.62847081556447,551.30181438636703
2025-06-11,172.96140086177022,462.2641924690318,11628.342222060555,367.67778161449183,38.215000152587891,2923.4636863007177,587.70802003902486,547.13609126965105
2025-06-12,172.24444518328789,460.45582346226394,11600.019414320173,366.13863983132001,38.165000915527344,2956.2092359091589,585.88885313035928,546.27208251558363
2025-06-13,168.5351878054864,451.11135002685745,11381.008454322111,356.78811271072993,37.759998321533203,2976.4863928153727,569.25936608004895,528.38162411418921
2025-06-16,170.86702432835281,459.11059461857053,11533.090779157146,361.07248002723213,38.055000305175774,2956.9898785387513,580.00061117968869,545.1284245621946
2025-06-17,168.55093085417906,454.84387930572763,11442.406801836663,358.55303509164276,37.759998321533203,2949.3532824814447,568.07374780268856,534.74421642107006
2025-06-18,170.3741541381192,457.48761022119777,11507.703842941512,360.46828686917559,37.615001678466797,2968.0462467304142,575.5915062908482,537.7608091199636
2025-06-20,173.74886957126799,454.42677993406033,11453.220674785369,359.6259856596123,37.345001220703125,2940.8190254761553,593.44665810777337,531.97288704133189
2025-06-23,174.36153299107977,459.57510570220251,11575.435851089953,363.37873650328169,37.090000152587891,2951.95243014782,596.2780870327623,543.47543835675469
2025-06-24,171.85604251764443,462.65322204024181,11605.3518558715,364.59377363827116,37.470001220703125,2874.2883227762759,585.94939307631716,555.35589135550413
2025-06-25,172.74054558355891,463.30887493101363,11592.221387085754,363.3931828335655,37.200000762939446,2878.9441538987148,590.80601540717839,557.56118137407213
2025-06-26,171.20644748233218,464.77915199772269,11613.819864534715,364.58900840574489,37.194999694824219,2865.5197725546332,584.74341379988471,564.5120259603782
2025-06-27,171.15050967869544,466.03247343533025,11666.823405049276,367.74198736967458,37.854999542236328,2811.7857697789796,584.66862999939406,567.96547885823009
2025-06-30,174.10698048253343,467.64153860744489,11692.828281729642,368.8552193241083,37.740001678466797,2820.4758684981375,600.69649170642435,573.59415682650285
2025-07-01,175.46233027687163,461.35035445213015,11620.838155321788,370.51776579105859,37.729999542236328,2841.903527328388,609.23238498639114,561.06699521503128
2025-07-02,179.08389890786859,463.84098883553236,11658.120722949863,369.79158179514428,38.104999542236328,2845.8674473433039,628.56832667806646,567.99791787198103
2025-07-03,180.10036365149867,468.61545669898351,11762.451045650856,372.76926015907242,38.180000305175774,2832.9071889083516,633.7788749327392,579.43626898382547
2025-07-07,177.35677788788334,465.85375327968194,11689.469557357157,369.97700385036609,38.025001525878906,2837.5024532916323,618.7732191252536,571.6494146396609
2025-07-08,178.07626566200679,467.8725559204666,11725.203460486107,370.0167206313821,38.235000610351562,2826.1313399399228,621.37217988195971,574.44895238822528
2025-07-09,179.21723623701979,471.66569570624273,11808.470915364982,372.18629303754363,38.784999847412102,2832.5141735175989,627.02681755566527,583.17672452296119
2025-07-10,180.19376194133454,470.72223467601981,11835.895794841445,373.63374630035838,38.915000915527344,2834.9262445459312,632.3281330394168,581.17194373300936
2025-07-11,179.56836492859614,470.8034395106111,11825.520216914003,372.08331280766851,38.544998168945312,2874.5381024588219,628.26842160416732,579.96111638964271
2025-07-14,177.72185711322058,473.34600656083927,11863.117671519456,373.5894651866019,38.435001373291016,2875.4233388277416,618.02255499854505,585.20040893095995
2025-07-15,178.38068176244585,474.42196027139704,11833.299802174446,370.36807324450257,38.235000610351562,2860.1189307610562,621.04039634737057,587.06785238945326
2025-07-16,180.18620217796354,477.31782627601609,11931.33661689562,374.11668210265486,38.025001525878906,2893.931854477351,628.89354598872012,591.25546600930511
2025-07-17,179.62722889507373,480.00774364502502,11966.349469273864,375.61769113076849,38.525001525878906,2875.0178266527523,626.73358484939513,599.36067990330434
2025-07-18,180.93459822335748,480.38331274582379,11986.88987385994,374.76920272765005,38.520000457763672,2891.2276124687651,633.02893174692974,599.25251089798087
2025-07-21,181.80949486689846,482.24026438780731,11988.190615622669,374.42933848623335,38.415000915527344,2928.7888028762541,638.0357914677129,604.6718945344461
2025-07-22,182.4516268454214,477.12732666061169,11930.654209288599,373.66325324232497,38.115001678466797,2944.7078426395678,643.15621301593342,595.14828483756503
2025-07-23,181.54623733614901,477.48198236347463,11978.305115258483,376.6350903852117,38.659999847412102,2894.2455713206105,639.59109956544819,598.29506226474712
2025-07-24,180.67528206274616,477.07140277548712,11951.022594077191,372.92642955546387,38.5,2865.1471000870815,635.94207139619243,599.05011974439674
2025-07-25,181.05552377172509,478.957329920284,12017.660688895428,375.09712325124991,38.604999542236328,2837.3279555227373,637.4591916154875,602.86238190172935
2025-07-28,181.18881478091856,480.42601505099651,12019.073272389698,374.50710353945527,38.444999694824219,2815.3867060109587,638.18183892155787,606.59503539557352
2025-07-29,181.30398594170578,486.30264538734065,12148.965560571398,378.10115783560246,38.720001220703125,2866.318532205531,634.38605640287074,613.06237429128066
2025-07-30,180.11037980274793,488.88552602858613,12181.981466174937,378.13836991795864,38.740001678466797,2853.2730754048007,626.86336365214277,617.14318097430476
2025-07-31,180.73779089281427,491.46822773241962,12267.061250330895,379.21386351883541,38.294998168945312,2881.3523681223674,626.80445618275485,617.09830473952047
2025-08-01,176.30527621620445,482.02370548959556,12077.331601364423,374.5775370533932,37.154998779296882,2976.0830810791854,603.59226467113763,593.07750224404924
2025-08-04,174.65911355309245,484.01423760536943,12083.435402976991,374.47175792613945,37.584999084472656,2957.1885824248952,599.38272052537025,606.31603854092896
2025-08-05,174.32815118993915,480.83384979138606,12027.558983241732,373.98621534489627,37.544998168945312,2965.0048374721327,597.61306228965577,598.21448382901985
2025-08-06,183.28115537145987,487.09296492060525,12120.345127288752,374.85040617980951,37.615001678466797,2965.1528524419427,643.52259003277641,613.53226370400694
2025-08-07,187.74632202256512,485.22137326557214,12023.620202183738,370.25608809034225,37.990001678466797,2961.2023989924542,669.35660989342693,613.23622818641081
2025-08-08,195.47289313700628,489.18219302662436,12104.515827735628,371.67893935365947,38.125,2989.9843145806612,711.063418117992,623.95589576883071
2025-08-11,194.32074572426538,488.93639358301806,12105.157465486425,370.984244721452,37.904998779296882,2923.0028753421725,703.90081245775207,621.7916069894336
2025-08-12,196.93229342695693,496.33887371384026,12273.952266007214,375.87367628738076,38.169998168945312,2925.5194034389801,717.19706474891245,639.04047830074899
2025-08-13,199.08373652317559,494.09458025668516,12252.194701057955,377.97362544787489,38.450000762939446,2918.8000743612306,730.74977123531824,636.46884331306126
2025-08-14,198.00682368212384,492.20104245214515,12218.850857570724,376.59920490455085,38.759998321533203,2888.440865679228,725.93827795240384,633.53772152430531
2025-08-15,198.03518876938753,492.62517346018058,12250.576830825334,379.12494115680227,39.014999389648438,2903.184100197087,724.1768976565105,631.28292684787652
2025-08-18,196.50495565414829,490.1051919834195,12192.468764526822,376.93299065181685,38.819999694824219,2885.5549256292925,717.4918816119939,627.80330748504537
2025-08-19,196.86730515547836,485.04043272083521,12161.7996165144,378.37070601562385,39.290000915527344,2878.4731192287136,718.30047989150592,612.76992585936307
2025-08-20,193.41005686809754,483.22958697419534,12159.43040979024,379.26862670814194,39.255001068115234,2910.4504813412432,698.58280379551888,606.83601024803136
2025-08-21,192.30778832186539,480.61158900198257,12102.720728186599,377.77922648998924,39.090000152587891,2902.2245745379823,692.8873609352936,600.74110431797919
2025-08-22,195.4023081104136,489.65244733099394,12327.981024324723,386.39129477449347,39.244998931884766,2943.6703470172406,708.45727485304189,621.34048286122334
2025-08-25,193.28066119323702,484.21419471539775,12174.418834038535,380.20951495542073,38.599998474121087,2918.5449986083295,699.83951142923729,612.66194845236873
2025-08-26,196.64073549428491,489.97256178830406,12321.437019443967,384.39341934374431,37.970001220703125,2954.7832044736742,715.34369415696551,622.42711216233533
2025-08-27,197.2966669076919,489.8419118859515,12328.682093511103,385.0013103443049,38.125,2962.8646711551983,719.56707709076875,623.21612249522934
2025-08-28,198.92259664839182,492.54679909786194,12358.832508120191,385.3601311061874,38.220001220703125,2982.7559485911943,728.72587501637804,630.55587003395351
2025-08-29,197.99206935502809,485.44468442994793,12245.521443325542,383.6626664433831,37.915000915527344,3009.9575861424642,724.66084552038797,614.1857784315664
2025-09-02,195.35358536103917,479.96516083605854,12127.522814157888,380.45755381043176,37.659999847412102,3066.0862765847037,711.2377697775629,602.12123618801422
2025-09-03,204.18684877357924,487.062347467054,12273.28865078046,382.77408045851007,38,3124.3484927680606,757.03611590748005,615.79437176566989
2025-09-04,204.87847898066272,490.44159945726079,12350.90587827441,385.16623178077214,37.909999847412102,3093.1057318141516,761.67530537642756,625.62892850122228
2025-09-05,204.8636980944371,491.29815857765084,12317.248502024024,383.54653952005856,37.805000305175774,3134.0199686496776,761.47740334824221,627.62455735490107
2025-09-08,202.34022429709464,491.32364189568648,12284.575035432525,382.71962456077006,38.095001220703125,3139.543210989772,749.23636767319772,630.70396032034273
2025-09-09,198.38968173442902,490.37257308486147,12259.395903457495,382.4108302244976,38.154998779296882,3128.6917676854696,729.07542147449567,631.26150078751607
2025-09-10,193.0788297579968,493.31579147880336,12366.076602392304,382.83358972588104,38.200000762939446,3146.2691121442872,697.73169576900898,635.25819769917325
2025-09-11,195.82574843242503,496.1580988663876,12470.389608490017,387.84055293615427,38.525001525878906,3138.9075432544137,712.64199659303108,642.61566037612738
2025-09-12,198.73333401057715,497.01987724277762,12431.608951809356,384.62846496583637,38.505001068115234,3141.4393713009781,729.4645652787176,646.56272157186663
2025-09-15,201.10777243304645,501.6257595131147,12501.718816528875,385.52774076857997,38.849998474121087,3171.4515935619515,742.28107589279284,658.09087813984377
2025-09-16,201.69909419588578,499.61504470245552,12446.528922072228,383.22946841643278,38.459999084472656,3166.5958137188595,746.72998123973275,654.89871422247415
2025-09-17,200.57472426205703,494.09542741502474,12321.874143780678,381.80652970504781,38.319999694824219,3131.7262271200793,743.87235818993543,646.3681974637467
2025-09-18,200.40392337037457,500.45051626636712,12428.256456479583,384.39979299751815,38.665000915527344,3110.2603937200106,741.50483233053251,660.5323215361567
2025-09-19,207.44226321546932,505.34574858508591,12526.377388874398,386.91058147458415,38.654998779296882,3142.8890266563949,779.45887262420376,671.47820562582558
2025-09-22,217.37972233067379,510.68095491336908,12640.650617103891,389.30735588484202,38.549999237060554,3216.4231903818009,833.67169619939614,682.56076611546962
2025-09-23,214.8054173438077,504.53220497594617,12502.778561748393,386.5237018893144,38.779998779296882,3233.3479000479219,821.12782667532804,669.83349323784716
2025-09-24,212.77424099144645,502.19141589709386,12453.140345800275,384.54262527783129,38.529998779296882,3189.395314070905,809.94622051970418,664.37694294923779
2025-09-25,217.907005825331,502.99782869596709,12464.529531846063,385.4937272536821,38.375,3210.9031747810427,836.84716713331818,662.56246940526592
2025-09-26,218.23291458457524,508.61282707336238,12626.497283161982,390.60939106031503,38.825000762939446,3265.9508311602717,835.78587533337713,672.70155117253591
2025-09-29,216.50888777931362,508.98385513689453,12610.718012669249,389.73202019716592,38.865001678466797,3292.7262541164473,827.504857129269,676.29557679284596
2025-09-30,216.25034732073252,509.36811120116477,12638.512834811901,389.54888544390803,38.904998779296882,3301.5544783441765,826.84130223014597,678.654864993111
2025-10-01,216.86529339919858,511.61946151164523,12677.361031632718,389.83924010619273,39.305000305175774,3321.0208086670409,830.52341627518297,684.90880935441442
2025-10-02,218.32484216074337,513.80113665802389,12687.272574625311,390.61255956116895,39.735000610351562,3296.4723842002463,838.844444985932,690.6455475024319
2025-10-03,219.24759832533206,512.02831794777842,12699.097061624538,392.92766249131608,39.849998474121087,3333.7832901456027,843.84268225814196,685.35283784927435
2025-10-06,218.35275418920156,516.43028630018784,12760.088339893713,392.78774718981168,39.330001831054688,3394.9252234725973,838.22139948161873,696.3976242741378
2025-10-07,218.21503138303507,513.80724259594615,12713.923829881625,392.12921684879655,39.369998931884766,3419.5573418752006,837.34980946623898,689.19284998295007
2025-10-08,220.60832907997573,522.1804134161298,12849.11143210465,394.08732574445696,39.764999389648438,3492.6113158064313,849.12503817446066,708.36261964643279
2025-10-09,217.5943815686625,522.56354293715083,12839.08659907012,392.67705918228455,39.665000915527344,3415.2443608309791,830.89762218342219,708.02341599611407
2025-10-10,211.27265786328584,507.28053695923461,12563.421269024211,387.54867357695372,39.029998779296882,3458.625740881138,792.33436860887196,662.59863010565618
2025-10-13,212.6700776733862,516.43985917319208,12719.832973964545,391.28211288707485,39.174999237060554,3562.1913006382738,801.42351832511815,688.5799788609437
2025-10-14,213.41870208234116,514.57715650656758,12739.177998331026,394.21468698305148,39.099998474121087,3599.4256325355127,804.42314172042893,681.49569365974412
2025-10-15,214.11520614078756,516.62603145912442,12752.379341668333,393.01090294330663,39.869998931884766,3621.3590824245662,809.58926618185933,689.00370433343176
2025-10-16,211.68848448433894,512.7661936539148,12624.214999009686,388.85902773335152,40.439998626708977,3696.1018354300481,797.35684587495837,681.31431617756664
2025-10-17,214.84617860584981,513.78301764041726,12633.217005692793,389.08939686909059,40.360000610351562,3601.2336287209214,817.01322838332544,687.11896416514651
2025-10-20,224.12678290505431,522.13792025838268,12814.363877474389,394.9271523503873,40.520000457763672,3739.5803997634112,868.4745701119665,706.98211425967781
2025-10-21,224.83109139877635,522.58562751303941,12829.168958560007,397.23162816905568,40.810001373291016,3528.8131095125209,872.08230403025368,707.40329298792778
2025-10-22,221.97427960956568,519.51564836577768,12809.33722353622,395.81624628305576,40.509998321533203,3504.537420183839,853.80541583710215,696.40652295877294
2025-10-23,222.78957926203725,523.51828989647652,12875.194185187962,396.82301607432413,40.575000762939446,3571.185764472591,858.80653132501982,707.62226971610824
2025-10-24,225.38448538942896,528.67244036301122,12966.819649201001,400.67061477912341,40.5968017578125,3561.5282969093837,874.16468193264575,722.13890948263759
2025-10-27,230.25077162170305,537.45634951706256,13110.850283867418,402.86162954533251,40.674999237060554,3455.8165014104206,902.98873243331786,746.98296624884301
2025-10-28,230.01686685700454,540.65701390538641,13118.284371157613,403.69093566551447,40.564998626708977,3418.4559535217109,902.38998872950469,757.16575385769818
2025-10-29,230.49451710680265,542.80677584528837,13110.917145823751,402.81967898401183,40.474998474121087,3431.7603908490219,905.43742077310446,763.58407921365938
2025-10-30,233.03708012567199,537.01918417210015,13042.119801754689,403.55681378631152,40.275001525878906,3460.9826200940934,918.2922128202664,743.71352744796309
2025-10-31,232.7722398193844,541.04981072220176,13112.113500957848,405.19600494000167,40.110000610351562,3453.4554899729483,915.50141683170443,752.89265988308159
2025-11-03,232.52844761806176,545.73360606873132,13186.106771958162,404.87617801206829,40.009998321533203,3481.9441209552047,912.2991609894849,763.02668894335773
2025-11-04,233.56436470443475,535.06923997090337,13041.549781179865,402.98958196966379,39.825000762939446,3438.189273492726,918.04327138236488,732.61617269261319
2025-11-05,234.33446759335902,540.12719640709599,13127.558989738103,406.06545730364684,39.849998474121087,3476.4582382826197,921.2406634171399,744.32333519565088
2025-11-06,233.78502009241839,529.54856423845047,12968.240216876802,402.38499448113032,39.294998168945312,3471.4114803894781,918.45031533479812,715.89423822911078
2025-11-07,231.60189595962339,525.48038893988462,12926.96871290906,401.05270865604189,39.240001678466797,3471.9253044508559,907.67078314283083,708.14576505452612
2025-11-10,232.76282935863301,537.35444246712541,13133.774724906485,404.61963419587147,39.770000457763672,3570.7237090093699,914.28582479012391,739.82192076606918
2025-11-11,237.51629057713751,535.30450765913088,13145.843152362908,408.92062516587333,40.259998321533203,3561.6694379178166,942.82075267830942,735.03134518496904
2025-11-12,235.36398263096731,533.48540125560066,13120.300238017639,410.70256354544227,40.685001373291016,3636.3366484614448,931.2366801817933,731.95555527301542
2025-11-13,234.82113660195856,522.38186443740381,12898.230953172544,403.71586236484922,40.634998321533203,3618.385480147479,928.20375851701863,701.78367951442578
2025-11-14,233.55516044469547,520.9890178926189,12850.382755019958,399.84364842211693,40.340000152587891,3519.7837566393127,922.2845965676222,700.44117995992985
2025-11-17,229.63927182173271,517.27855636969207,12752.112762578492,395.7648792681353,40.090000152587891,3507.8595016368604,898.42966060090771,689.46198065055887
2025-11-18,230.11284354282753,512.07245920395178,12674.790600889983,392.34112862467265,39.340000152587891,3508.4544341706232,900.24875530923975,674.11040441898115
2025-11-19,231.26403922348496,515.5474789696259,12733.109530873713,393.05102009306023,39.270000457763672,3525.3755278952249,906.63913031898869,682.7127624383379
2025-11-20,230.07935957194616,505.10972794719567,12580.67010053171,391.30391420329983,39.375,3517.9899318512244,898.08185615616424,652.67275974408062
2025-11-21,234.73201674099576,509.17470727234542,12711.956993301286,395.82963341452489,39.400001525878906,3536.7633788237317,925.08492923870119,662.83130019334624
2025-11-24,239.12086134409168,523.41864722734283,12938.974061575929,398.36038571325719,39.319999694824219,3557.8187595207228,949.94671863563201,698.3641241641584
2025-11-25,239.77116267018002,526.07518953845806,13042.920387121423,403.70429579113176,39.659999847412102,3593.7270981477354,954.33562679026932,706.20843547017057
2025-11-26,239.34326417860549,528.66919107347474,13082.388800086253,404.84720246969238,39.979999542236328,3601.60713488692,953.62793289735532,715.90639815106977
2025-11-28,239.73844818969647,531.34644480986435,13113.218900956472,406.03319671705759,40.099998474121087,3668.0640051071555,957.42902444748438,725.31825917808987
2025-12-01,243.35848064352552,529.4880979940948,13043.179265136767,402.69271923645817,39.985000610351562,3684.7065936499275,979.18128614111095,720.34567238608986
2025-12-02,245.88339578105104,533.34704841591201,13068.635929052381,404.12741388397416,39.900001525878906,3636.218971919272,994.68152991752629,731.23000988621266
2025-12-03,243.705658129656,533.71956742714292,13085.192733587959,406.94648733186079,39.974998474121087,3639.9501301747605,982.33292000179927,733.52461507211217
2025-12-04,239.94327739163626,531.44357370742966,13056.498248671483,405.30075848668872,40.119998931884766,3636.8026406028657,961.22385338111724,729.7164714870072
2025-12-05,238.79413778754886,534.71241018449655,13110.798488904324,406.95156433787997,40.095001220703125,3644.3125595903134,953.32614061438062,737.18639443088716
2025-12-08,238.08445589996776,533.80459885004177,13069.198021245884,405.44743995818339,40.055000305175774,3623.3839054995806,948.97085616381617,734.52019666515696
2025-12-09,237.45130832364794,534.40708777283407,13056.508930270185,403.93822283435139,39.814998626708977,3638.8962063580648,945.23505818389947,736.25512780793679
2025-12-10,239.09162260511417,537.20167602026379,13159.905409339819,408.57900611571887,39.654998779296882,3633.1152866727848,954.49594781501469,743.12404499020715
2025-12-11,236.96223585976526,532.12683906641939,13105.223380387815,411.53225124529911,39.974998474121087,3685.933219325665,944.71914032006441,733.71539499198968
2025-12-12,236.40375074547492,520.25553453890836,12924.075350823829,408.11679989000538,39.884998321533203,3686.9756091468212,942.91589311496898,703.36503840916407
2025-12-15,232.89679823152906,517.72317043470173,12907.586265059801,407.9857115087313,40.215000152587891,3693.4172719227204,921.86227166485526,696.41035832890088
2025-12-16,232.9847778232342,518.00023244299825,12858.716052217325,404.71798112911722,40.080001831054688,3685.6174779285639,923.05010466826127,698.16117038470475
2025-12-17,230.73496739867667,508.61918377223674,12715.442971653869,403.06270076839996,39.990001678466797,3722.6264001473187,909.47925418585714,672.56993043154876
2025-12-18,231.17322825772573,516.30436123127538,12824.298979399051,403.90579945923815,40.325000762939446,3716.8956066474743,911.79264368883889,692.4839303135717
2025-12-19,232.76043497276692,523.77773616279944,12956.064868126945,405.9002513368473,40.340000152587891,3741.6208247858267,920.5353017939766,711.54712775402379
2025-12-22,230.80993265665873,527.07839862114201,13059.811408506332,408.4611362810482,40.145000457763672,3817.3591256942323,908.27353751110866,719.44700670757686
2025-12-23,230.85313579186212,526.94293766106262,13054.771173440311,407.09993956430577,40.034999847412102,3829.4399038702654,910.7616935726719,722.61496270891507
2025-12-24,231.50048399188503,527.15996553339062,13064.034919372752,408.41098137060754,40.080001831054688,3817.3834103064701,915.73387652741917,725.02126462177057
2025-12-29,231.9060019002219,525.58937244783635,13041.281687991595,407.16765382141955,40.090000152587891,3689.5409047409257,917.2528818265672,719.298944287528
2025-12-30,231.3271913198781,524.36419265425025,13023.213262795969,406.3226742202105,40.384998321533203,3725.7667507846954,913.82427945062148,715.95400948186739
2025-12-31,230.79532100719445,521.16257938251181,12956.560399003769,404.66460402281513,40.345001220703125,3695.4048593599796,909.67749966815904,705.65183564973154
2026-01-02,230.01158769711608,520.01248086893725,12980.607954991607,407.13130133024168,40.540000915527344,3684.619651849659,905.16676458668087,702.72802014997001
2026-01-05,227.71645492370746,526.19382727881316,13114.238291110523,413.91335514977862,40.619998931884766,3803.1835448420429,889.84777155420818,716.6848689199353
2026-01-06,223.34519793707554,530.35131218267964,13184.885677670192,417.63681303775417,40.735000610351562,3837.9159391461303,864.61600955377594,728.63915301336419
2026-01-07,222.12331898936196,532.07443199342038,13169.626133116624,414.65551133239012,40.735000610351562,3817.9363284328842,856.53322677551967,731.70937906457129
2026-01-08,221.23966621195407,529.56691636044513,13183.576164565535,417.23981077258469,40.770000457763672,3820.1438443612878,851.00150655389382,724.09422967996215
2026-01-09,221.88104169960178,535.70964215734296,13291.035453363555,420.02979755455533,41.349998474121087,3860.8269044308372,854.01150196775234,739.71731462813864
2026-01-12,223.28789704923147,537.72927754782245,13352.235457629624,422.01263993895816,41.340000152587891,3970.0729565527745,860.87942197106395,743.12163506648483
2026-01-13,223.14377921422266,534.94098470303015,13277.173747832705,417.09036718306407,41.299999237060554,3941.9804014950082,861.64206988017065,738.17056764002598
2026-01-14,222.67871060752822,530.33771171949718,13234.36881244586,417.66036987813391,41.209999084472656,3981.6956956768367,858.04357520199142,723.91609357695108
2026-01-15,221.10760913011677,532.07312077357972,13264.528171494458,419.98737436211849,41.115001678466797,3970.0939438434038,849.10259803603003,728.88979752350303
2026-01-16,219.5160235695152,533.33700048735193,13299.559541449664,420.58644644026674,40.840000152587891,3958.4775708226307,838.56985114562838,730.00963974043373
2026-01-20,211.38187749664115,520.65373635060291,12991.956435821232,412.23703426332338,39.875,4094.632375826257,793.04560051554256,697.17882931171607
2026-01-21,210.59051903289341,523.70001322416942,13043.310365969994,414.11325479538777,39.919998168945312,4124.7913534058134,791.59203078226574,710.61148716126934
2026-01-22,212.17894082279645,529.987665641646,13176.783331122346,418.51066416789149,40.284999847412102,4209.2114333776863,798.68678899935162,724.3331109069785
2026-01-23,210.4422497804874,527.96847862001061,13090.718601382772,413.2805029206483,40.290000915527344,4236.3804219712583,791.65447569404614,723.84465676299146
2026-01-26,214.79749266028622,525.64776430886059,13041.038753990286,412.27320895151041,40.244998931884766,4285.9706451659922,819.69653783055355,723.82010592653501
2026-01-27,216.87302851220204,529.60779112766136,13074.425148882579,408.31466516613898,40.330001831054688,4279.5494281329084,832.19942170716922,735.82472389998134
2026-01-28,212.8070346089213,525.12025746322661,12919.913985030844,403.57623278107047,39.884998321533203,4413.1785445856312,813.6834419825866,731.99790299915287
2026-01-29,215.04746418601465,523.71486873438755,12946.350582587165,404.98582548550257,39.930000305175774,4440.2257563710473,825.1787678330968,725.64301702901207
2026-01-30,216.26399824180763,517.94517046037583,12904.478159779916,404.41747504528479,40.185001373291016,3965.5750398851037,831.76576905865534,708.9243053494996
2026-02-02,227.25367826262359,526.63105862634268,13102.262456192595,412.57084000054328,40.465000152587891,3926.5155739820107,891.07575178961065,725.72857657050997
2026-02-03,227.77778624233505,520.75794735204795,13047.819854732705,412.89306579988704,40.474998474121087,4182.6590872281722,892.25257431032992,706.43732116971182
2026-02-04,233.35827161497713,510.9062253930727,12962.566002330284,414.32747722303361,40.889999389648438,4189.8620289934615,925.70037363208917,680.75032404054411
2026-02-05,233.15494611478144,504.17032844266009,12819.601563323871,409.93995999164446,40.729999542236328,4143.068741886309,923.92177831591255,661.96350480026081
2026-02-06,235.49674336813803,515.86648371107151,13098.999039371789,420.95011524805739,40.924999237060554,4228.0989956166977,936.90922631929016,691.34112441317302
2026-02-09,231.80775439167712,517.71199670167448,13108.351152725478,419.40353330104227,41.134998321533203,4295.1915368513792,916.79256600065344,699.08866627140549
2026-02-10,229.49530555454302,511.92191185842677,12979.88123828091,417.21117373754282,41.180000305175774,4226.2914229383114,906.08812039986344,688.04812082995807
2026-02-11,231.3019890043187,513.91812615014601,12995.371864539398,417.24333614672298,41.130001068115234,4288.1951622130691,916.23769865813358,692.57871978459184
2026-02-12,219.99193886028851,504.04028843357753,12807.527955365613,412.1703190297323,41.259998321533203,4166.7009130263577,848.51243530866373,665.16459426940742
2026-02-13,215.12865447559795,505.43835205726168,12824.025537222515,412.94327618474807,41.084999084472656,4251.861059140655,820.10365853195378,668.42789465306419
2026-02-17,222.28902889661228,505.70878527673534,12859.061383823035,414.06620978382779,41.345001220703125,4140.0400997786419,860.40593622978452,668.09599163300925
2026-02-18,222.64800573402644,509.4004116252035,12928.97561167944,414.95765281500189,41.715000152587891,4226.765593508143,862.56155102207083,677.96094518926623
2026-02-19,220.64580018899414,510.1619308750611,12963.184679845022,414.97648939069359,41.549999237060554,4239.0941628717001,848.62117158885576,676.36416980773538
2026-02-20,224.40786547343285,515.53791331157026,13075.419809459794,417.61833150049523,42.134998321533203,4317.1391851867384,869.61462626204127,689.48663253324526
2026-02-23,224.51344344746951,506.44859236767752,12868.285222587831,408.5474130511007,42.020000457763672,4415.4754071411708,872.6385803464874,668.99631368651467
2026-02-24,230.33648253940785,513.66361045194503,13012.501161532753,413.13953746707529,42.125,4388.9846437920742,905.07508605609735,685.73796740848968
2026-02-25,232.47225662603205,521.93176484356513,13139.492518462141,416.34197798655612,42.310001373291016,4438.2984730782682,916.94822833506407,706.73009365519192
2026-02-26,230.60515586385529,513.89229602882699,13024.897298612752,414.9683897475179,42.625,4396.2150301908596,907.45097671912913,687.34660373165002
2026-02-27,223.42513700497923,512.77401662441548,12982.936202240155,411.03005363040472,42.419998168945312,4446.2307323428713,864.60358124817537,683.64856883500988
2026-03-02,224.71155545909332,515.35241953984473,13037.327998940853,412.14894438575499,41.479999542236328,4516.8782888124242,870.46863912812239,687.990134236063
2026-03-03,225.07822919708099,512.5451657267829,12983.358049648477,411.23956713887594,40.080001831054688,4380.2513301302379,870.28581256965856,676.83793470805563
2026-03-04,225.66899687261832,524.16830043888467,13180.062547633439,416.14501589971354,40.360000610351562,4421.7985335470812,870.52586026477184,702.57947931327453
2026-03-05,223.30255236733893,521.53928544205598,13079.786027671887,408.58217022940249,39.770000457763672,4364.7875890410733,857.70729042762832,696.94317117600508
2026-03-06,221.39894517625632,514.91298212456093,12938.590299758122,405.6172366131895,39.580001831054688,4444.0654254853198,845.72170486957157,677.57919247400775
2026-03-09,225.12470947076432,525.63008297495321,13143.311912559897,410.88093605786059,39.220001220703125,4429.0419979038761,863.95772568271707,700.798027473518
2026-03-10,224.11990260273657,521.38667778730621,13010.583212342681,407.40366145821105,39.924999237060554,4512.3474926176814,861.66792528798896,695.15191129849632
2026-03-11,224.21725242765493,521.58449586171378,13006.787305149019,405.14592048018415,39.805000305175774,4460.3966085518832,862.00911031512965,695.32405740706702
2026-03-12,221.1727409309452,515.656120096481,12884.819067518125,401.24424329773751,39.569999694824219,4440.5316585060973,841.90977560081546,675.4164617902037
2026-03-13,216.69994373555753,513.55834337119404,12832.406570710167,401.0744468174791,39.169998168945312,4393.2016197703197,815.58354521814374,668.65799334118788
2026-03-16,220.69725332245255,523.2502738087469,13061.855637895673,407.48086403678224,39.310001373291016,4374.4240608928139,835.06341990112799,688.83443380669883
2026-03-17,220.68458685537456,522.85773978638701,13021.547114485822,405.7146170849507,39.540000915527344,4355.1310431033462,837.33102865762635,691.66058126605344
2026-03-18,216.20967810083846,513.78464443096652,12799.951180261112,397.52747096880694,39.470001220703125,4242.9982965942527,813.31184014760481,670.05003873951011
2026-03-19,216.77102027472742,515.51187926168154,12849.035236416481,398.45186363950205,38.689998626708977,4017.3679771939469,813.81854591116485,670.17114871362287
2026-03-20,213.81732439356469,501.04208883089393,12531.244466744556,390.97854675869206,38.034999847412102,3951.5242928846797,801.15960197550817,639.09536938510757
2026-03-23,217.1613844752037,507.55632149107726,12694.609360646869,396.78911836247454,38.290000915527344,3812.4907345955039,819.35167338184658,654.75172843766711
2026-03-24,216.41171477986518,502.04664713929481,12596.041768308965,394.49930859957522,38.375,3792.4989848779264,816.76650199221876,643.18587754853422
2026-03-25,217.11330642127712,505.01946188956629,12656.560388780032,396.78186629235705,38.900001525878906,3919.4389871881549,821.00380046785403,651.22105845888473
2026-03-26,218.34502086201908,495.23302503091719,12493.50432634537,394.4587837730549,38.619998931884766,3785.2365360943968,826.10225290369306,622.98668579607966
2026-03-27,215.30546513736863,486.66931188306319,12313.072527563379,388.54446440723683,38.205001831054688,3894.6379429815111,807.90658853571517,600.01481590104629
2026-03-30,214.22773525097111,484.76018304195952,12310.564936763722,390.57999704155338,38.569999694824219,3938.3896017030361,800.32610319389892,593.05783415775011
2026-03-31,221.062657463352,502.57071064107947,12705.711260634693,401.31387316884815,38.814998626708977,4055.4961039587874,837.51014748321586,634.98063790253934
2026-04-01,220.46833064360223,503.75892511279824,12671.00113017114,399.31856602468457,39.615001678466797,4158.4705296004831,838.2645711754119,644.24858136404168
2026-04-02,220.40678572743585,503.62437953042297,12668.225459992402,398.39492133913438,39.505001068115234,4037.5052012377405,838.50538966199599,644.81414395260879
2026-04-07,219.25634730507377,508.89964469242329,12789.504801491426,400.80433562213841,39.255001068115234,4059.1056396285235,829.99703252950383,655.56585320419003
2026-04-08,221.14088634796701,517.51052880310101,12947.173976157963,407.10057784812489,41.095001220703125,4087.754470700645,845.86116854067473,685.90723531564436
2026-04-09,223.01905203985856,522.22908007500575,13058.332341026809,410.38546507466839,40.939998626708977,4132.3023117238445,855.64855709796166,696.8119181709809
2026-04-10,222.40208774308459,521.55538654376824,13009.191563418286,407.01525888220215,41.020000457763672,4094.8548132892752,853.26514995641207,696.91518189262081
2026-04-13,221.61451673738134,527.67660605773483,13159.668040661538,410.02604865555105,40.889999389648438,4083.373439552633,848.14421411320404,712.31240695269832
2026-04-14,219.53605083244406,532.97966550298884,13209.053638337451,409.59598072815874,41.354999542236328,4121.1300433986144,839.58908525762968,732.30141066161843
2026-04-15,225.39719957300733,539.0418415241287,13280.977898097628,407.88753677234996,41.110000610351562,4088.0013044977895,874.2988543889885,750.85597883982382
2026-04-16,222.64977927052874,541.19072374958648,13304.752995787301,408.31575721332922,41.020000457763672,4071.6685565184939,858.67435886409567,757.46269583966102
2026-04-17,228.93564552570868,549.50182536178431,13495.203570028052,416.64726062184121,41.814998626708977,4141.3163503124433,894.07433747188998,779.02805356823183
2026-04-20,232.14239294516989,549.69349550605477,13511.096105166162,418.21308663845747,41.340000152587891,4112.6888287557276,911.27932862731222,776.81773791358955
2026-04-21,225.4641973847462,545.59685922715823,13376.183289708679,414.17758780188893,40.924999237060554,4004.958303529475,873.6253804994526,768.08482402577272
2026-04-22,232.18446746314405,556.62069041820496,13562.509632709647,418.46876382044815,40.5,4047.0843871427719,911.19200260704122,796.49837347488926
2026-04-23,233.16421215397233,555.29253658143148,13550.742320567477,418.34157659635662,40.840000152587891,4035.524396175213,915.47191315250075,790.09678882252399
2026-04-24,231.58156008035385,566.98710732792654,13685.257213822584,418.4632638479427,40.514999389648438,4057.6416956828225,905.28291517422088,821.87763068879246
2026-04-27,228.19325909837195,566.19235462518066,13675.787180981499,417.33409245809673,40.465000152587891,4009.4996169583524,886.28758214926779,821.15804566518239
2026-04-28,230.50156588783588,559.68465981049906,13589.17082713186,416.38088509497879,40.375,3930.9189495561327,900.37883704142735,803.47364327936157
2026-04-29,230.15235565278536,563.37703466416644,13590.310076308046,414.24983722686665,40.235000610351562,3892.7841237596685,898.11632272324448,813.68884130412698
2026-04-30,231.81308238445502,570.24371084726261,13768.910819471901,422.20842644088043,40.485000610351562,3962.1042888185143,906.56383446211817,831.21663306318089
2026-05-04,235.64902055086048,572.57864783899254,13705.081876005197,414.69307591362377,39.845001220703125,3865.8168359915094,930.42733897404742,840.96572052110503
2026-05-05,242.62333049310902,581.72805850297789,13857.733160914695,418.81194395014393,40.455001831054688,3907.3922722178045,970.35278554351214,865.34685369680778
2026-05-06,244.9670163648322,592.60510155573365,14031.30430252473,423.12339721674118,41.619998931884766,4006.8198566042161,985.39986346962837,899.46742623686191
2026-05-07,244.24740921850707,590.30315190311308,13940.367233147959,419.32815997306403,41.090000152587891,4010.1534349069798,982.3855335188224,894.90335143652931
2026-05-08,249.58057075362223,604.95654863591335,14078.920661011238,420.08090912822917,40.674999237060554,4032.4487534198192,1013.8976516397776,938.12366074470515
2026-05-11,248.47589718240738,604.78699084876223,14061.897692311977,419.57741448791506,40.569999694824219,4017.9765466169188,1008.7719661317187,940.56929699094144
2026-05-12,250.04008323232208,599.092721543518,14026.621108149195,419.84017305457803,40.174999237060554,3978.5400859646352,1018.7723257050869,923.74323923217605
2026-05-13,254.45363423949337,607.71688101192171,14162.736302209643,420.79783608911384,40.290000915527344,4010.6731678260062,1043.8143106333407,946.83470800913972
2026-05-14,254.3118506206925,613.0491158291984,14295.100368075935,424.59717942417348,40.674999237060554,3999.0439105689934,1042.0782577793896,961.88339441740038
2026-05-15,257.21938631046822,606.59384462338335,14186.387752786455,422.16976422646053,40.029998779296882,3911.7376914853753,1057.5380489349454,937.17516554026133
2026-05-18,256.21927018189513,606.46359130875862,14235.007806532492,425.30621934038709,40.354999542236328,3924.4381749682279,1049.1995160672932,932.92543637655922
2026-05-19,256.29223714402082,600.61920543280655,14091.43890700729,421.2355838358539,40.290000915527344,3870.5647951334176,1051.4816788661719,918.20600530056583
2026-05-20,260.17608157128245,613.09391296488775,14302.786960754913,428.33865228268957,40.915000915527344,3907.3420957279423,1073.2075977298141,952.54872183215218
2026-05-21,262.12326219711338,613.30060117671781,14306.619345837451,430.12111208310137,40.744998931884766,3907.4130061594287,1086.0964009765835,954.68357453561703
2026-05-22,265.51061493591646,616.12333185071634,14365.95279369357,432.8503634600014,40.919998168945312,3892.2136084545277,1106.9537313605442,963.12745069499442
2026-05-26,264.71966098420415,626.18824948338693,14434.452999603263,431.50376951121683,41.319999694824219,3868.826332256418,1102.7791283451072,995.93757324928333
2026-05-27,266.89566424328092,625.50562664014944,14437.650311877445,432.91599085281052,41.455001831054688,3822.6879235115816,1116.3507985529152,993.71986291672624
2026-05-28,268.7580911959181,631.80698575151609,14544.475818067025,433.76669499679292,41.349998474121087,3872.727480704782,1127.1264376670126,1012.1223982868474
2026-05-29,267.5666712258656,632.23380608850505,14533.24041870019,435.64787584465807,41.409999847412102,3941.5290964018918,1121.3207433274711,1016.5236316977663
2026-06-01,262.72524129876894,636.24225079353278,14577.425447719135,436.35818185930191,41.174999237060554,3868.4331968488523,1090.6970298300093,1029.0699218305579
2026-06-02,270.66207061466093,639.90894940254896,14613.548553969953,439.0908308352673,41.505001068115234,3884.5827945573965,1139.4924383069592,1039.744355995995
2026-06-03,266.7269632418504,638.97187178471199,14522.758888336941,434.64519754760357,41.240001678466797,3843.4545601688569,1113.9858470900756,1035.5015135061965
2026-06-04,267.8531961361092,636.57564140359455,14600.092562021489,442.34558334953164,41.694999694824219,3880.4720105320216,1120.4328761020229,1026.6036362519048
2026-06-05,264.43162602156809,605.85044689693336,14212.055310347714,436.23123256666696,41.575000762939446,3759.0904695795134,1099.1203142811426,927.78889948377673
2026-06-08,261.46901701598222,620.12018472449506,14366.362810776989,438.95912518438621,41.505001068115234,3786.8202155753647,1076.3540121953174,964.24276716838062
2026-06-09,251.8116966438098,612.67350384256372,14322.588238335427,439.16763910002089,41.505001068115234,3718.1089869179837,1016.9943939019032,941.57351297756111
2026-06-10,252.55287675638382,600.07442481097098,14082.487205057832,431.01215452850073,41.319999694824219,3583.157545069228,1021.7893500945009,903.41275366897071
2026-06-11,256.05489428767692,620.32820211597232,14329.040621256183,438.85117912661252,41.564998626708977,3566.344356868261,1043.0540445397146,964.41774388215754
2026-06-12,251.27887619830267,621.80486869516949,14351.566774898796,440.49905165586915,42.294998168945312,3661.7297936998807,1015.6878278382818,972.36901672810063
2026-06-15,255.24649489334109,639.83837869103922,14558.011762010485,444.07738902353452,42.459999084472656,3750.3832066386053,1040.9314562347813,1031.0438117322117
2026-06-16,257.87211042819382,628.15865477843624,14486.791368468714,446.98906036877526,42.814998626708977,3755.6700388919417,1056.5943390846169,992.61253479768845
2026-06-17,254.69094562206456,620.98931095927014,14291.573794548878,441.98250563140419,42.694999694824219,3773.8310482225629,1037.7594647884048,971.30119371813407
2026-06-18,258.75050354483341,642.23045804217793,14575.591947136365,446.46474595680149,42.889999389648438,3689.7293520201824,1057.9444126422684,1029.0880049834557
2026-06-22,258.88529246501253,643.11003245434017,14578.892239463879,449.55761199201754,42.529998779296882,3666.3935164949098,1056.7136422485282,1027.9041797568136
2026-06-23,257.32292012665431,623.87215724631994,14414.460786064687,450.55803014800262,42.235000610351562,3631.1811600855267,1045.5004077915935,963.20225687292623
2026-06-24,257.32794348791498,623.82149314697108,14460.607692639693,454.10641606427589,42.444999694824219,3522.8130668692538,1043.3447034286846,959.0173758241815
2026-06-25,242.12404080041929,630.28057679644144,14492.087030143393,455.76879762400728,42.700000762939446,3564.8428323769335,949.71405469995113,976.73779404869356
2026-06-26,249.55374968365999,621.19635492363568,14476.082240430163,454.14415535851668,42.439998626708977,3605.3584653847429,993.74048807281974,949.22556074945203
2026-06-29,247.23900592191779,635.29747124896346,14615.474368231047,456.62946887014499,42.345001220703125,3547.3657131848527,980.9586958202284,994.31553652522882
2026-06-30,253.11639121411511,644.04714374203218,14685.699210718984,455.79326087081307,42.590000152587891,3535.7069070046928,1017.5014431700246,1024.8738681214886
2026-07-01,257.70466501618574,634.7107468953734,14665.823869806487,456.1507964286024,42.240001678466797,3576.8761457248711,1044.7787275599064,994.37558756172609
2026-07-02,271.01808152675221,625.6450824072549,14711.968380692308,462.36679955928764,42.939998626708977,3626.036734688746,1124.1192691456631,962.88293586049315
2026-07-06,273.12310519522532,631.30374575180178,14742.604156313681,461.87769858554594,42.959999084472656,3643.6453625851723,1140.1513349930915,985.3292227612892
2026-07-07,271.27978271440088,619.38933944873645,14671.827900203572,460.28549063930529,42.764999389648438,3633.5261202291003,1128.8110420710261,948.48692611823901
2026-07-08,274.57490366088632,623.21237422393494,14679.253264825518,456.85420680796403,41.775001525878906,3579.8565617640761,1147.4986220388555,957.03753230828511
2026-07-09,276.61205708289043,632.5725572339627,14775.665389518661,457.36380662536834,42.185001373291016,3625.270389985707,1161.18507421697,987.31342907004057
2026-07-10,275.5507088076825,633.8923236238503,14824.585923772989,458.29518646369382,42.244998931884766,3597.9656804541241,1155.0789085298998,992.41432080185029
2026-07-13,277.99349957153697,623.43952901893374,14744.417280093123,458.31365079524363,42.384998321533203,3512.3978996428673,1168.9728919877064,957.1658664405935
2026-07-14,276.33471443386884,631.51768149353211,14825.996250420949,459.31642392693851,42.365001678466797,3574.8246225708576,1157.4767742030567,980.278568210495
2026-07-15,286.41373582944783,627.58383191451742,14831.144331700876,458.7945939431504,42.474998474121087,3546.5404840199949,1222.8459140360928,971.52548881653706
2026-07-16,290.29236526899433,614.81191151481767,14696.818949173505,455.99738098826123,42.435001373291016,3480.392520850763,1250.1165754208732,935.84517273541314
2026-07-17,291.36070003195675,606.92606658253192,14581.089927624422,453.64556007431298,42.290000915527344,3511.506954446842,1255.619491187319,909.74479356724657
2026-07-20,285.54282472725941,608.46717087684476,14575.086805281004,451.81688120044072,42.270000457763672,3514.193408158842,1217.0772429826332,913.01135114276735
2026-07-21,286.78735920013554,620.26960282716334,14716.514373073169,455.31060364746156,42.369998931884766,3570.1111607027733,1224.5264679186801,947.66898145680454
2026-07-22,285.52670734318133,617.87754228216659,14715.093127809891,455.84751659173622,42.775001525878906,3640.8011132519805,1215.6833665337169,939.16938198562593
2026-07-23,281.62458415018187,605.72650429594387,14527.381017202053,450.97926713073514,42.029998779296882,3549.1498745360186,1191.1851593034453,902.88370018099374
2026-07-24,292.46567935629128,600.7984390748494,14580.528758469969,454.55422587624696,42.455001831054688,3578.1518108892365,1258.1385977406633,885.42075953385586
2026-07-27,295.41070067820255,597.99175042547199,14559.754613447132,456.01731766218256,42.610000610351562,3577.8935773919643,1278.1440490248908,878.55837524255173
2026-07-28,298.85959611994315,593.50879748392276,14623.310939077017,461.97736444765894,42.860000610351562,3552.2386029044019,1299.0927669821112,863.41360113257622
2026-07-29,296.75268111369667,580.54616293754816,14379.970892365889,451.2334411777731,42.610000610351562,3544.7998198439841,1286.3299793931005,826.99431520207941
2026-07-30,290.51705696772319,595.46924489771322,14515.959945992541,453.36102622488778,42.990001678466797,3575.4921901671328,1250.3116597070014,875.32998993220485
2026-07-31,267.83801848709697,596.4093644178522,14547.127621051961,453.57724808863145,43.084999084472656,3564.0133945280227,1106.9583416636569,882.36994201161144
2026-08-03,262.61110415219457,605.80439349393055,14736.974552704882,458.73075488089984,43.674999237060554,3543.395536822818,1075.5367696894525,911.73513734279402
2026-08-04,268.62262972903005,628.37806569790337,15048.593056110791,468.17090078040513,43.889999389648438,3608.6508914320771,1110.7541155215504,976.77694045545161
2026-08-05,269.44197528618162,621.33778618418535,14990.746360127276,469.21002734930852,43.939998626708977,3733.1254931982317,1117.0439246601177,957.01380577490329
2026-08-06,270.07982559277139,617.70725747500444,14932.120685989939,464.21315870606026,44.099998474121087,3720.2288657537365,1122.215044818149,947.89395112848842
2026-08-07,271.64216774400688,626.7201222718769,15067.732956433196,466.76456912527527,44.180000305175774,3817.6199699699077,1130.3637926908393,972.87101152386776
2026-08-10,266.74356302401037,623.13394385482661,15019.091157973829,464.94077608671387,44.215000152587891,3824.4551360779087,1101.3377288850072,964.40566759323951
2026-08-11,264.07339049448717,621.58026114844847,14984.231364739753,463.86741211286744,44.200000762939446,3846.3033230392589,1084.3234883754365,958.76071194162023
2026-08-12,261.83011247372491,626.26706383321482,15027.532821849736,463.86232055347216,43.970001220703125,3870.0612985156854,1070.3814085859783,972.99761086490992
2026-08-13,264.7520066748724,634.26341449293045,15143.716956460828,465.07088609034548,43.849998474121087,3833.8128382734039,1087.6624620312627,996.68773276960655
2026-08-14,265.21070653428626,633.10488047506146,15112.928212697117,463.89715681960467,43.770000457763672,3846.695140978848,1090.7399542621454,993.50635943859868
2026-08-17,264.03280363171001,629.95850766176477,14985.707864464912,460.10260621026532,43.470001220703125,3865.3215724706906,1085.2914797847186,986.94349215544139
2026-08-18,267.66439362447636,618.81742840184688,14871.488399498288,458.64951344368416,43.119998931884766,3816.5250113031161,1108.0971482428713,952.78837048758533
2026-08-19,273.6143776302219,617.76295877483926,14908.41288947977,459.95318284776681,43.069999694824219,3925.3209289224706,1144.884983635862,949.26532951567617
2026-08-20,266.66579200000655,608.36289952406298,14661.445953473629,450.46301120949181,42.840000152587891,3915.9525323141779,1105.8992656545795,928.04914185184316
2026-08-21,264.6767654596801,609.77674351051246,14708.250155235288,454.31493710217143,43,4004.6745428004697,1094.1909931901303,933.47863655093238
2026-08-24,265.66656247451954,604.01586863747991,14675.171995110211,455.78059685058054,42.834999084472656,4021.5516531293406,1100.0346497206958,915.33860141969103
2026-08-25,265.59050080342359,608.4672181928446,14739.535913769683,457.65654009680316,42.775001525878906,4023.2805117064454,1098.9390018487359,927.79276397168235
2026-08-26,268.48561231994785,608.68972233882471,14728.489576997275,456.54241213263964,42.875,3985.7840124907552,1117.2090843596791,928.98013964849781
2026-08-27,269.91275914998528,618.07551269998964,14859.891115095819,458.16804504614436,42.145000457763672,4001.7584156973758,1125.164835984629,956.04587015609866
2026-08-28,274.2706414925151,613.98553334440578,14821.501027196364,457.97240683030356,42.595001220703125,3886.201140674767,1152.4864875904382,943.51553320430924
2026-08-31,273.40671577692638,617.84127965095195,14858.914316126913,457.63165988549537,42.244998931884766,3867.0417331599997,1143.6893949600185,949.87780338175764
2026-09-01,279.85890223293978,608.47415285468298,14718.135199505254,453.22145057920085,42.080001831054688,3784.2451695296218,1185.5862693859274,923.42027665282808
2026-09-02,280.24549930348866,611.01187965518841,14814.255125654747,456.55437486185434,41.965000152587891,3807.1511605265728,1186.9134706804125,929.36338666763265
2026-09-03,283.29775268470337,618.81921719280319,14985.244081150509,462.3907401205023,41.994998931884766,3918.6602273914091,1205.7810961727487,952.29461591634129
2026-09-04,275.16459132448739,617.64041344457598,14876.052741001724,458.23660295066827,41.970001220703125,3849.7416373264705,1156.0843322410301,952.18602624145353
2026-09-08,271.95551185368748,617.16085093155414,14790.468685721678,453.07209813769146,42.165000915527344,3817.6285891415073,1135.8266540420366,950.65203933699024
2026-09-09,271.20500173164311,615.4139799883983,14719.738665222025,449.68468675919456,41.419998168945312,3836.3804726432172,1131.1116601831877,945.24828227001399
2026-09-10,280.70652763324159,608.52753241355731,14627.099575907339,446.58655781608059,41.215000152587891,3788.3387839234165,1190.8691232888559,924.62121748194693
2026-09-11,286.19409980394562,615.10662282703981,14783.953408588484,451.83722659530099,41.5,3797.5176224087277,1224.5637618103001,942.71038515147507
2026-09-14,287.28814397569653,611.04518473071903,14733.41134604543,451.34279795062503,41.154998779296882,3753.6006248189719,1230.7396085431767,928.95884539882036
2026-09-15,286.91061964542172,609.43316258965956,14727.311202616205,450.30037075149824,41.040000915527344,3751.8147235528722,1225.895007566839,920.40624203927325
2026-09-16,288.10971667381659,610.1661107928785,14675.880037063764,445.52968200713008,41.299999237060554,3802.777798442231,1232.9997258658266,921.74855831112757
2026-09-17,293.81346214326948,624.39607142998193,14931.032966804543,450.88418517550792,41.569999694824219,3835.8787738195383,1265.9726458865464,959.29652481578148
2026-09-18,292.89696522461031,628.0027290458064,14947.965752303362,449.52752106409525,41,3855.7692975698701,1260.3904488093128,970.89594207349649
2026-09-21,295.28550051703525,645.89451979885143,15167.471366582959,452.7804033727445,41.400001525878906,3818.8153723682744,1276.0103962739449,1026.5295112596687
2026-09-22,296.34693984926599,651.97200933410375,15187.443351842521,451.82550358180953,41.409999847412102,3817.3148450807853,1282.0483037755369,1044.4924390271922
2026-09-23,294.3936927848398,647.46176075867857,15094.870479330695,449.25131310068377,41.275001525878906,3772.2085799519,1268.4398634561533,1028.5203931392816
2026-09-24,295.13597331827089,651.12304678969736,15178.926263591209,450.43552807466676,41.134998321533203,3776.1799315800999,1269.556091804797,1034.1829116067636
2026-09-25,299.84828828504038,654.51973446614136,15266.080760574958,454.94615311899162,41.119998931884766,3798.9399656292489,1299.564454928221,1044.3254951360236
2026-09-28,297.41637802020585,647.32889352120185,15144.109334878927,451.76706618270453,41.099998474121087,3663.5650811332293,1283.9391050792083,1021.6756138574069
2026-09-29,289.64140871508869,648.8618293019631,15125.823051293602,450.97537907891513,40.845001220703125,3675.2103066446489,1233.2931333407737,1026.0378991232838
2026-09-30,293.6470429944203,652.3070262979254,15131.535238707109,448.42413385619028,40.534999847412102,3691.7067227673379,1257.1448991495577,1034.0513604762225
2026-10-01,291.61643287783738,655.08641751572918,15179.592189435622,449.02502233488678,39.904998779296882,3709.9166013379777,1243.3492480264206,1041.6201541034957
2026-10-02,296.61704432288593,666.30167978055886,15397.517179174121,454.31679719099134,40.180000305175774,3699.8683107652314,1271.0561500726189,1070.1241001542417
