Date,Apple,Nasdaq 100,S&P 500,Dow Jones,CAC 40,Gold,Apple x1.5,Nasdaq 100 x2
2019-09-06,-0.0002152618225673697,-0.0011119683689541082,0.00082673894561380301,0.0022691267526779857,0.0019562592183786087,-0.0061917249619697357,-0.00026218800596822245,-0.0021025272821423302
2019-09-09,0.0056970876104280865,-0.00066710987464224658,0.0014104540813615341,0.0032151791522054829,-0.0025466394122765079,-0.0012357463562210347,0.0078337691575818269,-0.0027579442654049879
2019-09-10,0.0092707738623780678,-0.0053819414613039962,-0.0021589819970947444,-0.00032273256895087865,0.00017019319077893336,-0.010414462540107805,0.015162519463898461,-0.0082511655819453855
2019-09-11,0.031612693282576876,0.0092111346381607007,0.0071038201737438911,0.008358752349757248,0.0047224022547696087,0.0025739164282656546,0.047507392373978607,0.018598974176548877
2019-09-12,0.0011044705596117144,0.0075193683277534618,0.0063921938044260163,0.0056751165123749558,0.0049119720940411504,0.0062352797177858132,-1.7436940380366472e-05,0.011690451095911714
2019-09-13,-0.02342802673361466,-0.0076095032120909734,-0.0045009026600548729,-0.003028757551254424,0.0022753643327579898,-0.0092363610257016893,-0.033115543701782713,-0.011166013626903726
2019-09-16,0.0029782654530217112,-0.0067233716934375076,-0.0053633674090564076,-0.0075013133259882459,-0.0096275161149553812,0.0058974232897186507,0.005600883210668206,-0.011179773324603959
2019-09-17,0.010701325078902091,0.011871372090932031,0.0096418027109597126,0.0084863442912697096,0.002292348614470141,0.0083778376876455507,0.012533042765656921,0.016704854476471187
2019-09-18,0.0031136381001439783,-0.0066197963992523645,-0.0058614836312363972,-0.0047066597451406178,0.0010588123529560178,-0.0046225422007846184,0.0077740765756251218,-0.0070323539476863095
2019-09-19,-0.004236123749583931,0.005588830300135017,0.0039998567651697847,0.0018906305172214921,0.0066001074396684345,-0.0021397078749129106,-0.0083143984743466737,0.0072572349003281467
2019-09-20,-0.016139818617556756,-0.012106791599653444,-0.0063828952603468547,-0.0071607423075398247,0.005464066455772576,0.0043860837211500137,-0.023437513906631513,-0.022669155159899979
2019-09-23,0.0072327854479481424,0.003115955974483553,0.0025740185427343132,0.0030831565473863343,-0.01028343285745581,0.01358308682799314,0.0095123384968314184,0.0035582325987857377
2019-09-24,-0.0024631496326705804,-0.011008313733003261,-0.006051542662217968,-0.0028690828228040699,-0.0010136918078830215,0.0078286377322891454,-0.0048462388973430359,-0.024319656362680964
2019-09-25,0.013257682618722066,0.0091020103924079887,0.0040477477491198677,0.003895824102959855,-0.0076949564774211332,-0.020011274379755362,0.020936395335742874,0.020303763600135527
2019-09-26,0.00065090273329948545,0.0021347477802373671,0.0034559301182408575,0.0032268485892539278,0.006902456790263134,0.0077775291052595286,-0.0019430640386346454,-0.0015693407166925688
2019-09-27,-0.0021190118799933044,-0.009683247198534084,-0.00242614563118837,-0.00055906402525296439,0.0046123583471604501,-0.0028273142442762911,-0.004558628639216078,-0.022126716035520855
2019-09-30,0.021668050358158775,0.0076757668797937662,0.0032652164069510992,0.0026088208256636047,0.0065288189935646113,-0.024063492285686161,0.033414116327641574,0.017175615340394579
2019-10-01,0.0067295293028544201,-0.0042380798726894264,-0.0083120451669567164,-0.0097748591073957281,-0.014479438931718769,0.01511525779649725,0.0081191307335828355,-0.012426486186776553
2019-10-02,-0.028213202973365159,-0.02036530248937729,-0.021073630836396351,-0.021172493853841345,-0.031125257978022458,0.0095527942414255218,-0.040706626933663226,-0.037504249925985222
2019-10-03,0.0058480566600440653,0.0083220913775623462,0.0055768188738871682,0.0023108887738345629,0.0032870563525109198,0.0014289493848584911,0.010084248291551079,0.019268509358094654
2019-10-04,0.02693839073284221,0.013646310758203217,0.013141548607429332,0.012852605371529879,0.0089114306855999637,-0.0016601140775485135,0.040939365917219694,0.028356181152319637
2019-10-07,-0.00080063313311307116,-0.0040364789171004611,-0.0054907107761967833,-0.0044806363389942039,0.006364710549777941,-0.006658280790016291,-0.00069059974619090081,-0.0070522579272439545
2019-10-08,-0.010412052454946474,-0.013682426174012052,-0.014238562240050712,-0.010633474632627649,-0.011831502739285016,0.00098415021482911591,-0.016277296486678416,-0.028683287956541403
2019-10-09,0.012830327943180286,0.01086985796884532,0.010527923411621343,0.0081773386803953851,0.0074886352567011816,0.0070480961258594377,0.018696927812714481,0.020642587733577411
2019-10-10,0.010923479859767715,0.0052040492276597128,0.0039005531178086805,0.0034617592893340099,0.0127484911009077,-0.010004680434569702,0.01764562990383145,0.012928918683678736
2019-10-11,0.024432736334903948,0.010742213724060923,0.0089007712424242769,0.0097512918943709614,0.017793890607957996,-0.010187338916166744,0.037703915710311842,0.023594049864034572
2019-10-14,-0.0031569701340666834,-0.0018245184165194273,-0.003104185120336389,-0.0028367813006560105,-0.0040667501671490802,0.0043396256346248663,-0.0038754842393051714,-0.0019290949094488141
2019-10-15,-0.002241589528339305,0.012808114497576017,0.01005009949650737,0.0089024124469889721,0.010818774092270944,-0.0093626729503994977,-0.0034076187284852733,0.025525760123199515
2019-10-16,-0.004553608894027561,-0.0029976222774661387,-0.0024509108227299681,-0.0010365761496785586,-0.0012909474888919137,0.0065163674333854615,-0.0065711928929284014,-0.0054768036587068414
2019-10-17,0.000238496208656791,-0.00099785087142589823,-0.00080110996650017974,-0.0025235576595730169,-0.0038364104019812384,-0.00075100832457652977,0.002172911852297732,0.0016346333357735165
2019-10-18,8.4400422318831048e-05,-0.014260660330774444,-0.0085706146218430534,-0.014151015452165683,-0.0067813912906287133,-0.0074303642388480196,0.0024744824670617227,-0.023825556994381714
2019-10-21,0.014739178933571129,0.0062866082902877096,0.004324822734655509,-0.00043490258221268174,0.0024444964103467193,-0.0064465803346240858,0.023388407404309142,0.015132494588480538
2019-10-22,-0.0019306145344938352,-0.0076090198445872836,-0.0031801893229099765,-0.001097785382338512,0.0012192276140139402,-0.00011549494830542795,-0.0030743869247169542,-0.01557496993512697
2019-10-23,0.015464536919593597,0.0039509321261883557,0.0049070659989478571,0.0035897274718337258,-0.00088183040118716693,0.0075639512826368716,0.022187531953428374,0.0058833174004528921
2019-10-24,0.0013662920355812513,0.0094474766939376398,0.0016435443265563343,-0.0012472245863677234,0.0052536461920684729,0.0057607907591590291,0.0021885392944465121,0.019173155870023662
2019-10-25,0.014908097991065183,0.010566902205523698,0.0066612190292147933,0.0086212197993946749,0.0069821817045083723,0.0029616711121773776,0.021081962486293904,0.018573435410439432
2019-10-28,0.011811661835516851,0.011659377352197353,0.0073683234401122899,0.0062729560927083927,0.0017023196084475778,-0.0045700043725480644,0.01682914428234783,0.021542057762539368
2019-10-29,-0.024438367491722346,-0.0090750405296992076,-0.0021607324077814738,-0.0011198559797891416,0.0014922161263379863,-0.0033519833299149315,-0.035986920719233484,-0.016808820022698456
2019-10-30,-0.001532646785167846,0.0034297723237526334,0.001919837234336752,0.001797780030654117,0.0039731297670393406,0.002753937753800173,-0.0015941597703037491,0.0082691654624016397
2019-10-31,0.018972407955079262,-0.0031017280853897766,-0.0065022077993233118,-0.0081770029832954894,-0.0052353410999594896,0.0085886155440442202,0.030236947530195346,-0.0026467849756265371
2019-11-01,0.028140016265846279,0.0088461384693074852,0.0095146899279245911,0.010336390246458382,0.0051800587341011006,-0.0024832658346974901,0.04232712772407643,0.017926483589229658
2019-11-04,0.0057135736483531208,0.0053319850983502004,0.0028658699670940369,0.0035754154693290463,0.010966310794966905,-0.00084795892560840525,0.0089943399353336062,0.011511929122308917
2019-11-05,0.0019750013836643543,0.0039684011049085921,0.0022315076601628903,0.0043672359441810915,0.0036701800399641105,-0.014681811785131282,0.0012540408271661807,0.0045198797131560386
2019-11-06,0.0053374726574479947,0.0026491876066441211,0.0056871782067073884,0.0048713078095456996,0.0037380531094153291,0.011286695357131116,0.0055523648941604442,0.00039068702926536858
2019-11-07,0.011888653458178355,0.0036983683705613668,0.0035426250410892646,0.0085338148227520616,0.0042098481849652813,-0.017110019410677912,0.017661333579420457,0.0070534435254283601
2019-11-08,0.00735033678443342,0.0086105629452450927,0.0073574249925381086,0.0046734157301979717,-0.00080620998502523022,0.002611176916946345,0.0087250921083565913,0.01262029975390333
2019-11-11,0.0076678163912815567,-0.0015906859363359338,-0.0022146298337174519,7.5199566536676699e-05,0.0013312505468006108,-0.0042171860606832201,0.011626260955273304,-0.0029322991359708173
2019-11-12,-0.0020940454223038474,0.0017037283086542843,0.00043641329988530764,-0.00071052102615254409,0.004592898124941458,-0.0035125257244390529,-0.0025514197598417443,0.0045867533645367331
2019-11-13,0.01169887102950562,0.0023450467248724571,0.0028449875612890363,0.0048429103492768633,-0.0025265581187539077,0.0087216613138068055,0.016499955755010065,0.0025933918712486292
2019-11-14,-0.006996022086253717,-0.00087038878258993702,0.00101572213253176,0.00057067088765183627,-0.0012463870075751782,0.006832228787622352,-0.010455498964676124,-0.0016637092357707495
2019-11-15,0.011211007074288792,0.006681582658836005,0.0072058132782411022,0.0073420638809624794,0.0065617370240631523,-0.0037162737423022119,0.017146917427732777,0.014023978950271188
2019-11-18,0.0018963681682102607,-0.0023436004042054481,-0.0026120624301492201,-0.0019549848899814704,-0.0018396867505556802,-0.00068403209607648119,0.0044094634758857776,-0.0015573783612702341
2019-11-19,-0.0045868755509800296,-8.4135118706196721e-05,-0.0020897191109929825,-0.0049068633942773721,-0.0032053819664691341,7.0369778449652642e-05,-0.0061009345749898358,0.0013904872655481348
2019-11-20,-0.012323362613742783,-0.0066845609154831953,-0.0042489980939841576,-0.0047328476582945145,-0.0024117479426309929,-0.00068986448982777393,-0.018140111675700066,-0.012679257341138728
2019-11-21,-0.0043806937649497613,-0.00212273587210976,-0.0014196151274802338,-0.0016222129031892019,-0.0016923895116578436,-0.0068209152452923805,-0.0066225813762751384,-0.004348553201919958
2019-11-22,0.00029521669614052115,0.0018193789557818807,0.0033655986248297687,0.0052840607151982688,0.0012916328932661703,0.0011744403767903755,-0.00014439514418440602,0.0024643175347731638
2019-11-25,0.021531570865796379,0.015816522492518414,0.011584957722484246,0.010912573601607356,0.0056433161263449438,-0.00053173266239581185,0.030333185609920266,0.027704703607488224
2019-11-26,-0.0070761317119633071,0.0026498100699048344,0.0029625570586990779,0.0027337111022749383,0.001002069046662557,0.0029370235864376593,-0.010983424587418855,0.0045611661008622129
2019-11-27,0.012684586042696733,0.0062456555550631787,0.0035523844472651334,0.0012159075293454169,-0.00076078565076220794,-0.005118852793036921,0.019395833627531056,0.013229220237098716
2019-11-29,-0.0012245213812749345,-0.0035856509180696161,-0.0028124429778992877,-0.0024278690802209679,-0.0035665905352736393,0.0093832210838031838,-0.0023272373818044034,-0.0081522124559230136
2019-12-02,-0.012215150016280596,-0.010892856343593382,-0.0092504093023874079,-0.010442503773798517,-0.019545548582697636,-0.0029107846523319658,-0.01799238271254211,-0.021125028063429085
2019-12-03,-0.02315463036092813,-0.013211446492619738,-0.011990962406773331,-0.015038115100208249,-0.010377794922191597,0.0053929268493289051,-0.03202127532986343,-0.021001552562181836
2019-12-04,0.008267408501115403,0.0045074253584687085,0.0058700582674153789,0.0050326139214966759,0.013015049760565445,-0.0033936185027356736,0.012678078672013759,0.009568782557619171
2019-12-05,0.014873592919809386,0.0021760843608265024,0.0019760618724753432,0.0013181939432314049,0.00045006871215491628,0.002167368756086141,0.022210627335047306,0.0041526446323185695
2019-12-06,0.017260140635424692,0.0086598145309504382,0.0071480372799921366,0.010001400429484386,0.012024073577429739,-0.014045080008487587,0.026898753968884082,0.019336715093394963
2019-12-09,-0.0098500343142143842,-0.00034657046090413868,0.0011165837507618459,0.00084587362111654407,-0.00602142504721348,0.0043466617621448211,-0.016879533285657833,-0.0049021045504812344
2019-12-10,0.0052892779602644602,-0.0013845816857525062,-0.0016149151406574802,-0.0016235308588975483,0.0018295688349974082,0.0017082387590967585,0.0082098276017958938,-0.0022173420487064943
2019-12-11,0.0060059287559965924,0.0027818171255260538,0.0004097426784539504,-0.0015735636890794602,0.0025567031950894936,0.0021358484717186599,0.010259797191588538,0.0080654423662382957
2019-12-12,-0.0013322298795265253,0.0035637334111744412,0.004813543682894883,0.0040694481371061908,0.0036026065759209303,-0.0057017749818685237,-6.2667705904351223e-05,0.010998821049119645
2019-12-13,0.0090437827087244127,-0.0012094880945229258,-0.0042428256507591744,-0.0039228440473096926,0.0066954531970651043,0.0015530792527949089,0.015809548846017707,0.0020687733768165462
2019-12-16,0.022750200391130404,0.015631502415645482,0.012753010829233968,0.0089590982780394235,0.011859430719203257,0.0051281952581021528,0.031356778422766185,0.025725960503431233
2019-12-17,0.0008392976377118444,-0.00055099775488387515,-0.00078233007779082708,4.0411966637288188e-05,-0.0045138949465115541,-0.0013944888460567517,0.0018207417438669271,2.159506483057072e-05
2019-12-18,-0.0036778066761014028,-0.00052822282075837279,-0.0016375801852189786,-0.0019613116722987378,-0.00091486879913527108,-0.0026464455147149346,-0.0048707611743690205,0.00023545203804919979
2019-12-19,0.0041936136204827612,0.0094605029911620786,0.007726171719263375,0.0076176189670691397,0.0018712033184435928,0.0070042830199286144,0.0046957337936190946,0.015731632708114285
2019-12-20,-0.0029700118539232045,0.00312696282739644,0.0040941163422671956,0.0021501774143677377,0.0084641103168265897,-0.0032660617518736057,-0.0040047932043231205,0.0071543748079165859
2019-12-23,0.020546944481411256,0.0068135822569739268,0.0050297856501717586,0.0072324095690790013,0.0015367466741462721,0.0094724498888099085,0.028739818893995128,0.0094659688577041212
2019-12-24,-0.00031324976905267032,-0.00074450124026614883,-0.0013883833777719179,-0.002383084862001672,-0.00019668571438846705,0.0099200051470720307,0.00016169361612972111,-0.00022586594111417835
2019-12-27,0.018785604915960041,0.0073152489037349167,0.0046123346749422645,0.0039735294597766924,0.0011018368175170767,0.009145003332726942,0.028500017982616477,0.01527016250943003
2019-12-30,-0.0013676980443395603,-0.013766511168655904,-0.012868110068613769,-0.01350108717373566,-0.0093946664865282026,-0.0068011172258712893,0.0015785231746543449,-0.020272881854984659
2019-12-31,0.0055086594976305747,9.6626539129784916e-05,0.0012188106962978118,0.00021551305344691407,-0.0001587123546328284,0.0015108409905453257,0.009155332556685547,0.0019779396987391618
2020-01-02,0.021127419717974494,0.015018784354223103,0.006836951864452212,0.010674324049424477,0.010517100621211251,0.0016338447576413895,0.032516768439134314,0.031688846432791795
2020-01-03,-0.0053442040068915064,-0.0047796315067553108,-0.0025651894938264475,-0.0035823713261562418,0.00054983658092733201,0.020694583486696505,-0.010226782891779473,-0.013980216776395049
2020-01-06,0.0088243280107240807,0.007297619743006134,0.0043899371545514931,0.0031558644203797392,-0.0035719737741806146,0.011831779835062672,0.012811963608406751,0.013746182670654639
2020-01-07,-0.0079061437825833636,-0.0033566229077924836,-0.0059117047595906858,-0.0075249419663740991,7.8743405521386478e-05,0.00034613985366083178,-0.010250240843355685,-0.0034952961545459127
2020-01-08,0.020026786632451499,0.011423137861539479,0.0088308965987389243,0.0097094406275539669,0.0018907447645581943,-0.0053191737479261203,0.028101260351055979,0.018968436527834864
2020-01-09,0.025056761890317469,0.012242017033480712,0.010684167864323912,0.011280515804882985,0.0027521012893256813,6.3121476998606596e-05,0.035716747264661564,0.020747242925332143
2020-01-10,0.0024500853835012215,-0.0023688116338355103,-0.0026655511045464708,-0.0043700512269160274,-0.00094092379093124734,0.0039275085142442823,0.0035806606782518013,-0.0049265580616711935
2020-01-13,0.020853810194213951,0.011031129297364384,0.0064761648503859348,0.0022045656777478495,-0.0001177449587305146,-0.0063396882927027054,0.031530679421307495,0.02256218685470146
2020-01-14,-0.01519198198643501,-0.0056426724972101772,-0.0031284033185038362,-0.0010209068033841806,0.0012951973414803142,-0.0055802956379925606,-0.021931992086139718,-0.0095733832073939817
2020-01-15,-0.0038533725790841356,0.00084346580622307599,0.0023241463765764081,0.0043427018904906856,-0.0012543447302980626,0.0067258806731602672,-0.0059971993084222408,0.0012526507328534109
2020-01-16,0.010429230127635858,0.0074921729754930944,0.0063128068584243913,0.006796154272443955,0.001138165882063058,-0.0040646073325135701,0.016679578359827918,0.017055812287733785
2020-01-17,0.012380090428156576,0.0062501265436782916,0.0051850992331796686,0.0029297097778113734,0.010310510203059176,0.0076298654133499788,0.017922646344723292,0.011205274492333217
2020-01-21,-0.0029595457961176797,0.003393709682256274,0.0011997272035269013,-0.0010856610384512022,-0.0093515665926009461,0.0022975668818574491,-0.0063608914543480388,0.0029442738441700644
2020-01-22,0.0045940721797277373,0.0036659339246898348,0.001346104834180073,0.00095151694741701931,-0.0054445724726343014,0.00031347345483023759,0.0063806390260892076,0.006310929362374651
2020-01-23,0.0038353067157086418,0.002237669381019769,0.00023766358342469651,-0.0018996479480902773,-0.0064196015128081818,0.004998099247913057,0.0062407469767020718,0.0054509125683179782
2020-01-24,0.00083598265848450204,-0.0047184553315833266,-0.0053200791285072935,-0.0022618795521854862,0.0085618993889498007,0.0078983705669153359,-0.00061025823402571788,-0.013165375106672039
2020-01-27,-0.026776245380142005,-0.018002904512756768,-0.013066693924061568,-0.012653292068166677,-0.026607453202342812,0.0063463813090822718,-0.0415186064470906,-0.038714285779268387
2020-01-28,0.028810440944751825,0.015874702082332881,0.010586663083278269,0.0072729884456874672,0.011103468984041021,-0.0043152576811567034,0.042962092987782086,0.03124226730597357
2020-01-29,0.020673742407655737,0.0013720283686404766,-0.0010964791593485179,-0.00025339602586782473,0.0052711432971648264,0.00012892975322809086,0.031137311624417796,0.0029974527631493331
2020-01-30,-0.00093171796766311488,0.0040814425087078998,0.0038041465651423856,0.0048719287435976533,-0.014499077389985904,0.0092498081658365372,-0.001656622779882877,0.0076447933606387242
2020-01-31,-0.045402304297616936,-0.016953121233625579,-0.018716237699974436,-0.022299429131501514,-0.011608694692828769,-0.0014912145041874325,-0.06754708442220525,-0.03279349841881074
2020-02-03,-0.0082016326141765017,0.009556153492463304,0.0017603467612470336,2.3178139206603277e-05,0.0050976714027448633,-0.0090518393113440121,-0.0095671954049552088,0.024582814017544807
2020-02-04,0.035522491368423115,0.025373071748400644,0.017447042853683925,0.016759766792926234,0.017447062678451086,-0.014604656015057782,0.052069384645292427,0.048317438682116576
2020-02-05,0.0095824585701624887,0.0047179235194589886,0.012703389538561982,0.018173308274533451,0.0084144377375723334,0.0061958163754154416,0.013665647870489295,0.0080197670694086565
2020-02-06,0.015832173691310736,0.012754719356850464,0.0075950726055076245,0.0071047344345758212,0.0084627986318261961,0.0087926809439788922,0.02170452143216739,0.021421960504104165
2020-02-07,-0.011856689921988517,-0.0025480191474498426,-0.0034543204762567115,-0.0069355452566153275,-0.0013724892422275481,0.0040006269087513591,-0.018665240518642934,-0.0068564495662203351
2020-02-10,0.0078393781382268823,0.015197783803539533,0.010577563470774987,0.0091374284525473914,-0.0019633722547504062,0.0069759027349003411,0.010221496424375198,0.027320426041148371
2020-02-11,-0.0027682757510750777,0.0034578845241484135,0.0050168534131769249,0.003250623943983344,0.0059411027320652732,-0.0025130369419045229,-0.0057948179816272871,0.0036309603382671529
2020-02-12,0.023189189401507049,0.0091899582962740034,0.0059474060459294709,0.0089391435757690818,0.008331100869254815,0.00060348182166736208,0.035056604597837326,0.018925557583702401
2020-02-13,-0.0031527047887851545,0.0027109770391113841,0.0026808556543671536,0.00094130246785950611,-0.0020170692161115555,0.0089287294098565617,-0.0067273238394824908,0.0014254207656123619
2020-02-14,0.0030093257064747192,0.0056340541884041251,0.0047742281591158786,0.0018099053659608177,-0.0037313692862016579,0.0076009066163598149,0.0031327374145773135,0.0085056060865380534
2020-02-18,-0.017778254771716462,0.00092596491591590002,-0.0023169961912095083,-0.0048590481720649503,-0.001872672274910725,0.011478911477307951,-0.026938514597111163,0.001309664952759082
2020-02-19,0.018683648474428605,0.013765914725923256,0.0090393263094221687,0.0080827729035113371,0.0082473595030156943,0.0088478841199970404,0.025954986057834084,0.023390856144229089
2020-02-20,-0.011604027935777195,-0.01062997590559378,-0.0051224250072726685,-0.0058417312606172667,-0.0072494775772478093,0.0042939941231350254,-0.016726411795356944,-0.01990069159457053
2020-02-21,-0.020632969663330836,-0.017200159950985339,-0.0084560424045831972,-0.0056250077792786568,-0.0057794719739741041,0.019404376634975629,-0.031973750629124997,-0.036448912170228276
2020-02-24,-0.05198704904848328,-0.043091853295480043,-0.037941147980531831,-0.039679114484586608,-0.039866434648360261,0.012114159215744991,-0.075625544045495929,-0.081473647536502103
2020-02-25,-0.034775440354421816,-0.02810184467860688,-0.031167930621443962,-0.032598405565277266,-0.019513163787762577,-0.016168680734515939,-0.051695463029564848,-0.055268294353078451
2020-02-26,0.012801767675934439,0.0021245337470376935,-0.0067725535847394935,-0.0065497874076507756,0.0015436727362867497,-0.0071909415830652135,0.020709583664708875,0.0072629317956898198
2020-02-27,-0.06570294740999949,-0.050413954835773489,-0.044307209719106844,-0.045719038647313304,-0.032951405395385325,-0.00035809127494756954,-0.098375375477525506,-0.10046981839659963
2020-02-28,-0.010702870140629983,-0.0093535739587022881,-0.018117107889520478,-0.021425669700607886,-0.032825063089411688,-0.05593581850355045,-0.010992378806327308,-0.0085832951081692421
2020-03-02,0.087751082111711787,0.046456812497099431,0.040942429450718798,0.043852983909658194,0.0047212231361766221,0.013047555152342349,0.13407352146185825,0.097807421582779996
2020-03-03,-0.039816267937055838,-0.040121920519501808,-0.036165626062427236,-0.037028681284526299,0.016180501905446176,0.022693588521559338,-0.055563594144176998,-0.071922225516189764
2020-03-04,0.042956022445321596,0.038309264023576484,0.038842615087130827,0.041274729068197624,0.0094664333105292098,-0.0038833313085310239,0.066072208772156582,0.079894878255500457
2020-03-05,-0.028823762681220888,-0.026761360024580294,-0.030105585508942379,-0.031207038898931505,-0.019576453195279009,0.019208408172425306,-0.045102803546410275,-0.057257039098318474
2020-03-06,-0.02073217455030818,-0.024296991647546839,-0.024445767053141942,-0.017459008756221417,-0.041080843769930375,-0.0049318287949497996,-0.027322099606882255,-0.041041658857933649
2020-03-09,-0.092208481470662962,-0.082718037893858565,-0.089030006523585614,-0.090902667682197236,-0.080671074625072947,-0.012060065604928893,-0.13119122045219933,-0.15119307228012613
2020-03-10,0.070898646960309897,0.053345770695090833,0.04832528755644927,0.048121526264633063,-0.019200038909911954,-0.010234711659233287,0.10687174847822578,0.10773909746570332
2020-03-11,-0.027782463358522524,-0.036670354379094716,-0.041951059427843607,-0.05163236990316411,-0.0044351497063573886,-0.0035473445546641003,-0.045272620263843266,-0.080538559210308058
2020-03-12,-0.094353968082044437,-0.087256288300959883,-0.090494892103060054,-0.096227655763491682,-0.10850527697527645,-0.027013167154869566,-0.14397245533832037,-0.1793955830324272
2020-03-13,0.12747551464030216,0.092132544162915719,0.10069240526088086,0.10178318027799582,-0.0038483306152793384,-0.039779805376477517,0.18778975432392619,0.17741805305277625
2020-03-16,-0.12633724106264022,-0.11745451211021396,-0.1174653599740858,-0.12529916818373654,-0.051548231900066965,-0.017062114611650303,-0.190831280669715,-0.23755986237193649
2020-03-17,0.043236461895433731,0.07508580114126473,0.059242041616498042,0.053483818040130693,0.032038448921633211,0.025525503598672117,0.065206077708516608,0.15087437201326215
2020-03-18,-0.011401240376145094,-0.017416964678508617,-0.03911380059642322,-0.053434735979283943,-0.06774267376888865,-0.018226671335758615,-0.023805347793085962,-0.04824090381475421
2020-03-19,-0.0027756294082758037,0.01095555085762645,0.0097267039776365305,0.014600579238943423,0.029761194555101733,0.005808242572640232,-0.0066254319382519355,0.016987126063576552
2020-03-20,-0.036754006349227097,-0.011750214584357099,-0.01588202644480774,-0.016593818355165935,0.043566242002583744,0.032300232678060814,-0.069402943093631486,-0.052044296308295324
2020-03-23,-0.024634130348054506,-0.0027438380696190867,-0.03265478930690513,-0.033426731110334451,-0.026753685219175205,0.052272518923160316,-0.035219357003246077,-0.0020239991015673642
2020-03-24,0.09314721420468941,0.070408432694645473,0.086799317813348154,0.10294903932770949,0.078419546405485541,0.052565094205791141,0.14298261171479654,0.14734044620481579
2020-03-25,-0.0090093034462314092,-0.0108989014864177,0.0079775884165311783,0.0226165488592176,0.050868292397287185,-0.020266000847534493,-0.01175395054338968,-0.018277793720920865
2020-03-26,0.044219784750538782,0.044256784204250721,0.053979680789452811,0.052878158877027293,0.022710342694370445,0.0028345796766511278,0.070321266244076641,0.096496746645038156
2020-03-27,-0.055170843913926793,-0.048262083777037668,-0.047564838965290956,-0.052550382599275469,-0.046861977018954448,-0.030013000389326638,-0.075574635324936468,-0.082160906462168004
2020-03-30,0.020151651523639291,0.027923011348982785,0.025253730959127862,0.022791162388940966,0.014656803460995516,-0.0093141640654359481,0.034304310466468424,0.063999689059984766
2020-03-31,0.0077859552043519908,0.0012230831256108132,-0.0062200246411089344,-0.0076699304812436475,0.0034496353749287056,-0.014185159773890343,0.0067554623656154167,-0.007400774630604734
2020-04-01,-0.052282563490602341,-0.042151592861995768,-0.04379833869674632,-0.044592972940889153,-0.042434382065985266,-0.0029322955969682818,-0.078600336282537042,-0.084656167817258599
2020-04-02,0.023457769257585692,0.027090385959039676,0.029810782239037881,0.028679838715596651,0.0044875708314635609,0.036958160803016504,0.031856590559834697,0.047520645264992112
2020-04-03,-0.0047195806179666233,-0.0045391389237684487,-0.0053589440392955989,-0.0060655754488301294,-0.016250649070530976,0.014761596883360539,-0.011975596614238193,-0.018870729222113303
2020-04-06,0.091306468790854467,0.075504575765472648,0.074350207810419899,0.079667404415046494,0.04336966239299711,0.030345892215867476,0.13508849453893368,0.1472667342362497
2020-04-07,-0.011294037614844821,-0.00011549664221832678,-0.0013010728118767467,0.00060024202201081067,0.023068645978539859,-0.0069852496289907196,-0.017086926055200014,-0.00052273255030199639
2020-04-08,0.016996553766715605,0.012670448987239569,0.025629286277345953,0.025443686311752423,-0.00063821724379431455,-0.0080263422687323338,0.029686685574461968,0.033724607823256703
2020-04-09,0.010135103216333041,0.0043481979445711971,0.01755657198076932,0.014924226335679469,0.013835687069776004,0.045533492317012758,0.013753641865133615,0.0057983699704098335
2020-04-14,0.065303864260543465,0.049035097487776014,0.01476173010551296,0.0052208122892472009,0.0052488127876051394,0.00631144742788603,0.10141109667811476,0.10443662700030543
2020-04-15,-0.014755704988276941,-0.017084393135473275,-0.02752306204102295,-0.024763115217012355,-0.036654116992810848,-0.022377317490005377,-0.019293633669485444,-0.028488938645085948
2020-04-16,0.015366975829129714,0.025736645404246916,0.013227965240656836,0.0084765415352461293,-0.0021680712126415091,0.0033964250381293137,0.019369275724024249,0.044110914769152298
2020-04-17,-0.0093329979002453323,0.013901612822522669,0.031244956157256976,0.035122452187168918,0.033351457116979732,-0.013918904721317737,-0.016146663979630271,0.023508891386520459
2020-04-20,-0.021522095660833074,-0.012616951000187004,-0.018650736546480418,-0.024646707551593483,0.0083052479658474176,0.0065533158300448147,-0.031892286752585486,-0.024452188523045648
2020-04-21,-0.030720229574314417,-0.036711074109999853,-0.030457831628121546,-0.0269393874757482,-0.036857410818372127,-0.013558836686489828,-0.04617815995225627,-0.073617779401569328
2020-04-22,0.029596515168534676,0.030468596653302926,0.02374740422340027,0.020550173070335465,0.0115831550818426,0.030886244056881784,0.044009138083454635,0.060165923967910873
2020-04-23,0.00043973306811784241,0.002189568299689526,0.0038729827521117866,0.0056154107005454978,0.0080796716367885768,0.0070043613362351653,-0.001506309713052767,4.7317968919768916e-05
2020-04-24,0.031983700710373597,0.018844926713919907,0.017011023242106793,0.01480363592339784,-0.012154994145330278,-0.0026443567884675279,0.046462181446310202,0.03466311418933965
2020-04-27,-0.0036071256978060795,0.0036978266456684228,0.010357071413549912,0.01029987695303336,0.023695662957118779,-0.011012352064699971,-0.0032552434002853792,0.01170654358418477
2020-04-28,-0.016315937099674938,-0.018940666902215075,-0.0053434449247589111,-0.0010611732442225019,0.015011510466540479,-0.000925983898727889,-0.024419778948320481,-0.037773080402046411
2020-04-29,0.031727029072327051,0.034339911544785551,0.025506668444053471,0.021126091440607953,0.024097710540453843,-0.0052287879967432005,0.048131774750930445,0.069762285374450839
2020-04-30,0.017278810557239899,-0.0041479534114399197,-0.012881380414504817,-0.016795911224269822,-0.024035635172878766,-0.01496809330701554,0.027787523948009207,-0.0045572905985807877
2020-05-04,-0.0096781925484278331,-0.024245928357494728,-0.031150121577375511,-0.031183704732474227,-0.037820727772746032,0.0058607408513917658,-0.010928743946290398,-0.041627835031410654
2020-05-05,0.020159215944137943,0.016469296134069777,0.014160178256196199,0.010916269854911675,0.025810589830920216,0.0036022729681555177,0.02770164963393551,0.027864243703598079
2020-05-06,0.016443106371362592,0.012256389764270237,-0.00088021446062336306,-0.0021102939381868469,-0.0116370564542011,-0.0058608131851116685,0.021633278663316657,0.018450017741086233
2020-05-07,0.014089615331769112,0.016631431217886128,0.015611161256814832,0.012393768855759824,0.01585785169112186,0.026114754924890349,0.019281022157800365,0.029556060756064984
2020-05-08,0.020153202347202859,0.01009256759449717,0.013440188234093542,0.016080647981467022,0.010598362193508848,-0.01045021952864289,0.032011534614324599,0.023748597376035185
2020-05-11,0.015515387832752747,0.0087199255545047372,-3.1267606433460493e-05,-0.0045670567485621705,-0.011675354035017294,-0.0087534095323400507,0.02338146362152127,0.017656614853793551
2020-05-12,-0.0086741592426431424,-0.018209707535213449,-0.017649725172811159,-0.015735052700531105,-0.0029271734013256445,0.0081684662169814182,-0.014404111875743197,-0.039205161093983865
2020-05-13,-0.015480944535059105,-0.015920786248067698,-0.020780029136463485,-0.025465139684973881,-0.029252977313601436,0.0021063945450785493,-0.021497319421831751,-0.028393377734621805
2020-05-14,0.0082932335032857019,0.013513386577347131,0.013899692389856888,0.019052252473091835,-0.015607255732526415,0.016286762681597677,0.011371461831388707,0.02488999630761457
2020-05-15,-0.0043729845437371351,0.0080493493676605521,0.0055870966814401957,0.0041843118141626778,-0.00098757712110908447,0.010364210009997876,-0.0073333972842468675,0.014550857798038663
2020-05-18,0.022200427140963042,0.017277806715975785,0.030247501023038081,0.036693711190944001,0.053267505187862829,-0.013631849823073861,0.033965298917282949,0.035884929843628122
2020-05-19,-0.014321186432831312,-0.011076750415330294,-0.01889553595286142,-0.023547790690501391,-0.0093847915699567519,-0.0014935423075372878,-0.017185707121896709,-0.013561355775960404
2020-05-20,0.018268751697607444,0.018788172697749905,0.015661575161143304,0.013316972093590618,0.0093683945505242949,0.0025080809477893151,0.027981623426577729,0.038733337155833159
2020-05-21,-0.012444677207860577,-0.015862656690675991,-0.012695573978149466,-0.0079014267216912515,-0.012722884951905988,-0.022134368874973664,-0.016153662127919688,-0.026698606013609627
2020-05-22,0.0092015052841141198,0.0062069803717432759,0.005278743845549938,0.0021726608703835915,0.001531600749440809,0.010963437457486513,0.012429428851254753,0.0096683025936536993
2020-05-26,-0.0022269466515514313,0.0018652334579749574,0.01693965513171336,0.02660680087100542,0.034435474372397135,-0.012681094152398376,-0.005629046481069766,-0.00084678609153532314
2020-05-27,-0.0028472838006470269,-0.0017548379264424874,0.007567042278207925,0.014726650085812087,0.01774069605976325,-0.0039700714504058432,-0.00068436847350972219,0.0036634386020375498
2020-05-28,-0.0027458161798770142,-0.0044830879561815751,-0.0051687948390956029,-0.0087187278370517429,0.018783810199136663,-0.001436126842570884,-0.0025264147929363601,-0.0057815569586053828
2020-05-29,-0.0065874902444472694,0.0089518661026350976,-0.0006780688161431847,-0.0058532933243223839,-0.016864172287244683,0.016668223642314128,-0.0070718975126308203,0.023522407913350474
2020-06-01,0.0087090524582282836,-0.00055633843879066003,0.00024186781230706167,0.00029457506551389123,0.016053167676221669,-0.0043416734509696964,0.014836248131210983,0.0024326620101555729
2020-06-02,0.0039591797855471622,0.0060361583885690795,0.0075686673169497176,0.0094330990097415413,0.018654315135835375,-0.0099735911773866093,0.0062723130164541452,0.012739403453405407
2020-06-03,-0.00020019997915887711,-0.0012011306849217807,0.0079983803235517126,0.014840860312341775,0.033967967305964075,-0.022418276676420268,0.0025367895162387022,0.0032719176001103634
2020-06-04,-0.012716757933498912,-0.011124470451127633,-0.0072774249545503045,-0.0035345105479039907,0.00028041117583832431,0.0090616998354104972,-0.01700509256686078,-0.018108852235479977
2020-06-05,0.019236268044139138,0.010660191858449464,0.017000345603713329,0.02190860179804055,0.035365566232133272,-0.034461087670017876,0.033348774992074004,0.030309129568628856
2020-06-08,0.0075433875181023513,0.0093942873518026992,0.013699111086163951,0.01910555323628782,-0.0035646814675378558,0.0147738829678834,0.010504433957760906,0.017167280064819934
2020-06-09,0.032850721538277838,0.0084872862733931242,-0.006504665229877582,-0.0092758552253876525,-0.016392678020067941,0.011098768169833351,0.048659188040278689,0.015740784012510334
2020-06-10,0.023315734028645396,0.0096220084230496106,-0.0076481047920530232,-0.013007254700492354,-0.0067677023127732383,-0.0030468382935950888,0.036149366081835499,0.021595546923835141
2020-06-11,-0.050793837695068178,-0.052328062699208644,-0.061580871249800828,-0.070867691520721587,-0.047464549740080186,0.0081439980611210938,-0.074728887233665775,-0.10173238678054486
2020-06-12,0.015546145294766944,0.014855859155467499,0.020308088257465995,0.025669762326574252,0.003406404125145146,0.0054066331823874325,0.019892503977931852,0.022858290382498092
2020-06-15,0.015612409236295255,0.015411905634526102,0.011579497340959533,0.0094967690425924456,-0.0038312545978246293,-0.0026265263329420252,0.021815720881332767,0.02761802532283042
2020-06-16,0.018740426020788625,0.0094814988526645827,0.011274621372822757,0.01345178335229047,0.029258547365684118,-0.0022176635258603916,0.031891346535273479,0.026524412713510248
2020-06-17,0.0049940163966206708,0.0095854425668029375,0.0027707439910786835,-0.0012350733189836482,0.0085138730246399064,0.0058729623365982864,0.0042937372972577936,0.012776310538259672
2020-06-18,0.0024269313348597166,0.0047425976453658869,0.0026596538153709215,0.00061169546766293159,-0.0072695189468632293,-0.00057018374597939125,0.0026264783511704692,0.0074573579884926744
2020-06-19,-0.0028853895462568335,0.0026816293391356272,-0.0026342921911618467,-0.0044520757207472395,0.0049133128195961717,0.015532490931051912,-0.005750865339770761,0.0025176966375008991
2020-06-22,0.029234178727368665,0.015020591578457809,0.00950680242021118,0.008883148646465111,-0.006393666501376738,0.010659114185523011,0.042355173582417693,0.027048994139644122
2020-06-23,0.012097825813695007,-0.00061993608502164399,-0.0047818337063031402,-0.004562150331643422,0.013910604325832132,-0.00030227341055255597,0.022673649872539503,0.0078139501339504758
2020-06-24,-0.020488839000850856,-0.023443809418851269,-0.028661785484179081,-0.029083025806155627,-0.028139465995808854,-0.0067485043187036631,-0.029289449602519668,-0.044000001040188974
2020-06-25,0.018811924616859654,0.015035501930277695,0.016534499912990386,0.016559455088651198,0.0098434611352764545,0.0029148925185320529,0.025485980856195578,0.024607191722367361
2020-06-26,-0.028239333271442013,-0.021110308571434588,-0.021711412879581338,-0.024928692736198688,-0.0021397021539680816,0.0080577495439762004,-0.043641642657934465,-0.044785902644411624
2020-06-29,0.022702250155836046,0.010566150117964801,0.014468011724808827,0.021742258782816437,0.0071952286655247999,0.00016857403613390609,0.034221742063821559,0.02146903389606325
2020-06-30,0.0064346029705419916,0.017667078621634635,0.013564069669597778,0.0057472714150526016,-0.00047302464609999539,0.0089177454147570945,0.010600463503520396,0.037231275338685865
2020-07-01,-0.00089226255554686329,0.01268482424138373,0.0060582657235226378,-0.0011727858694627891,-0.0023666939222415362,-0.010451687346827221,-0.0018389029893225439,0.024368630170763517
2020-07-02,-0.0013707918977279299,0.0054064987689266264,0.0033848253451576049,0.0029373142130200147,0.025098507585866958,0.0042958918951203628,-0.0013707918977278188,0.012183789435580739
2020-07-06,0.027131055609186605,0.024965231150009481,0.016262292826395131,0.018100715274012691,0.0067110313974503288,0.0023273168098825181,0.040510941626857866,0.049559178726174657
2020-07-07,-0.0088879972076761904,-0.01265266375360119,-0.016554069670289606,-0.020772861680360077,-0.0049652799578528972,0.0032875457069663216,-0.010430230231391002,-0.019501796346955591
2020-07-08,0.026705279624527511,0.01655296621003477,0.011206053858455967,0.0098442394477677997,-0.012613723339706229,0.0092688952544717207,0.038389287486620738,0.029768668519728259
2020-07-09,-0.0013616952913930724,0.0027383609868232295,-0.010969062630321491,-0.018910133488531988,-0.011979434194912764,-0.01481329694977096,0.00077627318221740182,0.011114354212261368
2020-07-10,0.0062929148933665857,0.011394153130048545,0.01505322421062516,0.018515679022107934,0.010088061979705687,0.003477614154852704,0.0071715037331194775,0.018252569046236511
2020-07-13,-0.0065569854230911329,-0.02248327062911093,-0.011295979692541591,-0.0011108076492254426,0.01697376646582871,0.0048045067908257799,-0.008859040695723186,-0.043013666380394833
2020-07-14,0.01337156232148673,0.0039311819203233789,0.010370510980954872,0.01806965129502025,-0.0082990642567831729,-0.0035095771567179579,0.021619815244156015,0.010987307364497712
2020-07-15,0.0011232253667603498,-0.0036909262413326038,0.003335697279275518,0.0029379511216762744,0.020967887393986029,-0.0054953598931415382,0.0045421844773683162,-0.0016671596282094026
2020-07-16,-0.01286603058336766,-0.0073870947232758111,-0.003940484871016281,-0.0059202528121238274,-0.0053734078067885216,-0.0080070222900608945,-0.019014888403260266,-0.014205874502969951
2020-07-17,0.00017619007178404367,0.0033619135716647097,0.0051062458249466758,0.00025517138033026576,-0.003067458947292323,0.0076010711942351428,-0.00083633855813969316,0.0045225798116983462
2020-07-20,0.016537507187806666,0.023801967273172631,0.0039273740600849205,-0.0041440570577349067,0.004592440102025197,-0.0003726938815455938,0.027027731077513995,0.052046875137953696
2020-07-21,-0.01515608077377939,-0.011779732570064372,0.00031783761856285508,0.0043155884230128283,0.0015999930245536031,0.013188103492670411,-0.022047549123974552,-0.0221863210667399
2020-07-22,-0.0037401917057233725,-0.0030315102198846811,-0.00079716702209042811,-0.00045988509496053265,-0.012688264713179298,0.0048907637972033235,-0.002344545280351551,0.00046846411669854149
2020-07-23,-0.048378838722260564,-0.029040659167177907,-0.015206603656068407,-0.015148395935799974,-0.0013405754740289932,0.010311666959318178,-0.071068857390272355,-0.055082516948118498
2020-07-24,-0.0048314455824288727,-0.011833159926618597,-0.0085157110571292272,-0.0098413112000741432,-0.015275652174066456,0.0015988788115359753,-0.0060671633548825543,-0.021306309815715907
2020-07-27,0.018738328419618089,0.012909178824065837,0.0025159599165782698,-0.00011018039329868667,-0.0022094149121072437,0.012722012583375131,0.03053110244896251,0.03066557728720265
2020-07-28,-0.026181187041346088,-0.022514691600387438,-0.016313313418219622,-0.017436540442493986,-0.0024969140148430879,-0.0029432221659810853,-0.034313604631096006,-0.035113031338928957
2020-07-29,0.023558530812522349,0.015883219918178648,0.016791477523944831,0.01028175909833795,0.0058092471229420628,0.0088525123524618721,0.033183975605704186,0.027458798610198176
2020-07-30,0.0065969677044854791,-0.00023086853992149159,-0.0090082530446700115,-0.013753485391659437,-0.021788073105837191,-0.011089064764949086,0.012614239470834621,0.0049758387483689326
2020-07-31,0.096371078904347485,0.010181898226936825,0.00019078509643044583,-0.003495726740938232,-0.013392916001951249,0.0029457869607141252,0.14832123968185429,0.027893039104541106
2020-08-03,0.0330238360889894,0.021244237307706637,0.014900771413503655,0.016667513182969884,0.019218628299568108,0.0092766127435839341,0.04571882006069905,0.034854606469843619
2020-08-04,0.0083032280864958619,0.0053322754035036724,0.0052303825263313453,0.0079603284080020931,0.0022436931980365227,0.029634882022420816,0.011647771853622979,0.0090504102547659393
2020-08-05,-0.00080271271863963101,-0.0019445895897552967,0.0019915757102360043,0.0089053144472321932,0.0083828854826835109,0.0095299883785657791,0.001001547986319018,0.00052205494904611349
2020-08-06,0.029888224221679804,0.0083485103676717021,0.0016753337964507953,0.0021184081574543434,-0.0088800590214093145,0.0049282545290014745,0.047248587840355238,0.021529523751013802
2020-08-07,-0.023037582963764902,-0.011847369390376561,0.0005337841313561853,0.0023187595447475839,0.00057194098608892574,-0.020308228487916358,-0.034402049074365393,-0.023386088038189756
2020-08-10,0.022607815199221282,0.0036502465659029593,0.010733304301771884,0.020878047112791842,0.0041438385192107408,0.013772261946129349,0.029933148389995168,-0.00065665568586714684
2020-08-11,-0.026024348173165346,-0.015184119292575682,-0.0041655643639268991,0.00040041235542465081,0.024191172745235967,-0.042136919899597225,-0.040951239593926769,-0.034197673253508976
2020-08-12,0.033343247279687072,0.025259474758706713,0.014253406413583525,0.010388687960541487,0.0096332063828692416,0.0014930029377080434,0.049962053957322672,0.050413315592997332
2020-08-13,0.012756267952013456,-0.0025856234203418538,-0.0066455759123745795,-0.0070587010829902264,-0.0068348703239115016,0.006071311465482232,0.021562091292945729,-0.00031586811083272881
2020-08-14,-0.0028153547915291677,-0.0030980219673796272,-0.0020238930383535969,-0.00056890977891477235,-0.015611258528604233,-0.012360444449159735,-0.0032601015368632913,-0.0042701826338981119
2020-08-17,-0.0056397143336573974,0.008538573225981505,-0.00030986135270039128,-0.0060655086551468784,0.0018298483553558231,0.021966361525804778,-0.0069411120727467246,0.02011406530744253
2020-08-18,0.0063012491703509088,0.0075911610009007369,0.00044002592125358397,-0.0046981020343952462,-0.0072124079142822373,0.0051752664091067047,0.010459329854098698,0.017197234198945699
2020-08-19,-0.0047267281721130594,-0.012661165777192895,-0.010186908195104483,-0.0087251723456897023,0.0086800648955622783,-0.027107600942522847,-0.0041031400818312136,-0.019348427201708818
2020-08-20,0.031196532900616969,0.022805300434640019,0.012031223027620941,0.010411578370788988,-0.013469278235084703,-0.0033743086469523176,0.042389033017435906,0.03679906820230161
2020-08-21,0.048861155106904031,0.0043721793118427499,0.00095277025531581572,0.0047411398317585007,-0.002844385433440455,-0.00228425373223895,0.074561968892971509,0.011284831088915537
2020-08-24,0.018448685118966912,0.012695819552624332,0.016638516360837574,0.020429059357750745,0.022630019167792392,0.0023799336346921329,0.0244671232003284,0.018979830149005172
2020-08-25,-0.0079111022814153387,0.0081597949430050054,0.0039041462125162241,-0.0016829279153026677,-0.00037189307675034033,-0.0080098017883580841,-0.012014167424582722,0.016024561881091026
2020-08-26,0.010132197000101817,0.017845714621610442,0.0067473667559025952,-0.00056413989683046228,0.0085107734324139095,0.011815088368473114,0.016908520406966554,0.039111879056847654
2020-08-27,-0.012597639576319763,-0.0037658410005401155,0.0010846127893595625,0.0050260926372056591,-0.0070093854572690351,-0.0108364095262935,-0.018570974214443647,-0.0068807117010084573
2020-08-28,0.00033112797770540325,0.0070488717304015847,0.0088015877354818972,0.0077884629012352491,-0.0022291521657215041,0.023884513633779969,-0.00048036043854926547,0.012143638650588429
2020-08-31,0.02535749427539713,-0.00030678389401173067,-0.010336482844528705,-0.016644810945311561,-0.011682632110854518,-0.0064157786982270704,0.042173124280182606,0.0076601979461494718
2020-09-01,0.038023498298713765,0.015322228588451559,0.0057912262256292202,0.0070741504932034793,-0.0016482927684141613,-0.0015886768167073795,0.057905277438568881,0.032384517157899806
2020-09-02,-0.019420908285667782,0.010806799787722587,0.016818341404097215,0.016757729091942286,0.018821650976333926,-0.015980022799085836,-0.029793985403677503,0.020288353625093514
2020-09-03,-0.07417042001153118,-0.044622071731434176,-0.028761639674647288,-0.020795823198148322,-0.0042133348028339235,0.0028319421904312581,-0.11445698719310704,-0.095646857814489228
2020-09-04,0.0013019167288161881,-0.012694665725496823,-0.0074990462558948145,-0.0049049016848108362,-0.0080903792543756126,-0.0011675726625208771,0.0016329977199320833,-0.026029086197578155
2020-09-08,-0.065870321448584179,-0.046610087344336359,-0.026227968537092972,-0.021042468999040609,0.0025312401762560555,0.006135535362481237,-0.099569187422480998,-0.094747585187882732
2020-09-09,0.044434732089738471,0.033878243787835993,0.024662601407883011,0.020528621173163897,0.014541583046812079,0.010421358599019381,0.064465103871017337,0.063382499048492136
2020-09-10,-0.035606045086905125,-0.022935869494063565,-0.020544064198471212,-0.017523974785440322,-0.0032721516110979509,0.0017334194925189284,-0.051878913769850543,-0.042811431267112954
2020-09-11,-0.014632020578120519,-0.0084518874076477957,-0.0009426115781696609,0.0031835588469526499,0.001525825933431868,-0.0098593611300671347,-0.021186513567022169,-0.015380740214977817
2020-09-14,0.028404844543450603,0.015838912290901952,0.011489499063703112,0.010846586202855502,0.0043859332420930208,0.0065497365881177494,0.043381747329904075,0.033226785611260912
2020-09-15,-0.00074075604898637959,0.011843665576304341,0.0029247777037475498,-0.0021195454330824592,0.0022983749178604462,-0.0010273335065918987,3.7623649263851533e-05,0.025984846598094524
2020-09-16,-0.027417012445016486,-0.013820695508144243,-0.0024303884712331136,0.0037673908718383053,0.0011006726673139511,0.0043520759402331244,-0.04220570204054086,-0.029801757762321301
2020-09-17,-0.012548680240200616,-0.012206012491539187,-0.0049568741361901703,-0.0017421122225600438,-0.0070548917781296794,-0.0070200668180400161,-0.020558220584995235,-0.027882425432467106
2020-09-18,-0.035377307156847837,-0.016491221291527247,-0.01490253660712193,-0.012289722407967441,-0.011995309374159047,0.0024560307810139737,-0.051177439053342599,-0.029205399219195738
2020-09-21,0.030557452367435012,0.0026238847242330277,-0.01129693040576496,-0.018149435809206138,-0.035862784196270314,-0.026028173423417678,0.045723616642102227,0.0050226456303661404
2020-09-22,0.022407952383394658,0.025289601452510579,0.017179353891859206,0.011668698980193959,-0.0035840270840370447,0.0050079888978200593,0.030317667821589511,0.043990681398016429
2020-09-23,-0.037066553308461425,-0.025596687191475231,-0.018675717490411414,-0.014175531763286453,0.005881509268761187,-0.015560901497044366,-0.058146387373223418,-0.056286489204013468
2020-09-24,0.014586118583058916,0.0089495529806837837,0.007323604393171923,0.0062249687171456181,-0.0086498913878608752,0.0088423517228264359,0.019742396460961764,0.013625543134114571
2020-09-25,0.036209851664563031,0.021960601845083527,0.014729891320957922,0.012151766287288313,-0.0058981376318271161,-0.0068996482146410631,0.054944358554307904,0.045180365805093992
2020-09-28,0.027203323804648516,0.024093212150148258,0.019421399449513599,0.018765362338043046,0.025644833786913734,0.011857854500808118,0.039176575178674788,0.044929603243700322
2020-09-29,-0.011262760355919443,-0.0082158876627522748,-0.0083923746067816607,-0.0090672597976886316,-0.0040636365261139673,0.0073387287736141893,-0.015032483063134761,-0.012708460384015297
2020-09-30,0.0096108209519327747,0.0014282216309797757,0.0028592290440740964,0.0057795371846856014,-0.0042723069688541671,-0.0094078973135452992,0.01710817511977325,0.0082403306457070613
2020-10-01,0.0098355682608297634,0.017256048078455155,0.0067706390999633381,0.0036711707940164651,0.0024586894382558899,0.012350393350494704,0.014072320793574677,0.033150032961570375
2020-10-02,-0.033834711343947887,-0.029692012557480996,-0.011165241127141012,-0.0064161821616918191,0.00014428485664863544,-0.0061391585759711376,-0.049948859667440226,-0.057777610417998115
2020-10-05,0.032945984455432953,0.023461230442131553,0.020209207640958793,0.019142476950678278,0.010001359181878833,0.008656994196614809,0.048373697278652816,0.044831902075269436
2020-10-06,-0.034600896064409636,-0.023844531444892736,-0.019955933535246162,-0.019487976464168222,0.0047132080334020277,-0.011955546032875408,-0.048848138787031758,-0.041582652270619636
2020-10-07,0.021716366595444736,0.022049772041391913,0.022167728378004847,0.023481587572620644,-0.0040277194585167653,-0.0048041437460195624,0.030239599090597258,0.039429642477644355
2020-10-08,-0.0034887732357979928,0.0027742031538544598,0.005758301973793456,0.0022947040469674107,0.0058043509764829082,-0.00026697144627407798,-0.0039654915397926427,0.0080837429355182788
2020-10-09,0.017436645365290993,0.015320712682201254,0.0088545363318215387,0.0058083306616865116,0.0058653156228367642,0.01645140423210445,0.026134959696096027,0.030601408660720919
2020-10-12,0.059035247864673845,0.026522906552953973,0.012127425739896669,0.004594623664846198,0.007524093675262078,-0.0028214744346425347,0.090661534002792532,0.05726313751747214
2020-10-13,-0.026469806709259025,2.5416134083133812e-05,-0.00624746046990865,-0.0059042148267643979,-0.006581042956964489,-0.017724112318758145,-0.039734269903748731,-8.2874115541198279e-06
2020-10-14,0.0070457707208744225,-0.0021073602728863827,-0.00026776174180187517,0.00064743638670350379,-0.0012216207516374533,0.013043447465956648,0.0074196911306341207,-0.010512650447127458
2020-10-15,-0.0041128569727488795,-0.0068624734546050004,-0.0016519428541552639,-0.00046811222751697024,-0.021309583561306522,0.00068607521703190066,-0.0060929524172497196,-0.013572280825462468
2020-10-16,-0.010897158902588244,-0.0023507134396699714,0.0032999605921888442,0.0068337759827603595,0.020908409495873137,0.0018336707559936105,-0.017919462145857379,-0.0078488744632890795
2020-10-19,-0.026237856052538033,-0.017027933592877575,-0.0170311406652216,-0.014482378215395331,0.00080038599564291601,0.0020638775217605154,-0.03899968028772749,-0.033341659603595697
2020-10-20,0.0085982810127098741,-0.0023942428611013478,0.00018982785588672613,-0.0012863958105846507,-0.0023521304573708157,-0.0026071225795454289,0.015164339457749865,-0.00025464984483269948
2020-10-21,-0.010572980719404379,-0.0059241753037139189,-0.007317376808809839,-0.0086003215198708904,-0.015419510556028082,0.0021686392397211041,-0.013282076952848665,-0.0066935623549116974
2020-10-22,-0.011598659829265778,-0.0020698094066373685,0.0032586718347820121,0.0039108093380770814,-0.00028728983195869251,-0.014913382987821855,-0.016380624388806608,-0.0021048881030909516
2020-10-23,-0.0028585396211383562,0.0052726877698943131,0.0067717848046926488,0.0021992410835374177,0.01192864977556618,0.0036114278411996104,-0.0059354973261933619,0.0072499997508168601
2020-10-26,-0.0027369979952939216,-0.017777561513089624,-0.021353537138165013,-0.025135945953402072,-0.01865261159949394,-0.0025619619092657198,-0.0026936667357359001,-0.032731462511769283
2020-10-27,0.016822510928590217,0.011139650354961894,0.00028707393152260785,-0.0051699602439670977,-0.017656385748722303,0.0065698052607179314,0.023580959174498428,0.018973686273149992
2020-10-28,-0.044262426126471466,-0.036921239977167009,-0.033215107056028259,-0.031346306055754725,-0.033492171328475928,-0.01499083680580926,-0.067468323122264473,-0.075991847819448344
2020-10-29,0.040178783065043078,0.020555567008708087,0.015084316878582804,0.0072104956194505299,0.00040645395382599148,-0.0029612456096717032,0.058759829156779908,0.038094443135846534
2020-10-30,-0.050361747419128799,-0.019522444187782373,-0.0061019944524374203,0.00021834205499238202,0.0056885277949405566,0.012400488117302544,-0.078538548370241434,-0.045036742858661327
2020-11-02,0.0023119681570633599,0.0053757642511473858,0.015511758539426435,0.018810161145685234,0.022423121599757012,0.0098651029011465052,0.0018971644948355681,0.0076099530207756061
2020-11-03,0.015294434536091694,0.017238488895731541,0.017748216395649052,0.020185369897631533,0.022869811048602751,0.0093995909777406794,0.022970781433342413,0.034535237049873047
2020-11-04,0.030269667965250102,0.034033028086461803,0.011672020042776898,0.0037588880367276367,0.022938013196332374,-0.01751004185205729,0.050480736426095074,0.078218525129362559
2020-11-05,0.038100292875756336,0.028653413960972873,0.022217519372162542,0.021955104586139695,0.012132368532917326,0.029269320214282857,0.055891864785691192,0.054789678866059344
2020-11-06,-0.0083084956506888075,-0.0064384730393189926,-0.0073397522090743461,-0.0095936143144963459,-0.0040578307379366407,-0.004681648874170885,-0.0088725049785204346,-0.0056964690836123211
2020-11-09,-0.026187363864555446,-0.02665029618929593,0.0053709426912411651,0.023475504409313563,0.074228400548024487,-0.055883528219457856,-0.036108064675046236,-0.046954630135017661
2020-11-10,0.0025285694191421459,-0.012459700007701469,0.0043142088871508388,0.015171412073700097,0.016174047186298779,0.017483578752153006,0.0010158479655173469,-0.030473412341794459
2020-11-11,0.031096066506088649,0.023106707069959764,0.00837744791757844,-0.00063775560344048188,0.00493370676746685,-0.0071716791880488406,0.046283359040881322,0.045491932703416005
2020-11-12,0.00091689282456886012,-0.0014410427195831188,-0.0065377376832533862,-0.0071707186813578794,-0.015240793810106568,0.0095733447610366618,-0.00025858618130458755,-0.0061499362754825482
2020-11-13,-0.0015381704810316643,0.0067987578641957036,0.011721630445274966,0.012102924952987815,0.0037282890974024152,0.0049160248582771349,-0.0013289096203280559,0.015554207930830621
2020-11-16,0.0051558350262033148,0.0042409987160523244,0.0080856243414748619,0.01277276766900326,0.016671691858530346,-0.002688613513427085,0.009500719421771775,0.012015931197038032
2020-11-17,-0.008751687465916036,-0.0043642187954736622,-0.0058385268109676369,-0.0067567495315442594,0.0021241830727360966,-0.0026249346360275316,-0.012529345818500626,-0.0075320668302002458
2020-11-18,-0.011742958032044615,-0.0077437317303471476,-0.011733073770900049,-0.012251361582624853,0.0049598825301617744,-0.0062949988129841206,-0.017436532429861873,-0.015131654224284086
2020-11-19,0.0065273453055247899,0.0091876574616605033,0.0053702644008981615,0.0032882574346004834,-0.0072976644271587343,-0.0052736630138582319,0.0091147603263659338,0.017022799659478949
2020-11-20,-0.012527426280314224,-0.008417058392996668,-0.0083591109710851041,-0.0088652230366849105,0.0045467402924448397,0.00425865862146102,-0.017997363691071966,-0.015246565327194816
2020-11-23,-0.029742861266575771,3.440092690909502e-05,0.0057491559119704494,0.011485814238503256,-0.00029610700774762577,-0.018478944207857118,-0.044614291899863656,6.8801853818412084e-05
2020-11-24,0.013623107636857368,0.016083648432619668,0.018212213624614337,0.017380010500074095,0.011128527683068157,-0.01609598922761879,0.019431983991391011,0.030161941937448589
2020-11-25,0.0025752072730571562,0.0012614856570434263,-0.0063963328610472381,-0.010453533591039399,0.0023016532217319252,-0.0043591986627410373,0.0062905689307484192,0.0073784873564131104
2020-11-27,0.0035204104418142812,0.0079025244409349771,0.0011949466680500898,0.00037244196140129304,0.0053442552819404909,-0.01435370905591149,0.005930384472077721,0.017104586500582108
2020-11-30,0.016369062667310974,-0.0026024071008332594,-0.0090518522263290935,-0.013347866795883845,-0.013912578813087384,-0.008096314198357879,0.026870074671053956,-0.00057185286149119552
2020-12-01,0.033702889339208397,0.015641089772216787,0.01412295839412292,0.0089416761994829397,0.011497671964625367,0.024474977739972648,0.049159650024511725,0.0284928115758325
2020-12-02,-0.0083812662922400083,-0.010010710385927712,-0.0094170635708880068,-0.0088296874454345531,-0.00037476696189775449,-0.0025067922679018473,-0.00693110938022512,-0.0087398406555864172
2020-12-03,-0.0044540860248782899,-0.0019096228869190934,-0.0037574056001777878,-0.00038866091225386867,-0.00070810558042477822,0.0026155163858823105,-0.0050209512812491308,-0.00049889026170168993
2020-12-04,-0.0081543773817476239,0.0015082722425032724,0.0063183826237989127,0.0058536414715055773,0.0057105181960552809,-0.003152141259899599,-0.010953459656668496,0.0055727573169128686
2020-12-07,0.014298406875681069,0.0076781082599814976,6.5556202949901277e-05,-0.0029301642280121776,-0.0062168276242385856,0.016162758304494984,0.020445607290941137,0.013352210474802062
2020-12-08,0.0057732858423764633,0.0040658048849457895,0.003493122698598583,0.0043353618847152831,-0.0015014264943747913,0.005451665977092901,0.0083205015187464149,0.007452755280255241
2020-12-09,-0.020725713383311084,-0.022463389678626267,-0.0077201982415958659,-0.0041877880420726488,-0.0021719174255523388,-0.019236301899757335,-0.031179372770797409,-0.045108384748914987
2020-12-10,0.01468499675931878,0.006690943340172284,0.001448971203877214,0.0015317013812863323,0.00012558641590865172,0.0020645301893145174,0.020695282699132678,0.010717461800654693
2020-12-11,-0.012095186331621877,-0.0075999108109421343,-0.0066328508130670816,-0.0041062767569397529,-0.0068639166242842053,-0.0020406831751736965,-0.015444389765517541,-0.0098030421580538318
2020-12-14,-0.0042536280126623804,0.0081596071192135966,-0.0032834374072571171,-0.0051889450889378574,0.0028657251967918462,-0.0053458909686056044,-0.0068291936053440638,0.015421711065725985
2020-12-15,0.048751072511680205,0.0094005808508874633,0.011643008001874344,0.010477641483039424,0.00016807622533332456,0.01137174251912576,0.073764215620391038,0.020076375407516389
2020-12-16,-0.00099194856534934317,0.0050523464126381867,0.0013294956704146266,-0.0019967143461780967,0.0033191279231392645,0.0016025415946059329,-0.001265575671985486,0.010549387177354097
2020-12-17,0.0032258098289474901,0.0028016340021326247,0.0020714663506613551,0.00070642294634715164,0.0004607029857914835,0.013061703302746919,0.006694680794588681,0.0093152001066003631
2020-12-18,-0.02091735988088439,-0.0081551732830120738,-0.0085691541778529778,-0.008439419475378851,-0.0044786885272075638,-0.005937592915546519,-0.028801942286565296,-0.011162151496501127
2020-12-21,0.016256311083264974,0.0019356723572270251,-7.5938396324359836e-05,0.00461220513687155,-0.023923656014523842,0.00057196634452627571,0.022477635670504093,5.7682805667313986e-05
2020-12-22,0.026718040825798539,0.0010165929715100219,-0.0036919285974738036,-0.0085375174854548375,0.014171891917295065,-0.0083257678300532323,0.040926057654792958,0.0037311787752110082
2020-12-23,-0.0028807705355472502,-0.00093314061670146664,0.0048885661456681273,0.0081727601051539978,0.011255495353673206,0.0083113918477280002,-0.0063830454581584872,-0.0059900605430784903
2020-12-24,0.0073192913238109281,0.0040212671805466282,0.0032514040184314918,0.0020650741220960001,-0.00016799151919211219,0.0023244861833293662,0.011173913132917157,0.0084324866554952305
2020-12-28,0.03460374075413486,0.0089455363773742747,0.00759064630073647,0.005426696781288598,0.010711999894877478,-0.0026067866572859755,0.052466442263015001,0.019012735018373306
2020-12-29,-0.014796034706664241,-0.00060691257891387629,-0.0037233588424390174,-0.0032744621091999049,0.0039485130013241498,-0.00017369560768176751,-0.0214434500130809,0.00028737893600361275
2020-12-30,-0.010914177992835783,-0.0023763476596549982,-0.0009604963773297559,-0.00020579110311014226,-0.0023598059313291175,0.0031550443516972226,-0.015167251236013035,-0.0023446638128287178
2020-12-31,-0.011489948312849441,-0.0013658665100658718,0.0026766271585196844,0.0016209858021154488,-0.0070129770627430643,-0.0029223615658225954,-0.015326540134533606,0.0010850316493491441
2021-01-04,-0.02080266657572627,-0.010160332765087987,-0.010745311471138996,-0.0073770399115001828,0.0071461206432041902,0.031300488881671473,-0.0332120024870175,-0.024336670777032055
2021-01-05,0.012289241664666495,0.0081695605725118359,0.0071290340907308458,0.0049536891235075764,-0.0041908643383664623,0.0039331573599041825,0.018470642277383931,0.016412680705790939
2021-01-06,-0.03748533768710427,-0.017754488106071054,0.0017458335601727715,0.010368503045373956,0.012375472763993534,-0.02729886322941566,-0.054249370297151933,-0.03155170374513272
2021-01-07,0.030701622197405909,0.020802899001783448,0.011706388817902091,0.0040962636001073971,0.006420815787219869,-0.00069772172068793825,0.047706820769941816,0.04491457295123169
2021-01-08,0.014356803035244337,0.018607957043305978,0.011328823495001528,0.0074259341825857472,0.005684604158070039,-0.03542046696561707,0.018696764345654815,0.031539033672189021
2021-01-11,-0.016416635527964463,-0.0075562035500182922,0.00039256028183864977,0.004178341208157299,-0.007401049549801697,0.015443990479216296,-0.028122326251478258,-0.022107153019099157
2021-01-12,0.0006988032071353345,0.0005035050318196177,0.0025144706395350269,0.0039384812275156111,-0.0016797232801241124,-0.0014763396060278877,-4.038932687189245e-07,-0.001090207344304539
2021-01-13,0.012214999302774032,0.0027793042193149375,-0.0016615818027256868,-0.0043002833446413868,0.0020108251114407949,0.0018317643559750962,0.020296172308511329,0.0095059551473313242
2021-01-14,-0.011369333621106814,-0.001552348953637761,0.00016320903496125361,0.0019416866738188876,0.0029897184245022412,0.0019211949533743944,-0.018961644504462694,-0.0069199860528798007
2021-01-15,-0.012818898752001928,-0.0070045155384009794,-0.0062591148049084833,-0.004895955022944376,-0.012290755324863345,-0.010699227231027897,-0.019690518306891391,-0.01493337143457929
2021-01-19,0.011584735488678888,0.02080387973872444,0.014349159106062048,0.010042779618222308,-0.0021497394496546862,0.011787422927247659,0.014314968942296336,0.035483490896004444
2021-01-20,0.027617000906737799,0.018070581386721241,0.0087933200207441775,0.0028079737124444559,0.0052202578022351176,0.0091469915904998089,0.043961733706722628,0.041213627466674785
2021-01-21,0.0386462261048095,0.0099325437602064692,0.0023193419099891699,0.0022396242118758458,-0.0063058927111503404,0.0015959133979355222,0.057010352101005912,0.01794711340799604
2021-01-22,0.011843033625057897,-0.0070324899694638177,-0.0071531145627601322,-0.010231006968953293,-0.006345909334568578,-0.0093411446440574419,0.019846645303588595,-0.0099007902069244702
2021-01-25,0.027417339470924729,0.0080050063684764527,0.0033560565513093277,-0.0012915409669980171,-0.014901713070827216,-0.00079769400012197345,0.041255558467040432,0.016269111258259139
2021-01-26,0.0035934422599923632,0.0033763362776584316,0.00042488749457358921,0.0010690806927007301,0.0095762639195027255,-0.00041160937361106598,0.0044348689328748137,0.004842083641090511
2021-01-27,-0.0090506449549133672,-0.029215711088799834,-0.027018219877317784,-0.021163383743111885,-0.012339487239753089,-0.0046145334910299152,-0.012887301348143088,-0.057054090009145741
2021-01-28,-0.030368014861164028,0.010730177611885772,0.014694330497850627,0.014095666979283328,0.0092215266489403813,0.00097239069301857661,-0.047944416735533513,0.016675566336197045
2021-01-29,-0.038609043493558426,-0.022247157377515148,-0.020391971872154691,-0.021662540972137379,-0.018948197925423904,0.0038735533738234462,-0.057296226282546381,-0.043259636839447557
2021-02-01,0.016199920581153604,0.024664205193389632,0.015732420821979121,0.0070540132533531974,0.010601302324789064,0.0086681070391323445,0.024457448611846955,0.049643545867012806
2021-02-02,0.01093606980687567,0.020959540289323231,0.018544593433755585,0.020536332828346548,0.018856716769739101,-0.011867588786590222,0.014118733034915953,0.037348337227851802
2021-02-03,-0.0053352520930801672,-0.0015149164346006661,0.0034729678072749071,0.0038995129494798775,-0.00062523508926815019,0.0033914989234720139,-0.009233880018898355,-0.0054918366277576514
2021-02-04,0.025473752085279244,0.011546504237333055,0.01067472268148939,0.010818347005532303,0.0089676808828775822,-0.024192670994040877,0.038349067595868203,0.023369887410563894
2021-02-05,0.0032046209478493459,0.0097353208311954376,0.01035002614615399,0.009140439966371261,0.0087225519015257102,0.018569894435136902,0.0016457772084921274,0.013148333235827536
2021-02-08,-0.0057197989756652134,-0.00015524214874895748,0.00056101742122716125,0.0006826870898706261,0.0054096914825751963,0.0048045016429922871,-0.0051751106253099532,0.0064986913788778189
2021-02-09,-0.0069712794171638004,-0.00060977330670453078,-0.0013417097999053329,-0.00030445854479232981,0.00032606773967902569,0.0013984084982938683,-0.010256895172320979,-0.00081949870655917412
2021-02-10,-0.010011697997234337,-0.0077447023197867448,-0.0057966875568536969,-0.0036408899936016814,-0.0042785355392804814,-0.0026639169167206322,-0.012278387400191604,-0.010011085448253576
2021-02-11,-0.0020207140228097886,0.0053986857986978443,0.0017634472265319889,0.00047209267404402233,-8.1879548549435022e-05,-0.0087283315225119562,-0.0029807662056395845,0.010897981254545774
2021-02-12,0.00092601008936332718,0.0047356272386795961,0.0039104274636112546,0.00029409769071175873,0.0058524862469735428,-0.0028175517778648018,0.0018132708686218191,0.010319765946512183
2021-02-16,-0.016159943392120568,-0.0027612742417407743,-0.00050264513648312636,0.0016573829640706972,0.014810608512283441,-0.013329475683533154,-0.024211469217283454,-0.0054656567416864199
2021-02-17,-0.014417780264407987,-0.0015300812657067508,0.0031263234039209387,0.0065264359337338096,-0.0034481553489231764,-0.01132731029320333,-0.02326873938184526,-0.0063443005018806176
2021-02-18,-0.004976469984146803,-0.0006964792294726907,-0.00070389741347742785,0.00039492670131102692,-0.0068396732820317219,0.0049372747672962181,-0.0093105781527457188,-0.005084704811996632
2021-02-19,-0.0024013053629390324,-0.0079754010792577601,-0.0054204577024409284,-0.0037534360928743737,0.0083452009801538996,-0.0022827214738996293,-0.0017869881609798854,-0.012320862391657417
2021-02-22,-0.032555700469188098,-0.028687929528503076,-0.010469814668068955,-0.0019234515014465714,-0.00096421064343565899,0.014550012951151103,-0.047412734911915111,-0.054534227473272967
2021-02-23,-0.0044313223733419838,-0.006291207701263013,-0.0020509613396439974,-0.0027544034728492761,0.0016889779995659104,-0.0047016884942707726,-0.0049850605557827388,-0.0092585693940657743
2021-02-24,-0.0028514536356064601,0.009458749024857882,0.012583171464981779,0.014347430293037311,0.0030511145534777295,-0.0032295510917055292,-0.0048800375575887012,0.017711783841358297
2021-02-25,-0.036307347847721494,-0.036387103908996354,-0.025881188131463895,-0.018920865839222256,-0.0016810012354823156,-0.01407454302755784,-0.053671165622462103,-0.071194495519752321
2021-02-26,0.0031343520534896641,0.0050921289963936633,-0.003738124347183458,-0.013540120745050732,-0.014232507649123094,-0.025370624011947673,0.0042512246756327698,0.0092836511835840962
2021-03-01,0.060028223848045847,0.036119477792262211,0.029816186828002467,0.025818886890202286,0.015454737199264601,0.0024866666137439708,0.0871116920717252,0.066377668183836391
2021-03-02,-0.017768439086029542,-0.012898200658151171,-0.0049074666040707093,-0.0012580802023148818,0.0034043208534972891,0.0093634306335543815,-0.028248532958070616,-0.02898814997435506
2021-03-03,-0.027231221403010486,-0.031781672388693227,-0.015823003213487064,-0.0066528134064010036,0.0028340340192190006,-0.013082452551722357,-0.039424809570540842,-0.060719299709436569
2021-03-04,-0.012969152476469792,-0.013525555645540699,-0.010391820554349618,-0.0080379876102935066,0.00071643244126340377,-0.0059376688075634121,-0.020897912100175664,-0.029939478062023128
2021-03-05,0.017741695509038369,0.022093965018278539,0.026603423740634735,0.025338515947686879,-0.0089889360579998856,0.0056265741130800961,0.023147996460126219,0.037258836429694853
2021-03-08,-0.0382901683436776,-0.024883483056177824,-0.0018370295040132101,0.013112907351570335,0.021231310035243922,-0.0085815772112991517,-0.059200506122968122,-0.053297473327259426
2021-03-09,0.047140304928549037,0.045924207200476408,0.020573603731286028,0.0073746659519167146,0.0043230737540131958,0.029564080827482853,0.067591899800016675,0.085611299215338832
2021-03-10,-0.013013544570875446,-0.0067258771171671006,0.0021777742737378869,0.01087465588254366,0.010604574651184029,-0.0010396841881956664,-0.017579017625108162,-0.0095691557719234099
2021-03-11,0.014103109639715283,0.020616137275816682,0.0080789073006908296,0.0038104941647789659,0.0068148607464169064,-0.0018970934514950244,0.022334956579874055,0.043592858792234512
2021-03-12,-0.012596072157110338,-0.013080381208377179,-0.0037509663542792948,0.0041052346146450702,0.0019613370570716882,-0.0066261841206461947,-0.016389649111911875,-0.021151844169246536
2021-03-15,0.027551220840055235,0.01373572801709444,0.0095765627676549503,0.0084586487555926571,-0.0018424111089351269,0.0085027380333950742,0.039816564348001293,0.024450922210025983
2021-03-16,0.014800318135626211,0.0075313087336090767,0.00048567878115801655,-0.0017030123245429518,0.0035762512973893656,0.0030166276273841941,0.02118473999903947,0.013031143058418015
2021-03-17,-0.0044363034443509752,0.0061531444540012803,0.0049209832573244849,0.0078477263246754525,0.00095791320942373304,-0.0001725892585798805,-0.0076680948300460461,0.010279009580963283
2021-03-18,-0.040447768710201615,-0.037195273680251328,-0.021383339180248817,-0.011006296400910887,0.00019144310646002083,-0.0036664877863671341,-0.057285674600545566,-0.067618590430988501
2021-03-19,0.00091184118809661818,0.0089608942956111992,0.0049157487399871247,-0.0027781984293755446,-0.010410263182426549,0.01075519979595585,-0.001340348896813004,0.012505567233306314
2021-03-22,0.031375171089724097,0.021763912370329264,0.010004326697243604,0.0067395901627063104,-0.0046797759012972007,0.00088273390915460936,0.045584868922552202,0.040572049316590642
2021-03-23,-0.011042721744793371,-0.008527089723020298,-0.011778441805776363,-0.013859937440857562,-0.0039635200220090594,-0.011630999867885961,-0.014472655833660752,-0.012871325878981876
2021-03-24,-0.012310362362657035,-0.0091574726047845001,0.0023909399094264039,0.0079021917476900239,0.00019510272806000373,0.012572065627218132,-0.022385487838772034,-0.026154833799142296
2021-03-25,0.0064702535436578223,0.00056159395122068467,0.0075813965858479992,0.0088230836441363092,0.0015211622104829292,-0.0023870739223135207,0.0085568384233003503,-0.0011738958819309531
2021-03-26,0.0082523058270462801,0.018141535487842475,0.019785777296274176,0.016687357027385108,0.0066986363166696705,0.0072815969072288489,0.010830975841078061,0.03318810517670201
2021-03-29,0.0005179564179598195,-0.0012502229574706814,-0.0018312532464536124,0.0022072096404082142,0.0047197081592149637,-0.012557590020921716,0.0012597684656585617,-0.0015347782375040309
2021-03-30,-0.010848097095966125,-0.0035961441826519724,-0.0016139001600701253,-0.0010926321590220001,0.01189788638368583,-0.015108207563950038,-0.016994176188894761,-0.0086363494551950915
2021-03-31,0.022884887317121239,0.019408126887723309,0.0077596209246173498,0.0021008810512421761,-0.0042998807761981395,0.021871536492953814,0.032305666772458608,0.03477292536900034
2021-04-01,0.0065098658851272528,0.016593157448792084,0.011375322288263545,0.0033990688459966112,0.0073757325947785279,0.0080696897317125149,0.0099875889569498444,0.033631895156101654
2021-04-06,0.018274873840597783,0.011485396941617321,0.0059037211471850704,0.0011186995136776012,0.0033004511067542541,0.0007589781991363953,0.031267384683738797,0.030566977075584534
2021-04-07,0.008671318891060098,-0.0022494670277927176,-0.0031677104480390961,-0.0046566423965885839,0.00060493969173891493,-0.0054561289146722869,0.01533529953488455,0.00015770834100314879
2021-04-08,0.019282370703510354,0.010481655390434552,0.0044992621915753706,0.0023205540833211025,0.0057061172318497722,0.0095793923484679411,0.028899811914496309,0.020915822499330661
2021-04-09,0.016653657806966482,0.0025102422462741636,0.0041782664769349775,0.004591150012244416,0.0005260366271993,-0.011120950553196174,0.026743712353409776,0.0085469357784686562
2021-04-12,-0.011974876591954398,-3.1548438904516196e-05,0.0010949603232977001,0.00035670180951963282,-0.0013895394234445524,-0.0056688063079953777,-0.018599806720192458,-0.0013380805423313102
2021-04-13,0.023087587406812382,0.010468846613174376,0.0021012015499299874,-0.0034391843976826486,0.0034598534344827403,0.0073990541154831391,0.035226392479668078,0.022127715965248207
2021-04-14,-0.0210944990991484,-0.015268884821190487,-0.0072547213896939633,-0.0011103137687163978,0.0034478526405767873,-0.0097449337331071417,-0.029991596303187595,-0.027237464951311408
2021-04-15,0.015992332078093696,0.01244938531982287,0.0084202337134253735,0.0059325617799519392,0.0053781889498296653,0.01485343317302612,0.025321411612228673,0.02756459762982133
2021-04-16,-0.0013323031392331597,0.0023707876587504284,0.0048107595520050506,0.0057055139937312038,0.0081355123734625501,0.0087919587472564675,-0.0025977499730681641,0.0035429847890642296
2021-04-19,0.0052609142900987838,-0.0089616184551042366,-0.005116628495528186,-0.0030561459131531743,0.0013633557415282382,-0.0052021513479213466,0.0077956112366124319,-0.01811475730727985
2021-04-20,-0.019045017180215784,-0.013538766025498417,-0.01302187264508603,-0.013965364823368631,-0.020055201162643921,-0.0019183412280292522,-0.025419565917104703,-0.020781612344558442
2021-04-21,0.0040046649295988335,0.0096418987771358378,0.010388488493630943,0.010486675947597668,0.0076980822443313279,0.0093466669602331187,0.0054710089931477857,0.018211820751770524
2021-04-22,-0.012125309046199462,-0.012494159987047504,-0.0095716927811991814,-0.0097579852762458286,0.0095770440935520895,-0.0066327651986221037,-0.017965394677666668,-0.024543182190829627
2021-04-23,0.019987065772660184,0.014527331153688205,0.01289787742363302,0.0087590142398901172,-0.0017347917947115876,-0.00044735070520618425,0.029023580962472373,0.027140626914340382
2021-04-26,-0.0032520075675847027,0.00025892095977275709,-0.0044405797227727861,-0.0078467288044603567,0.0029949851788186876,-0.0049260220581152092,-0.0017721720263641494,0.0067295205695716565
2021-04-27,-0.0017740006792412721,-0.0036578513719977002,0.00046869961519524495,0.00055943991635132306,0.00040550319944610003,-5.367903359099202e-05,-0.0029995361769367124,-0.0079927730601456748
2021-04-28,-0.0067370261848742619,-0.004092155273524356,-0.0015513816132621816,-0.0050074752890135743,0.0048642065708468518,-0.0034667672244230729,-0.0097485120275836445,-0.0074702560475931046
2021-04-29,-0.0045049657576000657,-0.00017370194382770876,0.0030324848906897461,0.0027189337407500513,0.00044009820653001519,-0.006903913851391219,-0.0048779945901247235,0.0034115042048952215
2021-04-30,-0.014416286507534237,-0.0058313968680981931,-0.0063921885406184042,-0.0040622019759229966,-0.00637805745761022,0.00038859497079157812,-0.021988532888990608,-0.01239099999157478
2021-05-03,0.016541763738059378,0.002889184023916691,0.01103055412758347,0.014713939658125952,0.0058656581204099556,0.022004673485825021,0.020683400661517748,-0.0024801218433091465
2021-05-04,-0.038065362553518445,-0.020724252361007722,-0.0094375257508416688,-0.001666994456327453,-0.007922009267842145,-0.011571866226140481,-0.055708848548491341,-0.038670114158442459
2021-05-05,0.0058104619805130486,0.00047213906947418671,0.0045594089156355544,0.0061699620162980473,0.016266193954445063,0.0085389563134901092,0.0067919308800996614,-0.0029032460423921158
2021-05-06,0.013398697386003189,0.0081306338011677415,0.0089173625658633959,0.010030402887216905,0.0025463694218639255,0.018197044694579168,0.01980364573146276,0.015672466907251215
2021-05-07,0.00028126161532715521,0.003054349668440981,0.0024846458570713104,0.0018059865545676512,0.0061683628297608539,0.0035293126580782097,0.0029315644019733966,0.011128043294847734
2021-05-10,-0.034010891435392376,-0.033465122921406798,-0.018751679112075981,-0.0088226426924623569,0.0023800932502966443,-0.0050126752293407906,-0.046804419609628667,-0.058506410755893912
2021-05-11,-0.0049458831287798599,0.0010977713916651144,-0.0061985889857955057,-0.011441865302500021,-0.01910347339061258,0.0016645691432710663,-0.0086602636882279205,-0.00028733520678658753
2021-05-12,-0.025224842036614015,-0.02616911925079124,-0.021600676722860368,-0.020438495957902703,0.0028241212554684925,-0.0075352364112424297,-0.037690367998261642,-0.052044448388263054
2021-05-13,0.023481328072886498,0.013237392901588096,0.01787523629994725,0.01878018756404809,0.0013898071877089802,0.0061256749152343026,0.032490103577882845,0.021011008740281945
2021-05-14,0.019947073818702199,0.022179365181782762,0.015099416770435914,0.011291679958576717,0.015084007285263823,0.0078313095750512929,0.029870468439438858,0.04425844578633753
2021-05-17,-0.015217563598137973,-0.012044551617548027,-0.0085277278721411776,-0.0077750636197408962,-0.0012593044412064769,0.0099381160339155894,-0.019819076895512877,-0.018074566231708111
2021-05-18,-0.011774247415436978,-0.0072820103139326076,-0.0089243781939881694,-0.0079222602152023702,-0.0014770648846237355,-0.00032054142520432372,-0.01739406181588854,-0.014029402013331471
2021-05-19,-0.0067656710998779124,-0.0043490717707408422,-0.0082781784854517593,-0.010359703524163155,-0.014972725126946806,0.0016960997385402354,-0.0074029085396899452,-0.0032069473212280597
2021-05-20,0.025301816230922425,0.023626420818191107,0.014891770768402646,0.01035455577885469,0.013368975551467877,0.0044149141370783962,0.035852018561730592,0.043051430067076346
2021-05-21,-0.019000772466113092,-0.009808085567045044,-0.005037975831411301,-0.00072362516153245959,0.0069396550654388101,-0.007048384231651994,-0.026352631650292779,-0.015319117036336261
2021-05-24,0.016820234875877471,0.020337020839373166,0.013505373168182677,0.0090923968739968775,0.004809963810422424,0.0076304090451035922,0.023500466547235588,0.037214270145584871
2021-05-25,-0.0041403971343421109,-0.0011910209588641418,-0.0046760104733930552,-0.0048325040709563671,-0.0022862564196626245,0.0045746241911306385,-0.0049252635856504856,0.00018862231399685569
2021-05-26,-0.0032058633202343145,0.00066102557346336965,-0.00092833058589969486,-0.0025515947114846949,0.00010735622324631322,-0.0011318441187304629,-0.0034022645136511098,0.0041351120803276853
2021-05-27,-0.0078004013610292189,0.00087520284900199918,0.0058930070987217587,0.0085261451366911434,0.0068738847281817339,0.0017274853424513736,-0.014017502203747201,-0.0028833946264029686
2021-05-28,-0.0053963709929580883,0.0031055778233550768,0.00084461766540777639,0.0029691413615506868,0.0087469878079977637,0.0035382286412983799,-0.0080702124774579831,0.0062598436706682303
2021-06-01,-0.0058831423101580738,-0.0065566504390350833,-0.0037030162459333882,-0.0025804080184615996,0.0011983957833678893,-0.0019336304871668819,-0.0072029990290600754,-0.009869872005715763
2021-06-02,0.0075194379158560753,0.0031909355214456703,0.0027898246936342019,0.002654253057703615,0.0051049310375672619,0.0038109035335580632,0.010661389768908958,0.0051463368331414738
2021-06-03,-0.011514374586810594,-0.0097648824072914531,-0.0028216098189811634,-0.00033442092425128855,-0.0020316145927771201,-0.018528100466530972,-0.017595363732813341,-0.020177368519778582
2021-06-04,0.025476979152481816,0.023411688814495069,0.015235425717503137,0.011801464089556735,0.0012284527874797391,0.016379998374431493,0.035048264557804965,0.040488969287155285
2021-06-07,-0.0028303893103783784,6.1562368762091424e-05,-0.0036803858335625605,-0.0066634492213617502,0.0046974964092618698,0.00067415115176649998,-0.0027908349907105334,0.0030326226872381401
2021-06-08,0.0045896336695259166,-0.0015942179319863303,-0.0018732994835457539,-0.0027883934109926845,0.0010816516920497676,-0.0043810511312322165,0.0079187398933664443,-0.0011198570858175216
2021-06-09,0.0047896348019604851,0.0019451349200099166,-8.0955726356912727e-05,-0.0027754977255569635,0.0017775816499914221,0.0022887604849628485,0.0063308905219452427,0.0021831464780288634
2021-06-10,-0.0087685510351565021,0.009661297049513129,0.0039465439001360458,-0.00020076854717865356,-0.0026789945986106511,-0.0002766844023157633,-0.012777251863767769,0.020073743476960226
2021-06-11,0.010616510374718224,0.0033928499100832621,0.0027491612166434809,0.0011815609306506936,0.0083376384249991276,-0.0080897712333493077,0.015536755750775955,0.0060096801975644265
2021-06-14,0.029853394387384435,0.014781300134765418,0.0072233819175628877,0.0027610459206544036,0.0023872213445672585,-0.0021773408177220288,0.042205617788715122,0.02441365268480733
2021-06-15,-0.0074242375967816798,-0.0075176499668055952,-0.002967006534181027,-0.0035753863628333882,0.004003766640009232,-0.006079253513261329,-0.010639890317125755,-0.014042367777517661
2021-06-16,0.0035322058889037944,-0.0040506435202679603,-0.005775077279474905,-0.0081133746813563112,0.0018563355852927454,0.0022922265184062152,0.0054983492936278022,-0.0077012061199916992
2021-06-17,0.023701936354146635,0.023799562663167295,0.01054866170284563,0.0047025726926115397,0.0023333491499135661,-0.036071301390378396,0.030071483029657342,0.036636282323209812
2021-06-18,-0.0032638552404344878,-0.001004087041373003,-0.0062663691579230019,-0.0085770059209214766,-0.014378147613280823,0.0036069060037369205,-0.0083445069363093927,-0.0089056222340604396
2021-06-21,0.017498658870999773,0.0095836068717023437,0.017442131028266639,0.020885655093544564,0.0052794423713209415,0.011231537832669725,0.024574151879835249,0.015819540890076311
2021-06-22,0.0093918551598466404,0.0060261079468053591,0.0018423654674504242,-0.0012942204651867906,0.0011401388173872817,-0.0063399808727699902,0.015720378658845791,0.015317407731761934
2021-06-23,-0.0041107042847374764,-0.001537134714309385,-0.0031038857386868068,-0.0039946438342762791,-0.0089729510763361109,0.0013437661780224541,-0.005153498977029658,-0.0010491545284649906
2021-06-24,-0.0018713324363890393,0.0064830214133080322,0.0061981417503380598,0.0097471040034620149,0.013024117373013011,-0.0034596374667728025,-0.002956195399687056,0.012667649336408848
2021-06-25,-0.00201052705399829,-0.00099071157803187759,0.0035885457790802988,0.0074630682524770009,-0.0011688001564169603,0.00085793994889549197,-0.0031350965201946135,-0.0022200350344587783
2021-06-28,0.011543008812467948,0.011159292823323064,0.0013214760301156758,-0.0057759209693041269,-0.0098430375997654584,0.00063932240235109461,0.017809631709740481,0.023308822628723025
2021-06-29,0.012623914748255638,0.0047333799542430555,0.0014772992666147733,0.0012859830862967936,0.0018074398661447333,-0.0085029602937531923,0.018380543637140034,0.0083561029379990437
2021-06-30,0.0068979453463491325,0.000685518256201334,0.003625626740733523,0.0083759078712837276,-0.0083269643649019898,0.0068129699610339767,0.0092136617223119721,-0.00089547608202145135
2021-07-01,0.0060805208380543263,0.0042052360218451934,0.0091179031648735975,0.0079116844846500722,0.0071373088113604322,0.0067550182293756311,0.0072164823202034434,0.0046018741699345167
2021-07-02,0.020503376581636701,0.012378054214975842,0.0085244724727022714,0.0054547665900042119,-0.00083374447411543873,0.0045507870441945375,0.030310428916948462,0.023866836518938284
2021-07-06,0.013215656404840237,0.0028347544211562159,-0.0034539226277349178,-0.0075645359209113305,-0.0073360177156233108,0.004622361943166009,0.020563882594414773,0.0071503048166214889
2021-07-07,0.021337269017287497,0.0054390948465325994,0.0066934520306951573,0.0065137261483492193,0.0031522591402053379,0.007739682282971394,0.030344920994097579,0.0075562246293989777
2021-07-08,-0.006585059216052791,-0.0034168596530835815,-0.0057479207572094237,-0.0047020313842131012,-0.02011103657646085,0.0015820118371603353,-0.011197155548901883,-0.009472852755811334
2021-07-09,0.0083860314643566802,0.0016064171030076846,0.0066317838823723996,0.0079644994077194831,0.021378954927921967,0.0011417300655145457,0.014883444114239364,0.0078216280414242778
2021-07-12,-0.0062967253575720861,0.0017956651085611064,0.0013404283789704152,0.0016178729500071487,0.0042211190896148665,-0.0046921995339571643,-0.0083941590983113157,0.0056931880932156176
2021-07-13,0.0085474800843252652,0.00065305236676249656,-0.0028624500920415574,-0.0022916373298618176,-0.00034739905251435221,0.0028694608917945175,0.012494693943106538,0.00065305236676249656
2021-07-14,0.031913828524263721,0.0094362496247477612,0.0089252390193221842,0.0088131481326034766,-0.00010419627980828849,0.016035893507894805,0.044056115809545604,0.011243245295795345
2021-07-15,-0.0093686485422080912,-0.011887516488711558,-0.0081237243856688846,-0.0033888306463438767,-0.010044189262170544,-0.0027174477602590619,-0.01160372673281107,-0.018876540816420984
2021-07-16,-0.012279659662334796,-0.0062920455104640283,-0.0057303370025280076,-0.0067513621601765772,-0.0049501068681762073,-0.0058461248561018087,-0.019330629338733529,-0.014406370711390948
2021-07-19,-0.027094817944470884,-0.0083772004710819248,-0.016033920440357563,-0.019965876824342033,-0.025438403165029211,-0.0033804900146257033,-0.040549495168564653,-0.016568937445880061
2021-07-20,0.027728034070727992,0.013346017861664228,0.016926443694540438,0.017035356231118071,0.0082543133375680977,0.0029276511846823006,0.040737288740946287,0.024982510993035945
2021-07-21,-0.0043104055633361726,0.0085519836431298124,0.0090752255277075644,0.0092650151055073682,0.018563741159165259,-0.0035945445575757962,-0.0068783958243470167,0.016278392327573998
2021-07-22,0.0088910404468429682,0.0058749236705801788,0.001359203957782551,4.4947835132536085e-05,0.0028201756291050817,0.00037764961107988881,0.013701838908971142,0.01248040381857396
2021-07-23,0.013707753092757846,0.013395493836951378,0.011906724913317568,0.0083423034206566715,0.012866003983661223,-0.00029928106658472231,0.019712574955458528,0.025092878306546273
2021-07-26,0.0028353208755427239,0.00072849544938269339,0.0023343883492219497,0.0023372019784304587,0.0012147241781743645,-0.0015018996893259029,0.0042824458753945027,0.0015159200229259984
2021-07-27,-0.017765066391655093,-0.013894018293052923,-0.0076024664427372102,-0.0051498852165036135,-0.006343547557432605,-0.0025754383197691411,-0.02519359747240546,-0.024880032355951265
2021-07-28,-0.013479173345966378,0.0025378524399828351,-0.001478566360160749,-0.0048877992445681695,0.01140762790380756,-0.0013543999558738307,-0.019569331915963883,0.006374561085936703
2021-07-29,0.00261653605826484,-0.00015361672508229507,0.0023886709566738329,0.0022440863790582632,0.0045529789887710503,0.015541964966710342,0.0048884144255358919,0.0016199872261124515
2021-07-30,-0.0024511743021292665,-0.0091464391135053225,-0.0092622714451257027,-0.0077605518887597924,-0.0041889760437959778,-0.014072452976891747,-0.0016990775420218096,-0.014337510404666021
2021-08-02,-0.00014849038686270966,0.0022695659323785922,0.00034272214777142374,-0.0010529848371069184,0.0095510141429351325,0.0074950169593490656,-0.0013163290602609123,0.0023519449048237107
2021-08-03,0.011995593396875393,0.0054165885437766903,0.0075599401814212541,0.0072200293620929834,0.007513959689466887,-0.0050831020779606995,0.018313783896086955,0.011473964689101335
2021-08-04,-0.0023445683208174195,0.0018849093990642718,-0.0041853563717012543,-0.0083943259366766609,0.0039323102356580986,0.00065990288679507181,-0.0037365012541006326,0.0033305212523795369
2021-08-05,0.0034569604398533293,0.0090662229600459998,0.0087996821337932296,0.010255315405710563,0.0045247603995905994,-0.0003883261268088356,0.0038323095406542773,0.01542618368184101
2021-08-06,-0.0046259316555324892,-0.0042408956712233215,0.0019349382523565772,0.0043640566022287164,0.0056808200323086311,-0.025180862071949583,-0.0070099050310487021,-0.0086238064379461354
2021-08-09,0.0069940206561458496,0.0091993461160271295,0.0064684875850027357,0.0046489134337759364,-0.00096929371359089078,-0.013572983011612805,0.0068219172948085216,0.011060464853233087
2021-08-10,-0.0024176045454874506,-0.0041904358806202913,0.001933766895682032,0.0054433330474745745,0.0014051931138643337,0.0039545621359577954,-0.0040963497649738612,-0.009320757654726286
2021-08-11,0.0030789322450595069,-0.00042866185800527479,0.0038020252304042934,0.0075649848103875872,0.0052788395754803652,0.013780657225658688,0.0039727970085825515,-0.0021485264340239674
2021-08-12,0.019159216367923948,0.0020175435355680449,0.0016290160422347544,-0.00076577098487307094,0.0037554907031256413,-0.002435626951400538,0.029529549741861727,0.0056165374510876998
2021-08-13,0.0018916026216084791,0.0039918088326997836,0.0021278180306838479,0.00093102952438961495,0.0020859455016899453,0.015557737104112679,0.0025972334514927642,0.0075032767035594361
2021-08-16,0.0085278626938138924,-0.004521243911496331,-0.0023167571922657615,-0.0016486739220242796,-0.0089872580411780589,0.0015384433420846388,0.015268170601968167,-0.0040897347004981155
2021-08-17,-0.0049112116715545051,-0.0075685677719020683,-0.0057573240091575162,-0.0064439389513597511,-0.0028339640711556591,0.00013144575079637733,-0.0079919605742699851,-0.016387421677680702
2021-08-18,-0.019657908923436662,-0.0036862868263738413,-0.0046262941232699806,-0.0045520752214713855,-0.0073893494849558428,0.0040827278482622464,-0.032484824972846105,-0.013368496828130239
2021-08-19,0.0028744020465087949,0.0053843867212981511,0.0018744588323169609,-0.0012790368837505284,-0.023714099319876891,-0.00017861727006074357,0.0040364294450352389,0.010218426193141283
2021-08-20,0.012466918978589092,0.012668585389274289,0.010496184530457198,0.0088690359867600321,0.0033123097002987212,0.0027927791311794792,0.017556942372995765,0.023050298588772167
2021-08-23,0.0084474303411115059,0.013139050601321367,0.0068076657804592156,0.0047184084313383057,0.009319436845798057,0.010686370869583461,0.013566778327181117,0.02806936683366934
2021-08-24,-0.0045992532696381705,-0.00095860191099206293,-0.0025056520392016113,-0.0031834829091256234,-0.0037478912750206206,-0.0027875373945738247,-0.00489858128576659,0.0020833934153969835
2021-08-25,-0.009143288845833264,0.00041950784943312058,0.0015031888114060976,0.00051490525568476109,0.0017783873523735672,-0.010397633322861255,-0.013350857371375535,0.0015671674936150737
2021-08-26,-0.0073271516161980133,-0.0081484420987928408,-0.0075864632025007817,-0.0075027796426634374,-0.0018776562037274847,0.00053094131612363427,-0.010085804473353277,-0.014487038295697863
2021-08-27,0.008726407828537619,0.011265900612212887,0.010384796713438726,0.0083844700590938182,0.0023258472002154473,0.015087466843177744,0.012324299593299726,0.02100117692541259
2021-08-30,0.026696863808655324,0.0075710577417316127,0.00074312964047629215,-0.0049876623819442578,0.00092135905015933162,-0.0076080586073871137,0.041850508709425194,0.018752541476348084
2021-08-31,-0.0082479813032990679,-0.00063713689017497188,-0.0010565671997555537,-0.00027373154750409689,-0.00075007725112907764,0.0034344583597787359,-0.012461048700501465,-0.0014524272714561137
2021-09-01,0.0033408093259579275,0.00052382491895830441,-0.00075447202445999562,-0.0021763101115438444,0.011429580277220852,-0.0022862423314855551,0.005577469919862077,0.0021801616997672024
2021-09-02,0.0048692279113375925,-0.0030583481997641382,0.00040661154976295855,0.0011373965936718466,0.00060717317489999978,-0.0050580267876387808,0.0085970730694218123,-0.0035302339946972072
2021-09-03,0.0012221284818378919,7.0956732024507474e-05,-0.0033042547185985205,-0.0050469959600646375,-0.010518163150549209,0.0092226296041726386,0.0033310270986606216,0.0031375822158568045
2021-09-07,0.01560986222361227,0.0015341583343282394,-0.0032486408512192311,-0.0075058701814850748,0.0050083254393884502,-0.019079657512576897,0.023355414930445573,0.0029495598587112593
2021-09-08,-0.0074504016977727794,-0.0008296797994237215,0.0013726060440706345,0.00063443154416065184,-0.0087802182504004289,-0.00012742753989847255,-0.012505633650504278,-0.0043194218065376599
2021-09-09,-0.0046484346132342758,-0.0013775810760978668,-0.0024600400022593005,-0.0019871767896529891,0.0024282343694970177,0.0057018845484777536,-0.0080077435692111898,-0.004825345450915286
2021-09-10,-0.033659657278814037,-0.0081618259042880448,-0.0082472885324528233,-0.008044233549565627,-0.0031047289297029268,-0.0049631678451759198,-0.050201087469100791,-0.015746854910335895
2021-09-13,0.005080541307811659,0.00049110818582520643,0.003470319177188097,0.0086906160952759937,0.00263526009338233,0.0024675664321707202,0.0070295065432341985,-0.00020039446531583405
2021-09-14,-0.0095619833751118266,-0.0028430287452965164,-0.0055011484331973781,-0.0081022775052959073,-0.0046081455168482943,0.0070775473690833923,-0.014342975062667906,-0.0056860574905931438
2021-09-15,0.006737840634066794,0.0080298463285508603,0.0090968442405330308,0.0073779272634881821,-0.010184801097695151,-0.0062198204346979313,0.0098114385270751114,0.015469047809051562
2021-09-16,-0.0028785962794749542,-0.00058319371391624131,-0.002788690052781817,-0.0031025851107553404,0.0066172388657435022,-0.02247133589912309,-0.0036827668576614458,0.00010386769526959938
2021-09-17,-0.013966556987720979,-0.0074319763192584043,-0.0046836736396418388,-0.00075238731875215681,-0.0087764951105441247,0.001432809647037292,-0.023181462547310239,-0.019327206769974681
2021-09-20,-0.018228622639573144,-0.017528585082711046,-0.013825552069729019,-0.014910597132170467,-0.017152760218322682,0.010303406759031741,-0.028943274780022565,-0.038257851806747456
2021-09-21,0.0034043664885259339,0.0012070795668104317,-0.00078955311785389171,-0.0008775729767582785,0.015155827675840561,0.0081405705678261331,0.0051182367139694929,0.0024375330959816033
2021-09-22,0.017504444872876501,0.0099679129595870997,0.010147399375123101,0.010624922008348081,0.013885511027375452,0.00095941180755332311,0.025945803709489956,0.019314098719523942
2021-09-23,0.0097522741117324063,0.012267683870893498,0.015224526346342859,0.017830449431416318,0.0090958805028504841,-0.013339500176450247,0.013122040071564367,0.021522625549718732
2021-09-24,-0.0038663368838934842,-0.00354259953108782,-0.0030090191081711959,-0.0035883452845361097,-0.0091840013681474542,-0.0033955215398937533,-0.0035612835074269045,-0.0026087554253491074
2021-09-27,-0.0090978862100545843,-0.0065260093555107312,-0.0012908923249691506,0.0035979505529804001,0.0022657827387859708,0.0016391013400529619,-0.014380609254925347,-0.01451957859070796
2021-09-28,-0.021609455972887326,-0.026116356852670775,-0.018111393114597862,-0.014113262009312733,-0.02072271103135459,-0.0060498259800234599,-0.033536688961633088,-0.054477723709945303
2021-09-29,0.0073836830800768638,-0.00074597865286174514,0.0025634743664637583,0.003375441719175587,0.0085344344140931838,-0.0075155737494161379,0.010628120193137525,-0.0023867661596796985
2021-09-30,-0.0020762438760697499,0.0036030095924066696,-0.004624290420064292,-0.008753264653128312,-0.0069362162076348488,0.027240604500501364,-0.0067662902799638935,-9.782974690575319e-05
2021-10-01,0.010489844503528856,0.0085597877226863961,0.013868264724594903,0.016832348255448659,-0.00031433882634701593,0.0031423055382473475,0.014562961034348065,0.014775964003481468
2021-10-04,-0.027360408264336944,-0.023754220731664111,-0.015714405270985776,-0.012035469182964942,-0.0055545990123498923,0.0023930123315250018,-0.039628506066269664,-0.044684228802857051
2021-10-05,0.01318162418527935,0.0125224393907446,0.0096660476165855158,0.0082043746906226289,0.015035463444985631,-0.0047501149667933396,0.020254108122981229,0.026008222471614051
2021-10-06,0.0082480101980728637,0.0083486600571842651,0.0060417940193155939,0.0048190368680840479,-0.012355452852728654,0.0024407575759861633,0.011407687459979998,0.014768664440110157
2021-10-07,0.012641596828234958,0.012732606133301738,0.01208555331025396,0.013761227290578271,0.016084368477263133,0.0020441861593267774,0.017199791472543691,0.021940004726985762
2021-10-08,-0.0031021183114612327,-0.0053660361813638868,-0.0022792082932704405,-0.00066872009076668348,-0.0060353546233766764,-0.0014041145292786883,-0.0044625004886371666,-0.010350718405618298
2021-10-11,-0.0011725263665428587,-0.0082085230126488495,-0.007404842467986561,-0.0078766712714243292,0.0015961082436430907,-0.0015101275250083424,-0.0014871528995732408,-0.015873772724815161
2021-10-12,-0.0080487785991910643,-0.0024275534993297709,-0.0013564407713677618,-0.0024183421271216643,-0.0033949311717200725,0.0031167767883795161,-0.0126052053986343,-0.0059191819983552829
2021-10-13,-0.0025375415266944978,0.0097314843546976171,0.0047583387395915278,0.0020304693375801097,0.0074733275162810475,0.021865885080885272,-0.0046612603120544938,0.017753072665369407
2021-10-14,0.014459781070866873,0.012660879044166462,0.011426948073222531,0.0094992563857223544,0.013386713300104658,-0.0038786572820629361,0.024515495939950283,0.030973406755633315
2021-10-15,0.0082138252954342406,0.0070009299788726942,0.0081615875432623497,0.011698067176165283,0.00626447013767506,-0.015779164993719119,0.011972772545731036,0.013305929162905406
2021-10-18,0.011325580125065793,0.0095759699270976384,0.0028981349337415807,-0.0014667723883711181,-0.0080186599565714722,-0.0019449071161344866,0.017225976155594402,0.019627151790186703
2021-10-19,0.01360841121003431,0.0061067461866799455,0.0059476427768510032,0.0041025145682542785,-0.00040932629004142296,0.0012649147666063953,0.021137437172716433,0.013663133088689605
2021-10-20,0.0017996690652251068,-0.0028591792728364096,0.0021127120161177348,0.0028662042606772964,0.0050500126648940213,0.0065644292241058277,0.0034776150984228149,-0.0041621355445019548
2021-10-21,-0.00050636524964997598,0.0041173933454146106,0.0010856733679418529,-0.0021739996462093458,-0.0024444238236812632,-0.0036549544327775241,0.00022920800633130511,0.010212298452442203
2021-10-22,-0.0027461623569899896,-0.0058716047294379292,0.0014926878122569764,0.0047493940530123346,0.0069768208743645754,0.010654393869360623,-0.0053954891952395778,-0.014295700778385378
2021-10-25,-0.0016027760852496131,0.008958039510612581,0.0034789105434238632,0.0010005101725190091,-0.0035824995021799255,0.0045707893314412829,-0.0017705879603746588,0.019183231356224573
2021-10-26,0.0070305158558034986,0.0056004424681650455,0.0042723217528950475,0.0023042224031957215,0.0083101190207013342,-0.0049901620033930838,0.009323570314597962,0.0087564779981155194
2021-10-27,-0.0019903056554195775,0.0034853656711564263,-0.0038784179629722804,-0.0058953388908086213,-0.0021528972842659311,0.0041757844971872515,-0.0035660754356643398,0.0058094974372431274
2021-10-28,0.024825117271769281,0.010941079948634691,0.0097149323582810254,0.006371663162451302,0.0074503816401216838,0.0019497660874530087,0.03731886070418744,0.022044529490336195
2021-10-29,-0.02517144789022796,-0.0022618407196765,-0.0051002408016047607,-0.0045616290562260353,0.0040154908566429892,-0.017445505222051239,-0.03418429332729167,0.0026220755767476511
2021-11-01,0.0053136583248256652,0.014438846117388326,0.012812513657289637,0.013522846812979994,0.009298801448399896,0.017726729894121496,0.0024791496599250173,0.017895016580149692
2021-11-02,0.003391471745048058,0.00046766298948575091,-2.9156060983415166e-05,0.00029660189007540971,0.0045239614955308038,-0.0072488950953373266,0.0069363027505229269,0.0046335162448747358
2021-11-03,0.011555556852631765,0.012374030397480196,0.0082111807033149464,0.0044901006353272876,0.0042077665706241607,-0.012535438344997707,0.016463363546723508,0.023008117330511224
2021-11-04,-0.0066140163927514983,0.0096522297795889056,0.0011730881033280571,-0.0037053918407786712,0.0045829313902705504,0.013602080466649458,-0.008357805877464819,0.022430896982502446
2021-11-05,0.0088281291306533394,0.0061863986986139263,0.0090805205162909353,0.01065209772787723,0.00755996979368323,0.018286391625687237,0.010628643966423823,0.0071456979381152586
2021-11-08,-0.0067133316613263716,-0.0025203331012181307,-0.00026902234566172911,0.0016371837971453918,0.0016817608553705288,0.0049903948667600062,-0.009486463155481184,-0.0038735975294198477
2021-11-09,0.00049945287176877962,-0.0088251139366735121,-0.0053761503888971607,-0.0048046518708130259,-0.0013237881328085344,-0.00042646879711838448,0.0017267939279792532,-0.015694998632694301
2021-11-10,-0.019504424016402955,-0.015039607952176626,-0.0083489327248393863,-0.0064280683852557807,0.00067892756823328959,0.0092076489672017203,-0.029082790922543511,-0.029731525700231631
2021-11-11,0.0092020690804355265,0.01234235492282898,0.01010005503717526,0.0050408529995549234,0.001809245168865603,0.018063848294598728,0.0090315397314943979,0.01514158206733951
2021-11-12,0.017447810251270734,0.013621649830818372,0.010406507299587142,0.0081453821378771885,0.0045472378198305741,0.0055422379261429455,0.024638345877332046,0.024176560662488411
2021-11-15,0.00086812977817585235,0.00057318416562890384,0.00083326113834036875,0.00069084647013584188,0.0052008300508841199,-0.00021616123127687903,0.00090143200440340188,0.00034484300553705438
2021-11-16,0.013324126410763082,0.013781517963918022,0.010558107252902849,0.0085362780777891167,0.0039602260772459985,-0.00012766613719628062,0.016679545273098784,0.020949747241743921
2021-11-17,0.020556733715043407,0.0045312236009329432,0.0015868918245034447,-0.001769350322532115,0.00063624807073203726,0.012719179100618483,0.02883460483164102,0.0050614557200172605
2021-11-18,0.028536206046738899,0.010361644581325047,0.0034746269988215062,-0.0013892115570346419,-0.0027022439891533079,-0.0047053400639318621,0.042804309070108459,0.020723289162650538
2021-11-19,0.012750817958626204,0.0013975215177541855,-0.0055257300672804099,-0.011760394572506994,-0.0045266239899701688,-0.0093977721490521304,0.021203609898890141,0.0069498089574102639
2021-11-22,0.011170926593820907,-0.0034854814366522824,0.005089614353830374,0.0090411984670766277,-6.4070983564756823e-05,-0.016447127278114038,0.012646766381384511,-0.015190209891998485
2021-11-23,0.0054172457462366985,-0.001583029977679562,0.0046627446676894557,0.0081123931457711684,-0.0085505732338257978,-0.0095055819675907705,0.0066318483587031185,-0.0061541004766624274
2021-11-24,0.003035323065184059,0.0029720083520567986,0.0020903580342883643,-0.00021923215277430685,-0.00045220902259279772,3.290603435002204e-05,0.0046766471551500377,0.0061913418188601632
2021-11-26,-0.028629560636583729,-0.015869984612097654,-0.019626480746570252,-0.022095969462867959,-0.042268559621086887,0.0038232979114121157,-0.044518678529264388,-0.034888644372972677
2021-11-29,0.01431356307895304,0.0141433845680079,0.0057681826204785125,-0.0012272401126394161,0.0069170270176519555,-0.0091773218908891563,0.025169541359454151,0.035685162618065425
2021-11-30,0.031554037010391278,-0.014708620313454102,-0.018853443993930408,-0.017932521027788417,-0.0090476026732283499,-0.0049038528410534354,0.047342350034198732,-0.029394651589684351
2021-12-01,-0.0064482214167623786,-0.020209920448942431,-0.01494449422964883,-0.01608395320490319,0.024888409593630589,0.0027607939569738171,-0.0080460559976187618,-0.037167288642834806
2021-12-02,-0.0051838316101999737,0.0081656912344449939,0.015318335413610606,0.019032559540523408,-0.012307017674692333,-0.011165344927611343,-0.008251657156947978,0.015379562985593509
2021-12-03,-0.010561148254041086,-0.016231805364653629,-0.0072350588913874248,0.00010834765686928982,-0.0046433920642955373,0.013218408759505085,-0.016430324658101014,-0.033640815283386472
2021-12-06,0.021630123034658499,0.0081383283271891926,0.011886336789272534,0.019131688225499266,0.014532171145430262,-0.0023423953454013713,0.032382968957659797,0.016152225465722481
2021-12-07,0.037108299790639565,0.031767294533693091,0.022358349232102448,0.015572178338780773,0.028416396497328522,0.0045320364236955957,0.054859847645708282,0.061929384986884495
2021-12-08,0.023706486616429379,0.0053813391241013253,0.0040119999435679343,0.001601854544528214,-0.0072696808068438701,0.001351596791892451,0.035108274897937886,0.0098597681947893978
2021-12-09,-0.0090411931207337037,-0.020714168875363814,-0.013106292036361267,-0.0057559584207939052,-0.0010044759840440731,-0.010987895547309501,-0.010517145405498751,-0.035339049199523354
2021-12-10,0.032771758765462788,0.015550100562392144,0.014233056871135519,0.010576681994135972,-0.0023677453116965896,0.0092091834275240814,0.046843132919670349,0.026471190667736622
2021-12-13,-0.022277876337482128,-0.016060949828626048,-0.010737183688863117,-0.010478670950807345,-0.0062422601939099431,0.00032022165998180085,-0.032598028987666727,-0.030484328620139611
2021-12-14,-0.0057004170326142578,-0.0080327469874253987,-0.0050022186901623744,-0.00010049944268797351,-0.0073938308010907949,-0.0066263592678976746,-0.0097214434926466975,-0.018407129862300975
2021-12-15,0.030714645392568185,0.024990268029066565,0.018548065632308708,0.012385468560570212,0.0052406195098504416,-0.0022663741439615803,0.044999892763797122,0.047836385408023041
2021-12-16,-0.041773804103962475,-0.028259832581163047,-0.011291187742702657,-0.0036383427695935167,0.011606940725166437,0.016436467877460892,-0.061354454423750648,-0.053907161697939743
2021-12-17,-0.010304517015914394,-0.0087975722559151537,-0.014021477965611928,-0.018121112074978685,-0.012057165684812521,-0.0001158800917573366,-0.013542971788462199,-0.01376753704101219
2021-12-20,-0.00012911061496645448,-0.0017200655871917325,-0.0034115368578383487,-0.0043699137397336107,-0.0073816598807208145,0.0023058143482783677,-0.0042229240853740579,-0.011498647500231773
2021-12-21,0.01601648785623655,0.019299445868247611,0.014786430322197397,0.013086105562079009,0.014509491290913612,-0.0062909820693585194,0.025531348880891702,0.041612125929568755
2021-12-22,0.014414189825702195,0.011276951437125815,0.0093856278611841315,0.0060904127724024093,0.010881239195626558,0.0066497216432161999,0.022066752296253656,0.023444837989652578
2021-12-23,-1.5671588674881498e-05,0.0038655995237695251,0.0025718513838379753,0.0018463525503815692,0.0078313846973947498,0.0016062447037705763,0.0017994285476921057,0.011377070908948461
2021-12-27,0.023392120676825057,0.016941822631790782,0.014288819679168174,0.010318167129294453,0.0042210275066369984,-0.0011934934992153812,0.034884275052835534,0.033475833338777683
2021-12-28,-0.0062735794916979337,-0.005141969773483579,-0.0015192026048480578,0.0024373353176865287,0.0060502018252337475,0.00065082783942349565,-0.0091555903580476938,-0.0097743817879686334
2021-12-29,0.0018507057226964108,0.001198782729100234,0.0027542910148263822,0.0036866519305644996,-0.0027220498473981003,-0.0014718070233201708,0.0021019307333294268,0.0010493097567705334
2021-12-30,-0.010545858462693736,-0.0069705346187128869,-0.0068805129331293013,-0.0060959115119518792,0.0016186554535777553,0.00058381437267596148,-0.013821743751413651,-0.0099469813521716466
2021-12-31,-0.00044502516323785546,-0.0031627052484769491,0.00051560184992771596,0.0010346601089261664,-0.0020596512572068626,0.011119061607272718,-0.0022182020415884018,-0.0094267390904181347
2022-01-03,0.020639349142177466,0.0053279236253886975,0.0020940541190157536,0.0022095165441278208,0.009208132352337639,-0.019777587292158838,0.033088154245889845,0.014914108316025132
2022-01-04,-0.0064707420900107504,-0.0067516621159343648,0.0057341858102586407,0.012327782821534017,0.013843399862097483,0.014406773657128946,-0.012856568624463383,-0.019804235210762577
2022-01-05,-0.024993691239422078,-0.029121560201623709,-0.01770029115109184,-0.0086422742664784558,0.0081306183446412383,0.0074460642437621516,-0.038315595221750987,-0.059893237128483712
2022-01-06,-0.019289483086189385,-0.0033413381449446389,-0.0035293202547496128,-0.0072973135958707136,-0.017422889357809779,-0.022258571515536563,-0.02761405526743399,-0.0040423375661891026
2022-01-07,0.0024606578615620212,-0.0093776696175069674,-0.0024030742853370368,0.0012497964740121326,-0.0036027497131357888,0.0060606302031032122,0.002955589555954985,-0.020226133707789917
2022-01-10,-0.0049116447364211391,-0.0043725279654174276,-0.0064612106702748306,-0.0092016557982602665,-0.014809013264183823,-0.0042521968712730951,-0.0048538683363326118,-0.0037178583942359955
2022-01-11,0.018896397241599416,0.017131197778364138,0.011256459174051159,0.0069383472205799546,0.0096061976961343554,0.013052300532187422,0.027305682564972233,0.032184568961873605
2022-01-12,-0.00061008898288394953,0.00078044776520980186,-0.00034835166399693751,-0.0020450798635424094,0.0073336604796461202,0.0016512695321215798,0.0006711454697585495,0.0047334534185889954
2022-01-13,-0.025473191052959643,-0.031421720476437764,-0.020610918755122998,-0.011359466820576314,-0.0050522861428703436,-0.0097774484018845476,-0.034924866362101348,-0.056273600518199518
2022-01-14,0.0037537632492363748,0.0048642035155999075,-0.00051360477103845614,-0.0070458867414378012,-0.0074749106287496092,-0.0040366458782702397,0.006305657944916998,0.011078433173324465
2022-01-18,-0.014892457467112874,-0.020916839887856975,-0.014368684508076046,-0.010710921509262117,-0.00095334096337429397,0.0018124360416853502,-0.024378044387626252,-0.045912396149627499
2022-01-19,-0.014032074800965688,-0.0039191334996013794,-0.0025958050893803986,-0.0028186138305170694,0.0055663713539149118,0.024258383143387574,-0.024619609540936338,-0.014981261678178592
2022-01-20,-0.011546696336699025,-0.014185343670749084,-0.01216170301270092,-0.0098222014744311359,0.0025305220122473493,-0.0015374465329920373,-0.01671387772490085,-0.027158353781202682
2022-01-21,-0.01017836490631796,-0.025180873586049923,-0.016333357277783955,-0.01102025240965232,-0.018110664494405126,-0.0032562372899538339,-0.01657772966073634,-0.052982111774618867
2022-01-24,-0.0072962285859856646,0.0021229718615221049,0.00032123990979138206,0.0018102750829132042,-0.038399793378742331,0.0029474701410008297,-0.0097224482938476076,0.0066897328933057665
2022-01-25,-0.0098710086395104035,-0.021685669574865174,-0.010654850545328443,-0.00094484413515316668,0.0077193285265810818,0.0074043072110272501,-0.015572090125496318,-0.044902493482192218
2022-01-26,0.0011685667900260821,0.00016512074550645295,0.0002433017578706842,-0.0026490230161697603,0.021554570087882974,-0.010596457612269905,0.00088655757259070711,-0.0014023437338838152
2022-01-27,0.0024668783196650779,-0.0046990552455054013,7.8658716489377056e-05,0.005691463401628738,0.0050963964570842624,-0.014685672721184817,0.00098725042871028457,-0.014824244592586022
2022-01-28,0.079039304637405605,0.040298227982151325,0.033336280360521497,0.025077160954364741,-0.0083325073679297867,0.0040448924649332252,0.11423018572505117,0.071938913502188173
2022-01-31,0.02563395862260176,0.031483680403727066,0.018416951996879316,0.010952673249855938,0.0044617857218511858,0.005176553384624194,0.038690588441796958,0.063446661823242767
2022-02-01,-0.0078470188147850006,-0.00012419714343303578,-6.1240714906873883e-05,0.0012087967775786801,0.013844759058236455,-0.0032847711218318976,-0.0083300163810209327,0.0066326293954477311
2022-02-02,0.0030859472145992051,0.0041630075063376903,0.0054652300145632271,0.0019518837084282481,0.0026864160528379255,0.00093534083420165892,0.0065940735930976047,0.012256320555072309
2022-02-03,-0.018981064255171876,-0.042750574020385734,-0.026589162823034362,-0.016451737904821795,-0.016202638252507895,-0.0057170215483703934,-0.027321590506661719,-0.083201136288578503
2022-02-04,-0.013535693091536904,0.00058893872429055527,-0.0066138639188079162,-0.012185684839976618,-0.0078132347922412748,-0.0098495796811959302,-0.014365465977421499,0.01305402476834816
2022-02-07,-0.0059198009072736202,-0.0097234765807876489,-0.0053661867401829655,-0.0016073525884109374,0.0088550486092198177,0.0060385803375913039,-0.0080334355556063164,-0.017754421550966515
2022-02-08,0.019551653417482218,0.012312740543954925,0.0094850436599456245,0.011449638994569522,0.0021052804553074456,0.004417204311540468,0.028794823137738623,0.023560167110940444
2022-02-09,0.010209105103385685,0.023130301282705767,0.016570494004128911,0.010744869937066026,0.015255336584456547,0.0066680927046933736,0.014363898400966635,0.044361084057187528
2022-02-10,-0.023621251174849811,-0.022654698288435693,-0.018011017866385703,-0.014337381672141603,-0.0050935898405087832,0.00041285097203913601,-0.035420500158812818,-0.045286643369947588
2022-02-11,-0.019703375009945678,-0.031212789812850472,-0.018416558042660736,-0.014402664965597278,-0.012415220729581011,0.0030845488176636238,-0.029817697256200648,-0.062950849108264761
2022-02-14,0.0058700233701309834,0.0056848935774760356,0.00065557672340599282,0.00039163204406889029,-0.017204514379736247,0.019326547951172834,0.0065847011051389792,0.0069291192548364133
2022-02-15,0.028466422256238744,0.030187040540793797,0.021159360908645564,0.017777122842058235,0.015989206719541516,-0.0019040326199847302,0.040102748654936349,0.055180311622744727
2022-02-16,-0.0058261357181261797,-0.0046948677950271467,-0.0034332867370746589,-0.0060066410705760243,-0.0033422233181008565,0.0037627800382549204,-0.0065175694054433464,-0.004946467246562114
2022-02-17,-0.022858500314283936,-0.03131974754939848,-0.022641519401572441,-0.018726384674229712,-0.0026045880940458455,0.014646583429168247,-0.033475731777337425,-0.061015457710620558
2022-02-18,-0.0085897103343177683,-0.010640370907473495,-0.0062507234501346653,-0.0055866960143559075,-0.0031336925304218388,-0.00038407129375206406,-0.013271302929993012,-0.02205421667197982
2022-02-22,-0.012877751479504984,-0.0050702549330736701,-0.0051562331179795251,-0.0096254607530562586,-0.020662059025942758,0.009044523285198558,-0.021828635730910206,-0.015164526889453356
2022-02-23,-0.027538624898547748,-0.027290362911127297,-0.020094590448897942,-0.01505862262519686,-0.0015715154314241975,-0.00014892105731034722,-0.040448417879024423,-0.052861686884659753
2022-02-24,0.018787942230289012,0.035747471216780458,0.0171427728496234,0.0045515384815726367,-0.037674558712050055,0.010413328817960421,0.02714531491508243,0.069421745572858962
2022-02-25,0.023375808624302774,0.02594335576474105,0.03299219926785768,0.035203904492762561,0.036017533589009165,-0.010020004794484283,0.029925299668755789,0.041609884994086022
2022-02-28,0.0025008489590063743,0.0038432086931445841,-0.0014729604185529377,-0.0026648353290539273,-0.017231550497425197,0.0078077846206505708,0.003320379947831853,0.0068246304049339734
2022-03-01,-0.014700308795670192,-0.018372328495616319,-0.018507259334442083,-0.021263510489214044,-0.035955980129361742,0.019496986952502793,-0.020496245847108963,-0.033636222298440099
2022-03-02,0.028211785746722784,0.024374560273855872,0.026285883026943235,0.025129912872207782,0.015812276208919007,-0.0036736547966320643,0.038582790917281784,0.041279345142107626
2022-03-03,-0.00014791197840380299,-0.012474138586709982,-0.0033018866649562328,-0.00073432619657631815,-0.017101764756788373,0.0089248436785525076,-0.0011403688737163797,-0.02678527898564087
2022-03-04,-0.014372245615663526,-0.010440028091246445,-0.0037856735318620993,-0.00081800290626121708,-0.049534849274287196,0.020034901878513978,-0.023614103185076729,-0.024991525705655548
2022-03-07,-0.0064522354224795242,-0.01984850270980909,-0.012342019668517001,-0.006512217680798793,-0.013823022247222538,0.03284716443375868,-0.01852077597895474,-0.057381851110089865
2022-03-08,-0.010837862951838084,-0.0038036789767528223,-0.0063650674625397308,-0.0050629201323353357,-0.00409136660445375,0.024617163249406548,-0.016680954432409134,-0.0084556779628097711
2022-03-09,0.031871184215321646,0.032868370585781959,0.022755768554483025,0.017955392484865662,0.066796019185073163,-0.02990541478542208,0.049317096708889396,0.068757381943377993
2022-03-10,-0.04261179858147579,-0.02678536563654077,-0.01999003472396188,-0.019664747339700805,-0.025173805400928506,-0.0098179500377492124,-0.055989253400928418,-0.037713842330511449
2022-03-11,-0.018601686309978382,-0.01541409867219834,-0.0075367106074780699,-0.0008899611496222537,0.0091810031178685136,-0.0023031513216188459,-0.030621118999996755,-0.036265376414455597
2022-03-14,-0.019271793110365865,-0.01185910191458095,0.00023159896043112305,0.0076419006665677802,0.017760049597977279,-0.004793146835472939,-0.032652476063386726,-0.031207776624836647
2022-03-15,0.028630310919520507,0.030318465212685775,0.020392850064669732,0.017506199980925174,-0.004629599754978897,-0.016861483972595015,0.043453809901634166,0.061653617470078803
2022-03-16,0.026560707841306597,0.034612562613037579,0.019968766978551988,0.012955587042821515,0.03867618407449247,-0.012983805481879052,0.041033930220187864,0.071610862142531095
2022-03-17,0.0016514542763634843,0.0072770367034091787,0.0075768926088932709,0.0071527259053600911,0.0031001395805223542,0.012952005281045453,0.0048629452018125185,0.019325600981353386
2022-03-18,0.013785026984423299,0.013336848894639486,0.0046036758378553699,0.00024902823147265885,0.0012705832821524599,-0.014091121444904209,0.02417154447257519,0.033661705781158568
2022-03-21,0.01368702738211347,0.0023114639582906271,0.0047211942153819741,3.9746775788662703e-05,-0.0064476859383575391,0.0052099295811296464,0.017977660476282464,-0.00048283327719444991
2022-03-22,0.02320163804518427,0.022051122101817588,0.01368303253116343,0.010187085249904859,0.014256131052828191,-0.0018036861249468572,0.033626347876541729,0.041750025821165604
2022-03-23,0.0070894995624557477,-0.015489755406252748,-0.013338220157754876,-0.014705995016416562,-0.012354047223416265,0.0070787064149082646,0.011201614851471087,-0.02984477979693112
2022-03-24,0.024854725556699986,0.02440269667862216,0.016591107664490679,0.012780194144131674,-0.0014817771967075011,0.015008973654100144,0.03621772610053231,0.046676668888209871
2022-03-25,0.0034358963035527879,-0.0011311250217281854,0.0047737650588488556,0.0039653910611361365,-0.0011732922739182694,-0.0043730672183109887,0.0053024557276539763,-0.0019650274988068928
2022-03-28,0.0075706041566430127,0.01803258700196797,0.0096850399002086363,0.0052540871759270136,0.0049407333423485689,-0.0048660719001299979,0.010095305979522573,0.033543973493052714
2022-03-29,0.018026609885776645,0.016103791966881609,0.011158502864224928,0.008859225044363761,0.031217734473020897,-0.015299999651112506,0.027583488321796024,0.03329473092002555
2022-03-30,-0.015397399213450846,-0.019754240174848725,-0.01494340399674865,-0.011192631206207615,-0.0086017011611843053,0.0022348420824183091,-0.018693051520655035,-0.030702385750655203
2022-03-31,-0.023963601185143846,-0.018616649521682183,-0.021787144052121787,-0.021228754810843409,-0.012341961900749876,0.0017688434894835847,-0.032795419068764931,-0.030933333625462467
2022-04-01,0.0063492364154498215,0.0061622918609101074,0.011518867937882593,0.011510835249282314,0.0041540312150805114,-0.0051068679676865569,0.0054832834318945256,0.0042434413392602455
2022-04-04,0.026016986813951704,0.022905393478536373,0.010386592487810153,0.005811878792282954,0.0075955693837774785,0.0076362942198306971,0.037890555197738207,0.043540936910693162
2022-04-05,-0.012558423431359711,-0.015841849836861654,-0.0059661389992792246,-0.0018507250192592029,-0.013091029344348248,0.0031240696816452473,-0.022091059469815488,-0.038190548319275708
2022-04-06,-0.012202069141558747,-0.015483544883806877,-0.0034090260292916064,0.0017459211197996538,-0.021482679653755832,0.0040687709901450209,-0.021486136485722063,-0.037333155314381083
2022-04-07,0.0025575554893242369,0.0031320227086573116,0.0051342499160251798,0.0042940229625543225,-0.008816502633970269,0.0084021511030960561,0.0034601067652320072,0.0055115924798059268
2022-04-08,-0.0088720151731561669,-0.010948661637176449,0.00043292309071985002,0.0071324428510555204,0.015715592016375401,0.0071108896173923686,-0.014844709531171452,-0.024970696817226967
2022-04-11,-0.027315807188999286,-0.025460753615752507,-0.018693947805645261,-0.013829488683695157,0.00079614806677086314,-0.00051325555442816029,-0.040050149118809775,-0.04907438390212715
2022-04-12,0.012173184469262299,-0.0035847776055373259,-0.0027436892984775696,-0.002215256256367204,-0.0039428741401246192,0.014972417509262481,0.017938629327220124,-0.0078118499644215245
2022-04-13,0.021206965039003656,0.025210232539648381,0.016205786786595455,0.015180053695828644,0.0018750947912340443,0.0091590808506059052,0.029417319102557737,0.045634208167402379
2022-04-14,-0.036257847889785477,-0.029182059893668066,-0.018529545645237788,-0.010326258768249663,0.0069316483952635011,-0.011369001337871776,-0.051155183023968265,-0.051900942165916564
2022-04-19,0.023547229348311438,0.034028297481759395,0.026679400294377542,0.024824096234213,-0.0073314063113527617,0.0025091386431517204,0.029983656116997048,0.057445401920260153
2022-04-20,-0.0021892543934781683,-0.015742363937872317,-0.001778310775050973,0.0057198112551792857,0.01452845434790162,-0.0029086963323980974,-0.0026963095586678421,-0.030309583812645924
2022-04-21,-0.0099247991372267697,-0.025691298673169438,-0.019703396577892551,-0.015917020650270564,0.013876076644135704,-0.0088705411170786341,-0.012334276565597824,-0.046276753065854659
2022-04-22,-0.026502773573031546,-0.024864936585812569,-0.026407363339290502,-0.025829655303296173,-0.020562972915071587,-0.0057881930780222524,-0.040432272546269243,-0.051086097545068432
2022-04-25,0.0089844187112495533,0.015106275828710158,0.0079570371115988969,0.0090168049283076979,-0.017724983109248083,-0.017612655693851287,0.012360623831769724,0.027980543187211993
2022-04-26,-0.028627427345234602,-0.029048171274762224,-0.019354091161339682,-0.014990909544186248,-0.0030834354729408764,0.013348850761016662,-0.04746019087805009,-0.067134442269921379
2022-04-27,0.0051555827592266734,0.0054261231913041996,0.0087550642400340273,0.0083883115874323622,0.005693823212403748,-0.0015093409557612736,0.0044173131813349809,0.0042201244675978966
2022-04-28,0.053921384015764628,0.044200992243536463,0.033401561750865172,0.027341819299271153,0.009995082648107001,0.0097753621194585083,0.076688498089969359,0.080014828619717759
2022-04-29,-0.031937248798777018,-0.040371998494972416,-0.031544166062101975,-0.023586857032354747,0.0043598426417557068,0.015683206789953497,-0.050328258420854977,-0.085588767435324287
2022-05-02,-0.0010543971033077915,0.013631082690246599,0.0026484045094283815,0.00016067752118908984,-0.016950275210584564,-0.02809973720027692,-7.4219951652132465e-05,0.03027691678711264
2022-05-03,0.012207654281435776,0.0036305170665735798,0.0074103979413597809,0.0041062228660524447,0.0091469711900387107,0.0063261247836576828,0.017031313012315419,0.0047006973134708918
2022-05-04,0.039082989815313773,0.031899914772807847,0.027968709934583336,0.026294541696056051,-0.012536900853574062,-0.0028100825309396171,0.059549306390790147,0.065649472881255333
2022-05-05,-0.064067780934416452,-0.058762525496092177,-0.044072037674659281,-0.038963610757641876,-0.0059083937359488692,-0.0051845038285377454,-0.091679667940648302,-0.10868104407023116
2022-05-06,0.012614329138407099,-0.0042250949445967745,0.0022803415859722342,0.0042789606782072109,-0.01068421558720678,0.011665043733407376,0.014996482043700521,-0.016300213217012582
2022-05-09,-0.032496046769403542,-0.038438322835229521,-0.031269203591522743,-0.018958542152088809,-0.027320838212996357,-0.012145756262513685,-0.049102415891641327,-0.07759333714553196
2022-05-10,0.012879959590515355,0.0089294402750708102,-0.0007252197477015665,-0.0055599337616012434,0.0061396989783202294,-0.012620028351054247,0.020910273117230593,0.021039548013056519
2022-05-11,-0.048885943511708718,-0.026633610698964305,-0.01336076815347309,-0.0073871053502218009,0.025505168247702326,0.010036802755306828,-0.074887366703296321,-0.05638412426939543
2022-05-12,-0.024997836519927041,-0.00042046669517226132,0.0010078122712033899,-0.00063117428557080135,-0.011829706969681997,-0.013780281991361498,-0.038471069034793137,-0.0027895619001494509
2022-05-13,0.045129101752795275,0.050338645404151006,0.037093987163644426,0.027439141846451909,0.02671911204884081,0.0037007730428346708,0.061291580003689505,0.08787314555729564
2022-05-16,-0.01267462982472467,-0.013592186060424116,-0.0059116464079841391,-0.00032056735460983532,-0.0034066207381989733,0.0011771168297010082,-0.017999930890852944,-0.025160344428380887
2022-05-17,0.021657966714516697,0.022134803319594942,0.016478025477592251,0.0096633082292503225,0.015470245745299094,-0.0009801097353351329,0.034322659397281186,0.047941025290201944
2022-05-18,-0.066160875047369672,-0.058907614564313038,-0.050073968536126112,-0.045270127533142746,-0.014124083433793899,-0.011956473916024501,-0.094079235792126958,-0.1074910755707712
2022-05-19,-0.017645516065478373,0.0017757141113738939,0.0014047178635432367,-0.00039168974546155422,-0.010841654414939117,0.02120491687260051,-0.030054544644345871,-0.0036211128695086137
2022-05-20,-0.0083137796783170348,-0.013119817177502879,-0.0098819313263555086,-0.010090916188186028,0.0013878352275031869,-0.0095593577668354746,-0.0074490328764704739,-0.01619636107299538
2022-05-23,0.041021518447151628,0.017509362712903265,0.019559696033246476,0.021434238975581277,0.015671641588714147,0.0039644302707231294,0.06109857174466149,0.034151313573674402
2022-05-24,-0.029520457634103936,-0.031545337041114618,-0.018527868103313416,-0.0087992050302274638,-0.017704020941395116,-0.0010816171739210789,-0.039027500111438407,-0.052584301402793576
2022-05-25,-0.0039397277953007181,0.0088505467120980619,0.0043449071897443403,0.00081349508837624818,0.0070525360229021228,-0.015261044583681826,-0.0033726320695701695,0.02277501267095805
2022-05-26,0.027978106164368022,0.032506698831154424,0.024683185560223864,0.020837611101971687,0.018321353797207562,0.0053777390162148553,0.039631969496489283,0.060343018162183348
2022-05-27,0.036263299278141536,0.028181412662949157,0.020494104288117931,0.012823314945171749,0.01663714652009407,-0.0023234628311522565,0.056553676001284803,0.060680279494042866
2022-05-31,-0.0090930342364591299,-0.0064098448168858901,-0.0099297586173329178,-0.0093774185635009388,-0.0051246879461693817,-0.0083951289524900607,-0.011755955227440995,-0.0090524973792767138
2022-06-01,0.0027968929291157796,-0.0037494473717615273,-0.0037357053225015591,-0.0019187794107372591,-0.007211572313499226,0.0069418050976441936,0.0023584637259461694,-0.011172646078978388
2022-06-02,0.024440451312774059,0.035093957539345411,0.026247489794611223,0.021034119217208769,0.011449303913409814,0.0198741777004805,0.032909122539565239,0.062684806219499789
2022-06-03,-0.047221444258592649,-0.034798302034067086,-0.025142917992091562,-0.019198338228495704,-0.0027016370088656094,-0.02023978021966133,-0.066325450250408813,-0.060583171793174406
2022-06-06,0.0075728020155745313,0.0056717892320261587,0.005485950772138537,0.0026376465976805097,0.011933322986219075,-0.0011883898403081128,0.010192733074507743,0.0090106385663453192
2022-06-07,0.020882062651532252,0.011893164226642883,0.012821567450190141,0.011522214810752107,-0.0088783814153019502,0.007810126262422612,0.029703444640411414,0.020547029779511394
2022-06-08,-0.0057133086213188022,-0.0078652503583912514,-0.011423973758510453,-0.009067354440533637,-0.0060858691664970044,0.0017005310436843946,-0.0082331811087696938,-0.01505693707036615
2022-06-09,-0.037667781278874046,-0.028512970093081402,-0.025435449595594073,-0.021111117442022764,-0.014447887193088538,-0.0037653938917788787,-0.055613690889194323,-0.055249978127928978
2022-06-10,-0.029716194582579236,-0.026326730924328245,-0.020078871694807043,-0.017695213464676618,-0.026178010819759789,0.021636127720892739,-0.049209713714936765,-0.061924305530792756
2022-06-13,-0.026438041376420696,-0.034750734580537901,-0.026922520910796499,-0.015986877953124035,-0.027598583092892426,-0.011269214659188953,-0.045816178364742832,-0.081819701761299601
2022-06-14,0.013906443741011021,0.0090139911468187783,0.0037364060422870882,0.0029665896701127625,-0.010689237639125659,-0.0028763373019149441,0.01726684123378508,0.010842333538175319
2022-06-15,0.017625102838704221,0.022473957845689174,0.012150495889182711,0.0071677607153441958,0.012853923673366019,0.00091830676730464411,0.027656226010895235,0.047385059197055712
2022-06-16,-0.0410851706389459,-0.041779215304230455,-0.033854000095105308,-0.025315133460346195,-0.023321643674994008,0.015134124941903693,-0.060881230357880511,-0.082065379407384453
2022-06-17,0.0028385931413510423,0.0034601869298032106,-0.0063917515465055086,-0.010212386268076301,-0.001318211993056817,-0.013579125016784155,0.0085553946239531609,0.01551538368346006
2022-06-21,0.035320552391731042,0.027770284856740046,0.027073331452574401,0.02452706269201288,0.015613197534372958,0.0014981825728284104,0.051741574333800111,0.053062061205886302
2022-06-22,-0.0049484288847572167,-0.002582469883820937,-0.002410313958316368,-0.0033506790211285109,-0.0077980315425741908,-0.001342998535801998,-0.0068597948361480698,-0.0040392427856660307
2022-06-23,0.01852856480156051,0.011867495828614238,0.0065677881733525734,0.0039912734677862716,-0.0070733226378086878,-0.0076447849161892512,0.029283227857352045,0.026715752967251261
2022-06-24,0.028803163991193648,0.038590458842279851,0.034892790088626002,0.031289682748046221,0.032716445894412471,0.0044577815179069891,0.041113053741020478,0.072997533193020159
2022-06-27,-0.0043552698901055953,-0.011655183739221475,-0.0072851310722409357,-0.0064411659684273648,-0.0027008067613382147,-0.0073471542093519471,-0.0043552698901055953,-0.018955097588337466
2022-06-28,-0.031142790177007051,-0.031819098588243833,-0.021511402107751709,-0.017341881575252072,0.0060383898836884331,-0.0033649095817210872,-0.046016790805571528,-0.0622434082566099
2022-06-29,0.018544013249103042,0.0063711839334876785,0.0048460854471121806,0.0077570947442942018,-0.0098217700986431566,0.0034065972495194163,0.025091385508768438,0.0072930991372028853
2022-06-30,-0.010793924680552847,-0.0051277644636342767,-0.0012907282138592269,0.00012132700245270911,-0.017634076206637928,0.0017130380641636744,-0.019874115453796359,-0.017621985793202288
2022-07-01,0.013149566360447285,0.0036141589156686305,0.0075679250420777056,0.0068471040007389572,0.0014959205635651784,-0.0061666111137222979,0.021207798815944479,0.010195216381883698
2022-07-05,0.023275276252658683,0.021457128672746295,0.0060372124033030161,0.00058131495380076004,-0.023375703584070373,-0.016696085701430885,0.032780713831706665,0.038649856250929648
2022-07-06,0.026882067225820538,0.023632094436591977,0.020763001130581493,0.019409443712290697,0.02171755020409516,0.0013108499688292419,0.031767894185669165,0.030153775567060448
2022-07-07,0.031163366387282787,0.028544362856353755,0.022182864409593384,0.018479403396968408,0.016615531850623588,0.0088514532410519653,0.043247148298288129,0.050092923147435631
2022-07-08,0.0063521342179839735,0.0028862339225463884,0.00087765265261974257,6.6926619294749301e-05,0.0040491313229806813,0.0031268085210431895,0.0087132983551707621,0.0041426619014823807
2022-07-11,-0.014397163751586284,-0.021006098631543346,-0.011148876421517184,-0.0052507700825102921,-0.0073690538617622314,-0.0057201051185743479,-0.021778790683316007,-0.042378287374960188
2022-07-12,0.018716995080538368,0.0020009731551240417,0.0024684819472629016,0.0061874059631989997,0.0082363644125598157,0.0077713512386254902,0.0221740691723189,-0.0078009005867287762
2022-07-13,-0.0011032000694306543,-0.00062708896181773444,-0.0030070967756905542,-0.0057355768586760947,-0.0063374728392523449,0.0076493435708975266,-0.0023732204420060521,-0.0026910185993554991
2022-07-14,0.020523486560924065,0.0036110777822071505,-0.002829786304708759,-0.0043464231937679898,-0.014857138356854871,-0.017073721622580251,0.030765149147891968,0.007181994177425377
2022-07-15,0.012160137757282419,0.018854220028136748,0.019918580723564006,0.021574036541270214,0.020357780971681505,-0.00058841837407075381,0.017889082789917632,0.037006192364261725
2022-07-18,-0.027496508719917712,-0.015401489715703987,-0.015303225452472646,-0.013381829897396447,0.0077385215789007589,-0.0031508695535552578,-0.037745816400498788,-0.023805086072653081
2022-07-19,0.021777447082699242,0.025789073514288718,0.022721100084602819,0.019082669738065272,0.018888562092886918,-0.0045250389211177744,0.0350741678114872,0.056394141403454556
2022-07-20,0.0049756522584056828,0.0073028582832666,-0.0025591137488920612,-0.0064567890911366721,-0.0024289467335633086,-0.014506619456410852,0.011673710597615239,0.023026180986546851
2022-07-21,0.019933614065291927,0.019191218131344501,0.01476691593247903,0.010031712413889338,0.0036522913214200869,0.01256862360771871,0.027516535290317501,0.033614664647448445
2022-07-22,-0.011827496985110209,-0.02121679473769511,-0.013033434739875616,-0.0079443152889595581,0.0011772757006036638,0.0043930392248412442,-0.015867630103860719,-0.038686358727780923
2022-07-25,-0.0053689662808258376,-0.0036634154367554128,0.0033619378696134739,0.0048706625513466051,0.0036703360965408827,-0.0027706001051849283,-0.0090755290526427501,-0.0093709901363189241
2022-07-26,-0.01122262326373058,-0.022018613936153453,-0.013923698954045993,-0.0099625742639750658,-0.0039409237943600628,-0.0032298499535791114,-0.015625222466091437,-0.041619803013297929
2022-07-27,0.043974025349487134,0.052074809603718242,0.035831069680202665,0.023626747731985809,0.0073783219683321022,0.010239854259353365,0.06125247744685125,0.094732498052677361
2022-07-28,-0.0042660903600205691,0.0018918987161509193,0.0043513203430385339,0.0021118351435394089,0.012490292680368942,0.010197472597721191,-0.0024942055374412853,0.01159365743748153
2022-07-29,0.034511909083724257,0.019931677525806712,0.016003868794439047,0.012227854072547562,0.019430360311257333,0.0088749533238976497,0.050935753009670348,0.03819913381978135
2022-08-01,-0.0077031319095632877,-0.0021608575631087978,-0.0043716110994931334,-0.0034425363621956029,-0.0043193395059043516,0.012486304050244312,-0.010774975002863618,-0.0027622694032550799
2022-08-02,-0.014414770923995679,-0.0081418901708083524,-0.011798739917321388,-0.017306113468656958,-0.0039593654954755975,-0.0040626588622069137,-0.019034344098372347,-0.011108155766374361
2022-08-03,0.049050369243902825,0.037920943284549757,0.02622133833031004,0.023251577584086469,0.010473539345444038,0.0028962623512174268,0.0683730749499738,0.065436928737339306
2022-08-04,-0.0021185486642798512,0.0044824988171356939,-0.00088147478183353556,-0.002630299188176588,0.0065679005482721653,0.016973424401153236,-0.0030814124383663488,0.0091578187503777997
2022-08-05,-0.010173523912875515,-0.016893260377574992,-0.010281692668847708,-0.0069495740664469174,-0.0064570478040891777,-0.017409154528072679,-0.010861969397356175,-0.0249898878112359
2022-08-08,0.0046379317380995655,0.0043058248171430336,0.0063338453257670846,0.0089450989415029714,0.0090644564431652253,0.015437971883481838,0.0031754620728132732,0.001048778565613695
2022-08-09,-0.0023214651529752661,-0.013913054094221611,-0.0067988154813745094,-0.0041728668332789987,-0.0058644181590968847,0.0012987835409203896,-0.0021701816329363632,-0.025202075995389595
2022-08-10,0.025137635225302768,0.026852025443976801,0.020282793231458429,0.015085626187892442,0.0053875591725538463,-0.00025833782626905055,0.038221446510889212,0.054734038233823723
2022-08-11,-0.013385172314207772,-0.014618186670620092,-0.0094252572772209886,-0.0074764036095770203,0.0023401812010275247,-0.012544971461454391,-0.015581074494379732,-0.020243005387377111
2022-08-12,0.019847441346172667,0.017895281789202189,0.015879597307915105,0.01078190002486612,0.0026053888502521882,0.0030405421282710954,0.030543726393364334,0.03733569232661571
2022-08-15,0.012251351244795483,0.014009633693102597,0.0099045923849523376,0.01046571120556683,0.0022611263289034067,-0.003759901187721737,0.015436722114586798,0.022138657880992563
2022-08-16,0.008359846433533269,0.0069287600726655185,0.01123637749103823,0.016341364661368596,0.0032662173284336848,0.0045772668885160073,0.0078936255065105154,0.0045652318577527051
2022-08-17,0.007923222329416113,-0.012250292312075528,-0.0079052707043160142,-0.0053566944096568037,-0.010672958303163171,-0.0081112196681907278,0.012311649919459544,-0.023646951773480418
2022-08-18,-0.0032251993310633553,0.0014670424037879215,0.0014836415325734098,0.00018021332348561181,0.0049530112290727679,-0.0040284704695452422,-0.0043699288147327486,0.0038698251713000786
2022-08-19,-0.0062884475200994938,-0.010722710189250306,-0.0040363753600178853,0.0003884509876810327,-0.010059698088652813,0.0042204842206841064,-0.013906903506861412,-0.030393884831924844
2022-08-22,-0.01770644786224973,-0.021022632722334289,-0.01596424302116406,-0.013285556719348945,-0.018755366755327074,-0.0028214359726471683,-0.029283902610670154,-0.047493727079259584
2022-08-23,0.0075853937232437385,0.0087989305322866418,0.007388248714562895,0.0045972100869267063,-0.0017375929704045445,0.017025388058135027,0.0065611298168961607,0.0079639395286339454
2022-08-24,-0.00096403612396200877,0.00013604121577670547,0.00017496804632033403,-0.00048112378548126333,0.0043516100379457079,-0.0025834115109188982,-6.9399898400490656e-05,0.0030253910066384559
2022-08-25,0.014699965232409795,0.01745892861349474,0.013892677331400094,0.0097525165971952266,-0.0010398851386075325,0.0053997438814672449,0.022159571751037888,0.035137105031835869
2022-08-26,-0.03791047181620355,-0.041198663980115957,-0.03387258366813628,-0.030889076573753727,-0.016759188298064998,-0.012410435096409045,-0.05675601820661258,-0.082177948924845756
2022-08-29,-0.010454422535740693,-0.0066072523224234292,-0.0033601416865468581,-0.0024049583930630947,-0.0080107027452643864,0.0032232177262374595,-0.01732193909914459,-0.016495115235913738
2022-08-30,-0.022713793492505574,-0.018576104107013269,-0.0183891430224844,-0.016981302093317052,-0.0019566098890628769,-0.01512432130528063,-0.030308920516289195,-0.029628668769087763
2022-08-31,-0.011725083028699235,-0.0069087901455738843,-0.0087093748741622345,-0.0086088732758570208,-0.014043878196194126,-0.0069122091782881645,-0.017036827552169842,-0.012715986309390082
2022-09-01,0.0033069125118907472,-0.0009597746715872546,0.0017712839797807689,0.0030673538656398325,-0.014424647625588483,-0.011170071257382674,0.0056571083826750801,-0.00052607011349614652
2022-09-02,-0.0050157836434004954,-0.005537451786535863,-0.0020373482893625283,-0.0017845538126685101,0.022705649192944932,0.016562558468817601,-0.011880593918135784,-0.019788740479141476
2022-09-06,-0.0082051189136006508,-0.0071723143372575127,-0.0040339743419526286,-0.0049620149434220773,-0.010975207136238008,-0.0056211087257358461,-0.012312649302128831,-0.014354570537970957
2022-09-07,0.01478835277947943,0.025795501530236686,0.023954194184366617,0.018784817491684036,0.00018129322314708318,0.014230212954646326,0.019440629807138565,0.046107204336312879
2022-09-08,-0.019302924134034227,-0.0046453535313805139,-0.003111919064116675,-0.0038003602717938678,0.0025018217669146026,-0.014134943289167312,-0.024064763329740502,0.00048853867986053956
2022-09-09,0.017179249429901677,0.020197372506334021,0.013705134841317301,0.011045088528962355,0.015009548470447776,0.003245849178637128,0.026583555058666608,0.042024106840297115
2022-09-12,0.032384131271167238,0.0059185542081525711,0.0046231069407072223,0.0011666102760092834,0.018600387749634351,0.0010040792607308724,0.051524705684868888,0.017734125972541204
2022-09-13,-0.064083719523546745,-0.060262871073006319,-0.04870151555757285,-0.045073895214171378,-0.013713013093688553,-0.018992964413252711,-0.09325519321277409,-0.11478497000092025
2022-09-14,0.024476099881915125,0.022829419150130814,0.018493791203056276,0.015853366603129082,-0.0037951461312901724,0.0098747198450506168,0.029324619282847353,0.030879777220210958
2022-09-15,-0.019126025503314881,-0.016849675304060119,-0.011414306932562734,-0.0056462321880554889,-0.010040217505789539,-0.018802105184936413,-0.028589249682569595,-0.033499773463315119
2022-09-16,-0.011384676652813952,-0.0065415156021773058,-0.007591884527142323,-0.0052310679303467778,-0.012947333443637965,0.0032655032707222809,-0.016862366218768243,-0.012653733683449353
2022-09-19,0.021601770492682748,0.0043650131658525826,0.003448546234625427,0.003397934944579406,-0.0026598635465606701,-0.0065335548683060907,0.034100662817587057,0.012126040488831702
2022-09-20,0.014932463131965612,-0.0086872860808452357,-0.01197577818128015,-0.010806276571384221,-0.014101990472872639,-0.0049493591005330684,0.022759546422120636,-0.016652868713345925
2022-09-21,-0.014489574569200192,-0.012113999448135959,-0.011253896227171878,-0.011172213860872415,0.0097828480829964537,0.0086663628937266868,-0.024683094777995906,-0.030125464744663488
2022-09-22,0.0077821200821077685,0.0017652091644910772,0.0057474304550022559,0.0099132023474965969,-0.018201845501541025,0.017516697197116793,0.0045490636007370355,-0.010717814715866969
2022-09-23,-0.016208283006662993,-0.017364915850516471,-0.018291507299677101,-0.016590604341958581,-0.022202282615972124,-0.016252937245367027,-0.023761925466364797,-0.033628833613773779
2022-09-26,0.017943608908317366,0.011445104531036643,0.0051475457035830008,0.0048690496194518929,-0.0022935575799828412,0.0020291432781380792,0.019091426478800688,0.0072422352947232316
2022-09-27,0.013491487387703005,0.0072842890168707264,0.0048084763722879842,0.0019952766881663475,-0.0021072913552456773,0.0086059109708058745,0.016797257738460081,0.0076886313475528212
2022-09-28,-0.0098198813272597496,0.022816641484686873,0.022655416081272861,0.02156210014117943,0.0013438221274555406,0.023584768049989213,-0.016163758369232895,0.042765410212686872
2022-09-29,-0.060087384802465449,-0.040029808183840165,-0.032277938937990025,-0.026592125346671769,-0.015337408730844326,-0.012363325356671506,-0.084363748540990713,-0.068524959042265632
2022-09-30,-0.042017108278515791,-0.029095830118814225,-0.027184514684940764,-0.028944123717933978,0.014213386556876317,-0.010336357307916488,-0.056851239581141133,-0.045842814564363565
2022-10-03,0.034633143968670232,0.027313367137188349,0.029754167086528893,0.029933530342205028,0.0045689952333496375,0.021774907704324109,0.050067328854994431,0.050861960078354862
2022-10-04,0.021515073146766817,0.027309533156809618,0.026544942168099439,0.02420615436791107,0.042654072314058267,0.012672656951536743,0.03427524995952691,0.058624346792373494
2022-10-05,-0.013227631703295661,-0.015773026265459955,-0.017140775667240482,-0.016386190218058427,-0.0095307999390599196,-0.020769303866205902,-0.012216700802272884,-0.016296559025579138
2022-10-06,0.00072378161271058339,-0.00053284914535556283,-0.0026683015422696021,-0.0044458722474740586,-0.0077349974185144665,0.0073984100334516523,-0.0026135325976599511,-0.0084641083241628889
2022-10-07,-0.024717904650257805,-0.026120513474750306,-0.0158611383774383,-0.0087228687986592446,-0.010853767381586277,0.0056919641897268392,-0.043305936612460849,-0.064699186223648564
2022-10-10,0.0079190122623102877,-0.0045013124386100722,-0.0019846366192484144,0.0020840223918729972,-0.004864242377689787,-0.014510114065764967,0.0091033395353738999,-0.014552982593403652
2022-10-11,-0.0077113337717086283,-0.011203771592388501,-0.0039488603110311438,0.0037026450510107001,-0.0016293878105604342,0.0090336336562353292,-0.012852022553086262,-0.024977586975823751
2022-10-12,-0.0035898914831826723,0.000676787103341292,-0.0022476432619376041,0.00057476922662913488,-0.0021633219776543422,-0.0040271293291678223,-0.0058946017407272011,0.00033404517477597651
2022-10-13,0.032780434470684794,0.022628315861352721,0.025272470880206566,0.027923040512081609,0.010193588882691618,-0.0011029900661937431,0.049573235437702756,0.046061799186057018
2022-10-14,-0.036542674730556168,-0.034369789836929288,-0.027966457504154829,-0.016834237148115272,0.0090364761843548802,-0.021127737496942633,-0.052590942143779129,-0.064293439769748884
2022-10-17,0.030387084914156981,0.034290320938386465,0.027742783627388468,0.018903928386137636,0.018396210099161259,0.010397439424408628,0.04496633574418829,0.06735205862267879
2022-10-18,-0.0015617898420133836,-0.0030469206339586163,0.0004551998021689041,0.00029752965575613466,0.0045068554689302598,-0.015743440429427769,0.0030918886069435381,0.0047753054720105492
2022-10-19,-0.0010084481555602265,-0.0054126844499340354,-0.0084354518822714608,-0.0054323105712814623,-0.0034653006576892409,-0.014794321554880696,-0.00062650750954873491,-0.0090530394522854163
2022-10-20,0.0066727687150556214,0.0048198930239389259,0.0020559311770875777,0.0065207934628435105,0.0064056056502204139,0.011579370793024291,0.0050229271923976082,-0.00033266571249335186
2022-10-21,0.025754640571113097,0.02214820782338367,0.02244448527482068,0.024271415907258564,-0.0080014989630112776,0.010628603753050969,0.039266840044024587,0.045566174021477002
2022-10-24,0.0064472760348170954,0.0026769136184163767,0.003550166847413605,0.0050689760523570104,0.015838721170800651,-0.0095512013469679635,0.013787830265327594,0.013587659663037099
2022-10-25,0.016613778423658854,0.017958451016998778,0.013557203517950756,0.0082181236765355159,0.019597908587150936,-0.00032057226883575041,0.026256699902109659,0.038588966567240979
2022-10-26,-0.0272259738943611,-0.029676059355011053,-0.015068562544123698,-0.0080938339889472521,0.0046017402041274025,-0.0010481675605847895,-0.036963507520853089,-0.051601212068644542
2022-10-27,-0.042782339147448223,-0.030678262421571012,-0.018691104799794744,-0.0062538550778145074,-0.0052853989769541254,-0.014833173260364707,-0.057821576442672162,-0.048652660286141791
2022-10-28,0.088947145273106099,0.043434979897549075,0.03748696888306946,0.038107316791093249,0.0028338620263299585,-0.00018998911114165296,0.12719397900801344,0.074416481991806505
2022-10-31,-0.014144271365437278,-0.01035707103204464,-0.0061402085631787617,-0.002248672389231432,-0.00028256518251223994,-0.0012100538299095742,-0.021859364663965875,-0.022000057295709086
2022-11-01,-0.010716064725404761,-0.0033400464464383717,0.0028281280905877448,0.0038425179619985261,0.010387980536175068,0.012472073325301647,-0.019548344052742084,-0.013628586822147071
2022-11-02,-0.036486490935571325,-0.033456256515596028,-0.024167727386764315,-0.014634178551925503,-0.0079382146053972313,0.0010322451904258845,-0.055154841255514064,-0.067762722735506098
2022-11-03,-0.036209184614772072,-0.013191077173860921,-0.0040556317225900473,0.0018034085766078789,-0.0055694258375584837,-0.0051805191955051066,-0.057548836936687331,-0.03285227437678051
2022-11-04,0.0046836657766595735,0.022836551629206392,0.020568023778357203,0.020082198709583166,0.027542462693928682,0.034851732245901212,0.0037033765246303751,0.039028858977695258
2022-11-07,-0.014214298951725324,-0.0072504360210885466,-0.0085854590568882339,-0.0050806918625071473,0.0003449124200778364,-0.015762350515100776,-0.012298187224714763,0.0035456503635697967
2022-11-08,-0.0048283374667512646,-0.0017439552953431026,-0.0034093754365099871,0.00096189689350967278,0.0040347811261802757,0.011969555056599024,-0.0027596499275788222,0.0054778019544101664
2022-11-09,-0.039156576385606545,-0.029105434681119591,-0.026611130372508063,-0.025256555633888844,-0.0019577264980613629,-0.0075034829578003448,-0.055649164564172127,-0.052039469333764021
2022-11-10,0.095637989830891446,0.080358816741369354,0.061970724468149774,0.04298219838185724,0.019856826109710735,0.029603112162838618,0.1403974956185583,0.15459865522718208
2022-11-11,0.0019992495934511023,0.0011712987503706973,-0.0078593777489875949,-0.015398229803049834,0.0052640504850431924,-0.0081421116802040672,0.011470360115436673,0.019285568951261656
2022-11-14,-0.022559317099601905,-0.021834759064261022,-0.0217951119649199,-0.019100152952014615,0.0023161439123366989,-0.0090162219761431572,-0.027239475659963541,-0.030470518149643522
2022-11-15,0.012778459445256907,0.014749458114606595,0.0096953366155538845,0.0022102200907552216,0.0051573786157224077,0.0008423229150580358,0.018718370406519469,0.028600278706480964
2022-11-16,-0.012025080311907632,-0.017323902991270623,-0.011719025554213336,-0.0041400283704674523,-0.0055640640112658568,-0.0042859658508177523,-0.016174994003419596,-0.030922553053657653
2022-11-17,0.0093513821494586313,-0.0057726310743875242,-0.0064456353846632508,-0.0034845778592548227,-0.004958646314798254,-0.010755810800455956,0.015813834573170205,-0.0079717394508105333
2022-11-18,0.0070060682962835852,0.0032472382420600798,0.0080158925461444319,0.0090470920835907798,0.010269716532112616,-0.0016816869437391579,0.0089030942861640927,0.0032824601675975895
2022-11-21,-0.018760721664685009,-0.0073337366485125566,-0.00079723782164209389,0.0020332788714523264,-0.00096651542772596688,-0.0054768927436795733,-0.029633203713904432,-0.017651715730778617
2022-11-22,0.023099364584893145,0.022839147419574601,0.022035222124555665,0.020013332826966712,0.0031692848088573644,0.0084903115201417911,0.030490849083790517,0.037361899252050135
2022-11-23,-0.00045334565918386804,0.0036306617128107899,-0.00041288805741124257,-0.0034567024471308105,0.0035583755250443438,-0.0030869227643181008,0.002491065470812126,0.013603491344798657
2022-11-25,-0.028732162179638143,-0.015838123188786968,-0.0095734049604065952,-0.0047729525153613617,0.005368348605964357,-0.0045539506205857228,-0.038437638792211959,-0.022355037423083535
2022-11-28,-0.022453430932872553,-0.010817195151880732,-0.011583552941293984,-0.010786332167457613,-0.0069547591424671262,-0.0039276856723624576,-0.035636932675082611,-0.025547962855309359
2022-11-29,-0.019068084228147542,-0.0054604399539761594,0.00061746552907249175,0.0020958435642870477,-3.3173482308357372e-05,0.006789507142725304,-0.029664756167827711,-0.013046139559165004
2022-11-30,0.050731065552326537,0.047716937212347599,0.033322341622740836,0.024744105763975455,0.010721278107782561,0.00066253406372540624,0.075077583727328756,0.093395845222372431
2022-12-01,-0.0078009006647915546,-0.0084587555274796555,-0.010370059080941352,-0.014651960579821877,0.0034154380606554735,0.029576030313784196,-0.0068643625891965376,-0.0072435342389775004
2022-12-02,-0.013127697326735133,-0.01373380157847659,-0.010893592727470924,-0.0088404445959128219,-0.0017346796598258774,-0.012844267270163301,-0.014796835011239406,-0.017678181199227483
2022-12-05,-0.009466208719205782,-0.01825365950188218,-0.01934947891805272,-0.015137268615360799,-0.0066882583963738806,-0.017110458357197378,-0.013451780884727205,-0.035012254615601202
2022-12-06,-0.020981695661982935,-0.016311128915253437,-0.0099239071981863658,-0.006043998461374045,-0.0022444727686126154,0.0051227278538925614,-0.033723760862928165,-0.037124692570414952
2022-12-07,-0.01115553659218016,-0.0014271780868263528,0.00082237923693084802,0.0026066286872541422,9.9251030147629038e-05,0.011441801951500796,-0.018066422933809445,-0.0055205922647306727
2022-12-08,0.0078729352795494645,0.0075762592169903442,0.0034247884504838844,0.0017699751113264828,-0.003274706590264187,-0.0022702627713879764,0.013913741654532075,0.019361195904397555
2022-12-09,-0.0078140179631804862,-0.010742851783877128,-0.011670959361903543,-0.013483423839267483,0.0029204278669254791,0.00068998379768014928,-0.0095238254274226941,-0.017091300533058296
2022-12-12,0.020006823267482376,0.016154564893526846,0.01789470683828287,0.019268246823854085,-0.0036729445937988547,-0.0066393921787165633,0.02823096941102099,0.028750598806648764
2022-12-13,0.0049178502843416627,0.0088779106583720679,0.0054638621203317861,0.0016352124726766171,0.014214529650750762,0.016637504542401871,0.0083027000959590147,0.019607670655637621
2022-12-14,-0.023402151974316165,-0.015345045071793129,-0.013804165786559408,-0.012605037236626537,-0.0021939693231535218,-0.011685927604555779,-0.031107898219306707,-0.022699430659251063
2022-12-15,-0.051290937037251183,-0.038074727391163798,-0.029389636479895787,-0.026362146493933425,-0.031341272116567898,-0.021565572669669186,-0.074609130863434014,-0.07149490539744241
2022-12-16,-0.011264599282061027,-0.0062033386544094737,-0.0077368227786659416,-0.0059439587500835778,-0.0094864032915267238,0.010322285511708218,-0.018578456628433826,-0.015769792719503739
2022-12-19,-0.010747459832248674,-0.0088817594703320957,-0.0037429220345231995,0.00038692823891195438,0.0022233046217647878,0.0038497348736061809,-0.018744066976951523,-0.023009273397821106
2022-12-20,-0.003311090833695407,-0.0035600301418481362,-0.0017127384292185965,0.00026248088722091723,-0.0027985642386427756,0.012581855604008041,-0.0035747024362433599,-0.0043361926550967711
2022-12-21,0.022613938392333388,0.01332166597227924,0.013825328269254644,0.0147098657194773,0.021253304111560567,-0.0011676393068064117,0.03450472724190301,0.027810971251365002
2022-12-22,-0.022216269165269531,-0.022910011257656238,-0.012882044609843213,-0.0084337212327947331,-0.010723850307905014,-0.014921719474742079,-0.034121448368470753,-0.04741411175644572
2022-12-23,-0.0021636022701577717,0.0028869624877125855,0.0065365908525762961,0.0056957854821173548,-0.0010501401371404429,0.0055970473969642054,-0.0035636821859694745,0.0051373674139594261
2022-12-27,-0.017297228487275773,-0.017556485258744647,-0.0074219192752332797,-0.0021460160307933407,0.0099358833597043006,0.0069720573861873358,-0.024212246410639349,-0.031645777876940673
2022-12-28,-0.030406736784971189,-0.012919400794363489,-0.011727852035709918,-0.011148921220454522,-0.0071855079415753531,-0.0037180467649652327,-0.045753721153156679,-0.026126033540127214
2022-12-29,0.029089978293809216,0.025138312055189571,0.018350805811237159,0.011374155288804699,0.0090976424686437518,0.0063662048591550668,0.043262622445580101,0.04953193412011192
2022-12-30,-0.00049317555895833642,-0.003553646093099716,-0.0054286668623284573,-0.0051469563786686878,-0.015014912887602705,-0.0028457951211618981,0.00073772357630397245,-0.0041523183567163668
2023-01-03,-0.038933787624039984,-0.0083376217430113364,-0.0055464358209014186,-0.001919704446526449,0.022661552539864793,0.0092911910644017937,-0.057606452579361145,-0.015086785772624789
2023-01-04,0.022849537473885517,0.017230891971915741,0.020090970118225027,0.01650345547828902,0.022558625505760155,0.019481870756539621,0.028070579283998809,0.022054330090171881
2023-01-05,-0.016155918658239954,-0.021177598309632062,-0.017032330880066282,-0.015597927776980991,-0.00071582205683973221,-0.01545309874955858,-0.021428464997479302,-0.036744370639502311
2023-01-06,0.045085354439511782,0.035819216310235991,0.031039170621041778,0.02961325278950655,0.014717842395035152,0.023933605216129639,0.063629470932670129,0.063641311167277559
2023-01-09,-0.0085470113579722007,-0.006192794006835034,-0.013156996700173562,-0.015491600907593939,0.0088887599491920266,-0.0083068328717197382,-0.0065282116646038224,0.00019902273103888923
2023-01-10,-0.0027365398797777329,0.0012427724270291929,-0.00023226840771117807,-0.0014163869590916311,-0.0084605834339128716,-0.0078483548481710352,-0.00052431627077487164,0.0096465319518419523
2023-01-11,0.020564470133079604,0.016754367960730931,0.012328149777107722,0.0069617674675084285,0.0083723513618385592,0.00074169806614854394,0.03111500792457389,0.034045341371371052
2023-01-12,-0.0031108745531356341,0.0028779322913063954,0.0010128236149702374,0.0040635671306632482,0.0069986074261423337,0.0080517389384233695,-0.0034098309461506604,0.0082688263497183723
2023-01-13,0.001353856478890858,-0.0018567773032490686,-0.0046789440468577581,-0.0056631835496959715,0.0073606001131454324,0.0032781569193582882,0.0063694791682784579,0.0049638342933855384
2023-01-17,0.011560922591562939,0.0048147794931627796,0.00074599944790687545,-0.0085621654667017433,0.0068677230296316782,-0.0033772339707837107,0.01595128588923278,0.0068493629901027475
2023-01-18,-0.001976570115538423,-0.0096328912832355229,-0.012203504580849178,-0.01490121541235101,0.00071643646640207059,0.0018879025942784011,-0.0046706049438807185,-0.022677282107617436
2023-01-19,2.2125782074722267e-05,-0.010241201631763008,-0.0079306584471148245,-0.0074456182473877641,-0.017584827739651199,0.0084374105859377213,0.00024366801621744649,-0.020061444577314624
2023-01-20,0.015831407208717119,0.023950283741660083,0.015550726342376642,0.0066906005101621258,0.0048154131894742047,-0.0010980878776014613,0.02540994096936755,0.051226227795904355
2023-01-23,0.020561825919900079,0.019280896940857106,0.0089768571957486998,0.0046000995785284715,0.0051707749703797656,-0.0026642320693401889,0.032278287109179571,0.041432890340373119
2023-01-24,0.0092070148154073106,-0.0028873393582925511,-0.001535295351251631,0.0019166521119635682,0.0016310669342294304,0.0026755109922782516,0.014234222329819524,-0.0049272785031669875
2023-01-25,-0.0059671014461749605,-0.0034889651514361519,-0.0014437507781491776,-0.00062027070220771474,-0.00059502729916194319,0.0024430730102145137,-0.0083144873285017074,-0.0057056006213510591
2023-01-26,0.011654583150160658,0.016333837769417547,0.0079423881147051567,0.0029254143211150385,0.0071755969817823839,-0.0095691325334931188,0.019033434580164821,0.035770795248682319
2023-01-27,0.016252934824255272,0.012513548529628826,0.0050529992253112166,0.0032725455429585271,0.00052883334450903874,0.0022223437517518985,0.023112402400953691,0.022493097388399663
2023-01-30,-0.01800728818010866,-0.018148032970561556,-0.010788763176803995,-0.0054112337062132143,-0.0020211015863613735,-0.0012625819435729824,-0.02806766281144113,-0.038409527023679391
2023-01-31,0.010951848434114675,0.016928415957887299,0.016603527419653652,0.013119724491991169,9.3421153972261806e-05,0.0053522492823392387,0.015471083174690481,0.031943452962811092
2023-02-01,0.0069491586185905785,0.020418928568010752,0.0095029321412025691,-0.00082676205932452618,-0.0011838183054605489,0.0059424534293874842,0.010895758951672274,0.041781899183594984
2023-02-02,0.022757920685077648,0.02160150127252547,0.00075697726885537442,-0.015066187511686535,0.013412360784675892,-0.019884868238980502,0.041033587654954129,0.056996415799725808
2023-02-03,0.034519531011801163,-0.008069013749938625,-0.00053254734657159908,0.0055773206209122073,0.0088334482595460173,-0.018470036575342963,0.04684001111808711,-0.026016598299106963
2023-02-06,-0.0075298273863334542,0.0020399475938444045,0.0044512874459357032,0.0090981691958649247,-0.01281392373212531,0.012150619023671316,-0.016589188259365395,-0.0065089991720411744
2023-02-07,0.024953001562465049,0.026435184594298278,0.018563134196600828,0.014631785168974565,-0.00095800696824532849,0.008436155312220972,0.034629283538589073,0.04726993157838022
2023-02-08,-0.017558140890294505,-0.017686243045951677,-0.010954193839882387,-0.006052614789626487,-0.0023819731422940471,0.0032271034479876004,-0.026385485095769878,-0.035469033612559486
2023-02-09,-0.0056218387077984211,-0.0075509548183286812,-0.0073910946561058788,-0.0056050500648658907,0.010294915400995697,-0.0051626352984331936,-0.0090819347625783475,-0.016400263038419127
2023-02-10,-1.470437815154213e-05,-0.0090116267757214263,-7.1030741168431888e-05,0.0024184300999283703,-0.0085633692131779071,-0.0045887968426723269,0.0012102866893637376,-0.015558567038260751
2023-02-13,0.024968420050561768,0.022160558208590864,0.017720730764466675,0.017393482977392738,0.011764011207194391,0.00014420664495573554,0.034428665665870106,0.038273187597235747
2023-02-14,-0.0091159345152109772,0.0024412088414600408,-0.0050694660392013313,-0.0090076121516656782,0.0019276582483114257,-0.003897127781604115,-0.011218041926358002,0.0097941373758367867
2023-02-15,0.013403034550083737,0.0071634697748470533,0.0025297780145983051,0.0010295912043474242,0.011452130469757016,-0.011263519396352173,0.020351393462501255,0.014820622824446072
2023-02-16,-0.0063604462933761763,-0.014729565474652651,-0.0096426557927938861,-0.0084370339818459206,0.0088768883587113656,0.0076487117376491387,-0.011596552349176004,-0.033570896767528224
2023-02-17,-0.0051275340681857795,-0.0046353709488741179,-0.00014990413307480743,0.0067589279148982939,-0.0030825592971112092,0.0015715938874358848,-0.0089101897123677887,-0.011708519117926919
2023-02-21,-0.02821602123765532,-0.025216018244823113,-0.021580858513606027,-0.022356325173699787,-0.0062141853232128286,-0.005733694186091709,-0.041534742974185246,-0.048853458725050869
2023-02-22,0.0057778589904440292,0.0036239291516535488,0.0013131901406557844,0.00066348927602644103,-0.0011781496114030565,0.0023293884495385608,0.0072299440060907827,0.0043741693441567975
2023-02-23,0.0076615740287575562,0.013128799583746575,0.0097924432043461351,0.0078513558033452835,0.0024799859618211961,-0.0036607474997747413,0.0093140480263000924,0.021900973133820445
2023-02-24,-0.017286950495890685,-0.016024526174228226,-0.0097701118991995184,-0.0099799207099975362,-0.018010683730437238,-0.0045819472713499731,-0.026296330691561898,-0.032780862243907971
2023-02-27,0.012382836636615213,0.011292140221111024,0.0073111368754692485,0.0069784897778155663,0.015606741384731615,0.008411622336109037,0.016523537158517065,0.018482844849409652
2023-02-28,-0.0087487674259520976,-0.0066055764267998196,-0.008238756371581446,-0.012846309274233025,-0.004930673545999964,0.001112125247247242,-0.010463378278171898,-0.0078916071320865866
2023-03-01,-0.011087080814584982,-0.0048605135307969727,-0.0014743555311752532,0.0045249019061406326,-0.0041040320520380202,0.0079565685114204587,-0.018232917655170433,-0.012925619928179866
2023-03-02,-0.0044950940180931154,-0.00038381448107671634,-0.00091857044007381816,0.0018407605084700407,0.0071123846435370286,-0.011221294048369135,-0.0024482232339432253,0.0078212066242389078
2023-03-03,0.041848649805665161,0.027338245290933649,0.022867264302828483,0.01801334984630798,0.0089716435017239693,0.014240430345324295,0.059508244679369326,0.048147030523611134
2023-03-06,0.016002226557649601,-0.0013592909960420396,-0.0017674096696934649,-0.0010880438983190688,0.0039051112288621681,-0.0024909399966613899,0.025248809834805375,-0.00022764199542291141
2023-03-07,-0.020225005023751019,-0.018007212153966723,-0.021023298124723588,-0.023071655780014022,-0.0052365194581646124,-0.02436047177043188,-0.027431201281569506,-0.0302018117998194
2023-03-08,0.021526325246393974,0.018099481873132595,0.014560971716830684,0.011869156694864103,-0.0016243789957558485,0.012260504221223156,0.025769598280059869,0.023159184567202784
2023-03-09,-0.014800221704948435,-0.017212005079677684,-0.018183146421722474,-0.016354952954209745,-0.00096407598638204028,0.0089150482604538617,-0.022258357890367897,-0.034540060825245189
2023-03-10,-0.017155634081324811,-0.017320204012496454,-0.017676475078047371,-0.013657630558842615,-0.013661834310438659,0.014387389592591004,-0.024071906790130826,-0.031317319361279794
2023-03-13,0.003881505911662364,-0.00191383772130993,-0.01073330055510846,-0.012081587197099508,-0.028283170543377034,0.016897097159470187,0.010453041501726767,0.0054338898258463608
2023-03-14,0.010178098631272725,0.01903449100135024,0.012795608879558218,0.0066728106547890853,0.01828191824532599,-0.0067675305412052689,0.017195557754361657,0.041925801617605396
2023-03-15,0.0023739593417453353,0.004997968299922384,-0.0071908070997664941,-0.008469754451176259,-0.035876496273476777,0.01042628314339189,0.0036842859004038164,0.010242630375416617
2023-03-16,0.032583888270981465,0.040354695826178455,0.031587082122780163,0.025403656634245042,0.01971153064357245,0.0092786410693996846,0.042058388626307286,0.067074504092026421
2023-03-17,-0.0083382067639834467,-0.0076118656753804137,-0.01386428225779468,-0.0149370836560202,-0.012384126998781886,0.023285004611329319,-0.011057364330821273,-0.012323839720452368
2023-03-20,0.0093295378583762023,-0.0025335025306635339,0.0028128122611850159,0.0057977830070783387,0.012093856778457202,-0.0013767746145777471,0.017024646013422462,0.00099367339038924918
2023-03-21,0.0081402534374090951,0.010469843801123702,0.0092486991132003649,0.0065037202294746521,0.014747959306137925,-0.024710797644785232,0.014089855099765458,0.024698637489551034
2023-03-22,-0.014170013864284403,-0.018641447292527591,-0.021417666061679719,-0.021734105032870543,0.0024790212340444207,-0.0007564593457802804,-0.018698505782460795,-0.032169864557123562
2023-03-23,-0.001937804215755845,0.0029076896434960808,-0.005802647691024454,-0.006802743112192311,0.00098922710574256278,0.014692792210631689,0.0015161057603962913,0.014661003455052501
2023-03-24,0.011593858029999682,0.006953344812310025,0.0089248931554515298,0.007889249722236924,-0.017540633499855796,-0.0028210289848222825,0.015760208456679026,0.010645532447977946
2023-03-27,-0.0070815835750213108,-0.0016106517715150925,0.0069324695057511043,0.0114829825617353,0.0091783436366772442,-0.0099256692260711876,-0.013260684464543537,-0.0084979217470532165
2023-03-28,-0.0066424473040987975,-0.0079704207052520015,-0.0042192486401858575,-0.0042108343291911154,0.0015885661259957828,0.0073829860356617871,-0.0086271944689679803,-0.013267888436143016
2023-03-29,0.016737733134373878,0.015185850918961297,0.011201567635097387,0.0070748746648972016,0.011910296431751011,-0.0063278496027967535,0.026603380303547919,0.033365263041896798
2023-03-30,0.009506648689275643,0.0090821518144210689,0.005469638184421699,0.003899639273342137,0.013214514231024266,0.0064307936723577708,0.01444966554625382,0.018543688653522628
2023-03-31,0.0099614967635246465,0.010942563305114339,0.008797972676278798,0.0069372902243682866,0.0077342203208001781,-0.011269612179748423,0.017739899975583118,0.027480436270820086
2023-04-03,0.017152043004954098,0.0069245562346085254,0.01311304506565425,0.019361919820535256,0.0030098508174876137,0.025474737735648345,0.021039068816950612,0.0044711210882566466
2023-04-04,-0.013199676251584913,-0.013321951174874447,-0.01563168600490783,-0.015788219018905814,2.9991017575836665e-05,0.0087252227490903778,-0.014808347797813926,-0.01666156919062256
2023-04-05,-0.015605942786999449,-0.014194316500694248,-0.006721931384608415,-0.0017412732473681691,-0.0045010359754360518,-0.0056349659096315285,-0.0212264589431016,-0.024023722526592795
2023-04-06,0.010730602697162084,0.011983435308320356,0.0090144563219576312,0.0054463782916820414,0.0023511855791191749,0.00066304282627394073,0.013492854054194536,0.018760770633542867
2023-04-11,-0.020386326891374429,-0.0038726993810912491,0.0041100119519514866,0.0091195504019510043,0.0078486124833765381,-0.00053399059094949575,-0.032052892295296731,-0.010867358070121513
2023-04-12,-0.0087469232871336677,-0.013207706846150247,-0.0085087944933849302,-0.005270025169297532,0.00032825860404050999,-0.0015035967641431336,-0.010913909012598588,-0.022002461856096445
2023-04-13,0.02635877420142263,0.011946043288337815,0.0058307416417655578,0.0035974164737946346,0.012020517395182839,0.0074112067420557537,0.043282887457790187,0.031381538887987892
2023-04-14,-0.0070536087072710085,-0.0068204101697763031,-0.0070061124189588764,-0.0094229993576629978,0.0052757478848213246,-0.024073395685587973,-0.0081054524779238246,-0.0086908991735874519
2023-04-17,0.0063125342273033791,0.0070432329912955005,0.0095361470456654107,0.0093982009373385633,-0.0023748468886978236,0.0017980421934971069,0.0063734993056858702,0.0078958619120523821
2023-04-18,0.013149734127175794,0.0056663528299669697,0.0064619801588567949,0.0052474565628550796,0.0051135799274750759,0.011966416592497309,0.016923034818812743,0.0057295729160322661
2023-04-19,0.0023806452871899531,-0.005024222224603303,-0.0046398018726268031,-0.0069283853576166399,0.0017543748111528146,-0.010667369691350292,0.0058488993507390674,-0.0054925816092979973
2023-04-20,-0.0037405085382116177,-0.0055223792076039002,-0.0037387386798467537,-0.00095614083986483855,-0.00090487852782372702,0.0080091958078518655,-0.00666988133291746,-0.013162995466407312
2023-04-21,-0.011472674859860921,-0.00066718397908838156,-0.00078952517285946211,-0.00069211546080538699,0.0043821655823810257,-0.015849071951082649,-0.016354733163050916,0.00037419029530405545
2023-04-24,-6.6794363072220087e-05,-0.004022054691432686,-0.0010914157661047197,-5.2331505369318521e-05,0.00095977691455795267,0.0027213787781221743,0.00087069161257269378,-0.0061023430685043234
2023-04-25,-0.015457016032205062,-0.02482790728560591,-0.021751812828371575,-0.016113540031163276,-0.0029058344042413031,-0.0037428387844538058,-0.020146142567693759,-0.043577051609983819
2023-04-26,0.0073260912509218734,0.013497353867020223,0.0035235328770661933,0.00023776156708121832,-0.0091801541465449388,0.0031159269790927979,0.0072952802557435525,0.019606994492761709
2023-04-27,0.021982502717605046,0.020785563494102988,0.013232903070483415,0.0094341465121676737,0.0040884738653190755,-0.0047420603373509174,0.036091601108261484,0.04780682105191425
2023-04-28,0.0089323028702494867,0.0082891877972244288,0.0097532196242420266,0.0097604076594717259,0.0025192176389934318,0.0014309455467533816,0.01270802246211078,0.015197511907921735
2023-05-02,-0.0010314835894071894,-0.0041894467710867911,-0.0063001536106649381,-0.0065421494419598547,-0.01554503367050275,0.017900498286128608,-0.0044075989137761784,-0.014084469560770141
2023-05-03,-0.010226978287569799,-0.010303685089215198,-0.010745312020825626,-0.011946986081417865,0.0049568076790775795,0.0029610755554188017,-0.013448271344950191,-0.01682297800562127
2023-05-04,-0.015102718271391424,-0.0087524471350981514,-0.012312483059512824,-0.013518172736086131,-0.0082994279193733256,0.0038908335699208152,-0.020033480178438867,-0.01226369981290043
2023-05-05,0.051296012503703858,0.025515964541756864,0.022781733568973284,0.02053931152861499,0.011883196211228686,-0.010921106684788073,0.074857545113386381,0.046858981799174693
2023-05-08,-1.7834067681188337e-05,0.0028645284025676787,0.0008543719099034508,-0.0011294326136170874,0.0024723225067240229,0.0045359098441102308,-0.00021965100043053187,0.0053432570073175256
2023-05-09,-0.0079420206678796346,-0.0042969420715085471,-0.0024683690646746248,0.00070801932796715761,-0.0030534376793739382,0.0068301119268951993,-0.012937777671758521,-0.010643377482895566
2023-05-10,0.013320638233259574,0.013783156576971267,0.0073938599253113857,0.0020338816514684499,-0.0057722627166494345,2.2750339585764223e-05,0.01854594542914656,0.024696289312457376
2023-05-11,-0.00067256266289905664,0.0014889682766514589,-0.0032474741898791404,-0.0081924542691211855,0.0031991029133282556,-0.0098997798114401903,-0.00012617494553535114,0.0047432746509297186
2023-05-12,0.0011372297914553631,0.002980097761415168,0.0052243698116678505,0.0061979717149887037,0.0038974834464238217,0.0062418000427737486,-0.0015894092578853103,-0.00063031236730559659
2023-05-15,0.0025645261625319993,0.010922364550229213,0.0085894834816599985,0.0071978518502393563,0.0019412321202896266,0.0069213630376008251,0.0011079087066390159,0.016366968026140682
2023-05-16,-0.0019316951710474095,-0.00080169349000358547,-0.0082454636278346261,-0.012158497990691353,-0.0018200044388713144,-0.01658665173167917,-0.0019316951710471875,0.00032830819104012754
2023-05-17,0.0043451940460494942,0.012852546315409663,0.012835933696164092,0.013644235001346816,0.00020585722707511245,-0.0033278690307307901,0.006148116881548038,0.024965744255767586
2023-05-18,0.016221361584402683,0.021140721764058679,0.012171134117779259,0.0068655279954970005,0.0063802606165697107,-0.010156512652220617,0.023071629770344382,0.039760618315597185
2023-05-19,0.0064739395155160029,0.0035755522076039714,0.0044127613590527748,0.0024102050497629701,0.0057262808764173556,0.017030510366619733,0.0067899190550451127,0.0013091239787508258
2023-05-22,-0.0098315422605791403,-0.0010315032916704547,-0.0041057991895818713,-0.0082182260989186462,0.0010457616290699967,-0.0065856544906264247,-0.012559849154221037,0.0023119218899545491
2023-05-23,-0.014089131860657189,-0.011607849420079974,-0.010133369035767226,-0.0058039943726441168,-0.012652374798554966,-0.00028475790627846553,-0.021674829179561539,-0.024297961617311348
2023-05-24,0.0054762984257519243,-0.00131134342870598,-0.0034903342989807129,-0.0040564046987073832,-0.017105482820351181,-0.0011952496536002943,0.0062954809108641818,-0.0064606203129391471
2023-05-25,0.0078523345701575487,0.025513446957743602,0.0099532007003539924,0.00035873435463340542,-0.0031098644631568639,-0.0094981843650765452,0.011202309104659802,0.04987450841433394
2023-05-26,0.017213902676110227,0.028694445197473772,0.016225421845746935,0.012522722045524848,0.012748191886428284,0.0033754992809305051,0.024287947574424429,0.054323077515465057
2023-05-30,0.012242094892451538,0.0061080438608462906,0.0016491491449912576,0.00059699118549061403,-0.010929108072881388,0.0086231129215279534,0.017580208808926967,0.0106502206621919
2023-05-31,-0.0026477891737425319,-0.0080391950309453009,-0.0082535650639424807,-0.005384647766777384,-0.014793060618775056,0.00063964961412610322,-0.0027884283983684588,-0.013711879337399813
2023-06-01,0.019621240123845807,0.015134986580240595,0.013615262714711696,0.0078663622615509077,0.0023404152199224537,0.019689409676870273,0.027660861298480999,0.026727975385905101
2023-06-02,-0.0013499984225866513,0.0013578563304073032,0.0084075987263354524,0.015317130822787739,0.02195466529118395,-0.018996379411592823,0.0010231468753107986,0.0088120016791970457
2023-06-05,-0.0018042753131360945,0.0065197363062137192,0.0038132725198392059,3.8854544440303229e-05,-0.0094952580871728864,0.0082109845459303887,-0.0056118177803409219,0.0072286629911533229
2023-06-06,-0.0032880745319081583,-0.0013990808258075305,0.0011460354825680863,-0.0011113684190220408,0.0020670514085330272,0.0024120636711066901,-0.0043169682832946421,-0.001567874622479537
2023-06-07,-0.0064808595525475132,-0.015701846369773897,-0.0025018242245365974,0.0042635326693376552,-0.0013453507508567331,-0.01038745188789969,-0.010363966932651847,-0.032689047947208949
2023-06-08,0.014574299932598622,0.011525237591758497,0.0054199444213069992,0.0039830475575763913,0.002335067580838901,0.0094282758283137369,0.022300046780768579,0.023927668947258507
2023-06-09,-0.0048364350772311937,-0.0031852127640572547,-0.0058132679456041059,-0.0056332365518766414,-0.00095575347871934557,-0.0076839161318896787,-0.0037640163125436388,0.00061084707849135
2023-06-12,0.018639299386467023,0.019901412005639552,0.012304901115253175,0.0085712645783166952,0.0055305184332177237,-0.00084998530418778362,0.026481716698544711,0.036848359248968121
2023-06-13,-0.0037269782712998634,0.0065572216314349063,0.0058463525795897642,0.0031272916092510705,0.0066297883884232078,-0.0067471702302377423,-0.005031413665907869,0.014232550744952999
2023-06-14,0.0010396445749445427,0.0048065375167800628,-0.0013911986220366268,-0.0088486774316185457,0.0046072897793065781,0.0028028150585006628,0.0027810767113995993,0.012056294731525696
2023-06-15,0.0061909593203943736,0.006904499832588229,0.0073422934568176945,0.0077628854643934098,-0.0058209040255121636,-0.0040426302815852466,0.011762579910143067,0.018761281524279028
2023-06-16,-0.015205689936207856,-0.015634639029128095,-0.013019979491178169,-0.012407476266363182,0.014933235750244522,-0.0091495401340417892,-0.018108098937786976,-0.021868406125205575
2023-06-20,0.0024690089909962243,0.00054695089775957939,-0.002758406012031811,-0.0052937551655772852,-0.01407254571535077,-0.0099640548604309487,0.0027128948998578206,-0.00088733537775453897
2023-06-21,-0.0053167962533458013,-0.013272090469876652,-0.0048206859089426901,-0.0026659789022921432,-0.0038417525759830706,-0.0010776196391194537,-0.0081554213918230145,-0.026904634963362595
2023-06-22,0.0098423279545940545,0.0051470495156413776,-0.0027997173572077427,-0.0068372532135477782,-0.007683374578401736,-0.017402814289456892,0.018050558786196103,0.016868232739892353
2023-06-23,0.0013615617200186669,-0.0068659575270628714,-0.0045952720641506684,-0.0033662107801838426,-0.006248120449091954,0.0061544551308558848,0.00050334467999668675,-0.016809910854188592
2023-06-26,-0.0028001659139889057,-0.0086805021537483817,0.00030033418516350885,0.0047297067342668697,0.0039107502482520484,0.0069761426258907466,-0.0065947806644918172,-0.022150067894513681
2023-06-27,0.014704576296682204,0.016838816849408689,0.011102071528969137,0.0058477728533323781,0.0043151542974302348,-0.0055184500045611928,0.022231409322669204,0.03402672345410962
2023-06-28,0.0020350244435829445,-0.0023225942201321459,-0.0046175496741649447,-0.0060273184703836247,0.010025432074371343,-0.005094157045794967,0.0051855202585198157,-0.00037922125397382711
2023-06-29,0.0055946086988134525,0.0017810219405818284,0.0084000187770474355,0.011291398923078066,0.0035153902421241057,0.0015457892304531207,0.0064962869340974283,-0.00022920834708162197
2023-06-30,0.027603134464114554,0.019887208189223182,0.016759039800758435,0.012318500277733069,0.011833983302923512,0.010421557754352273,0.03920518221754965,0.035375377421202225
2023-07-03,-0.011375750176830124,-0.0012725248962958124,-0.0024017194829011324,-0.0029815896148593923,0.00020365323946269775,-0.0035674352464931669,-0.015254092941425879,0.0010740148550461015
2023-07-05,-0.0038109643326712517,0.0020452315954220257,0.00022357323830135556,-0.001597627859494688,-0.011809593809491981,0.00082596498825293629,-0.0067526469840601955,0.0020180622207377485
2023-07-06,0.0051277057404222059,-0.0050234369197673656,-0.0052542271699876908,-0.0078577794786114374,-0.030995243783333515,-0.0034746853516299803,0.0063853340487141086,-0.012659322963372466
2023-07-07,-0.0089994889125823985,-0.0064362740486192394,-0.005822319398049447,-0.0084159833535387696,0.0027643810155066895,0.0057729770078001064,-0.011935865895586151,-0.0097458131506641399
2023-07-10,-0.017987053754969895,-0.0068843363156713133,-0.0048149721820325286,-0.00088434645680368629,0.006088885642982822,-0.0079801733050535173,-0.023375794275123152,-0.006559099916678246
2023-07-11,-0.0060919168848074801,0.001633358265196172,0.0034459879237729307,0.0056906765069779652,0.010538313114129449,-0.00014242281740750595,-0.0074923758365558202,0.0065577155117033659
2023-07-12,0.0082415031948390727,0.011883395796764784,0.0066912239662391126,0.0021498539040634146,0.015523505875204346,0.011952732533275778,0.012730898755032083,0.024504079519075628
2023-07-13,-0.0076979126604379555,0.0050716793870122512,-0.0032317194031317165,-0.010874127808420897,0.0046944179371690709,-0.010650001548855204,-0.0056928602823009822,0.021851376190736849
2023-07-14,-0.0062503595315642757,-0.0072414998725179869,-0.0080165002367610372,-0.0034229354784324206,0.00055488733648179078,-0.0067287602887595721,-0.0058594745452915653,-0.0074508702409260552
2023-07-17,0.016917190836490015,0.008953436704350004,0.0034727853988247848,0.0015873817832108283,-0.011003522988944692,-0.0044526304560280616,0.025566633567965624,0.018288568035161656
2023-07-18,-0.0022147741298961243,0.007297647081549119,0.006233565105818295,0.0098999366660406096,0.0041021084801562413,0.01158528108260759,-0.0028843128056968981,0.015470990941392593
2023-07-19,0.0078525914452021173,0.00054201083269656003,0.003152971760636003,0.0039533760243295468,0.0012639044343392136,0.00077530852034635167,0.011391232907630222,0.00030871314504676839
2023-07-20,-0.0080076932848496263,-0.020989562095514391,-0.0045631903094525139,0.0070832291630638089,0.0073678175592297723,-0.0028973978320534499,-0.013067113166737698,-0.044090270669954634
2023-07-21,-8.1349248146511677e-05,0.0031003259013051565,0.0064441370623202765,0.006055232887515194,0.0063814310349925574,0.0039228548201124536,-0.0031810098475633097,8.2679851923117553e-05
2023-07-24,0.0052827224015525864,0.002657101978897014,0.0051131637023036358,0.0065446038698089293,-0.00072379512080578134,-0.0011816249785405741,0.0073950241762310576,0.0042560851055981619
2023-07-25,0.010157104151384377,0.012434107853622312,0.0084664788353796538,0.0063280683972730678,-0.001622616891972406,0.0063869989441864838,0.01242652823126611,0.019249959715623932
2023-07-26,0.0057006981992158146,-0.002179794012795444,0.0010098099827384743,0.0037783760978589154,-0.01198635937998549,0.0044134267380713244,0.0079757918589784538,-0.0055100989052813132
2023-07-27,-0.0090837886824689518,-0.0048975357095475403,-0.0088587564200421909,-0.0094826061337128786,0.020297914606717482,-0.014873440708618735,-0.01236594594042062,-0.0072755972525289092
2023-07-28,0.022703779170805793,0.027453458748037285,0.01913733275639018,0.013964210223613494,0.0019288744699521576,0.016696911236191214,0.029519067574491631,0.045833715132639785
2023-07-31,-0.00097513817508176892,-0.0036088079907352633,-0.0026360352233422146,-0.0010655154822039048,0.0018678326443872795,0.0010027312817582068,0.00060129201591063719,-0.0030896174244049446
2023-08-01,-0.0018609612016338151,0.00010002461321634293,-0.00022219437958392874,0.0042012485398978949,-0.013050014808674848,0.0066477261255328823,-0.0040041200376973451,-0.0022253072440601152
2023-08-02,-0.016410168517662194,-0.022858353287938171,-0.014750149919589117,-0.010639262518225223,-0.013774636979627886,-0.0028533832839863216,-0.024147853750277171,-0.044781908523444769
2023-08-03,-0.0015413982663458059,0.0042112208059699174,0.0033077536426899812,0.0036843175690723928,-0.0055396683213094766,0.0026656402639919641,-0.005223665463549132,0.0025993054838795437
2023-08-04,-0.048665877302536908,-0.005357320095629281,-0.0059011618490647511,-0.0044827620919672961,0.0081187073998727488,0.0030267106859083182,-0.072659526791269857,-0.010036061866186996
2023-08-07,-0.021817131933124068,0.0037840979092051974,0.0043635861767818973,0.0066260362913268533,0.001293317300010921,-0.0077160239796664198,-0.030403956982959501,0.01221167765186304
2023-08-08,0.0052674473899825269,-0.0085458780688923985,-0.0042540034173028651,-0.0045560861179486656,-0.0076907572510263034,-0.0051706520832780489,0.0079231643032620092,-0.017047769701208471
2023-08-09,-0.0049523238108134526,-0.0070010010669402378,-0.0029420954084848905,-0.00091020227065818915,0.0069220871928861172,-0.00072614333773668438,-0.0094475774268105717,-0.018040185555060928
2023-08-10,-0.0029421561742043467,0.00013579494225002264,-0.0013324485135558506,2.3668256815989608e-05,0.014689032535704971,-0.0025795837239385166,-0.0035584482960635544,0.0019811618149860877
2023-08-11,-2.465925722128226e-05,-0.0067357031327212047,-0.0012888539661778387,0.0027910762298490877,-0.011783823448851094,-0.0015419923849685491,0.00014413208854135995,-0.013109164316695843
2023-08-14,0.012829384797428345,0.014664665896701123,0.0092354626289290476,0.0040008831642399656,0.0015234424725838469,0.0020640741393207485,0.01754194184245228,0.025925061086022216
2023-08-15,-0.0080727764910082378,-0.0074821450774761322,-0.0082704280735433899,-0.007060935118781031,-0.01214009840276864,-0.0013781333325106893,-0.013690644114397355,-0.01812724891072226
2023-08-16,-0.0044379824986962024,-0.010070999195256558,-0.0068766512381300826,-0.0047423941851791884,-0.00032578952844219966,-0.0030436755268563598,-0.0069188058248020878,-0.02066566254402924
2023-08-17,-0.011901092595639429,-0.0082590438550003142,-0.004846059114068102,-0.0051201983079475211,-0.0091237236363768126,-0.0041185601341777733,-0.019198307147407778,-0.019211424217897566
2023-08-18,0.0028381149919041171,-0.0012331455897561794,-6.0098525966001404e-05,0.0016758480353340488,-0.0043348416877863061,0.00070052554427646463,0.0042463199806637153,-0.0024879961938968354
2023-08-21,0.0076486868577725353,0.016022924977777908,0.0068107518268156753,-0.0013903812406746985,0.004894105929119652,0.0033042723678398112,0.011516546149122453,0.032132881680483338
2023-08-22,0.0058004290343933729,-0.0035140553691197507,-0.0048453991205548164,-0.0070392826914668083,0.0055575723761560614,-0.00053131402672923489,0.0097447029683606079,-0.0049399919046986263
2023-08-23,0.026816095416531072,0.020606282961834976,0.015880315689275948,0.010241094689512176,0.0017531920064328688,0.016291877546642963,0.037842802155346078,0.036449883984768894
2023-08-24,-0.027881551189981479,-0.023095150718856483,-0.015164458273716819,-0.01275772734609415,-0.0058435144774166004,-0.0022696547853855442,-0.04094370871838604,-0.044433065304541386
2023-08-25,0.018892700353605241,0.013970871246088645,0.013051548016013381,0.013459268691600856,0.0030433582084625765,0.0024511780957250373,0.025253159548517479,0.021769960528396304
2023-08-28,0.0090097650696696618,0.0076905548951247127,0.006440920786841664,0.0065969562854935049,0.013504627439517414,0.0037195489583390362,0.013433609826326354,0.015219034233892703
2023-08-29,0.019151219729942826,0.01918069821510926,0.01189876422717373,0.0057928903888964101,0.0082473014867154859,0.0067733347104022013,0.030027933476752811,0.040963604193895886
2023-08-30,0.015078945718930203,0.0015378700493791087,-3.205981001297431e-05,-0.0017877948290876411,-0.0024160970383101388,-1.2321772643097972e-05,0.024626588352643086,0.0070920796472540015
2023-08-31,-0.004627691157380931,-0.0028121219645280693,-0.0071512884251274667,-0.01031713124649114,-0.0065947399032133536,-0.0093710547711979286,-0.0040448697295607516,0.00016909008396459591
2023-09-01,0.016688252220077748,0.0070891141077513709,0.010020602459248185,0.011546856683506856,-0.0024380268543761074,0.0087711808979777928,0.020954468267405879,0.006022408090081699
2023-09-05,0.0058703103790869182,0.0058749670187847602,0.0004277389440436874,-0.0011590810025011722,-0.0061835368078257957,-0.0028072781184923512,0.0065065299458952897,0.0071520627920997892
2023-09-06,-0.029652681047164342,-0.0024955172439627971,-0.00062066432031659957,0.00062534600916430705,-0.0077923763017904157,0.0020393321717002699,-0.047663371090782225,-0.011359733527997795
2023-09-07,-0.02907213684461174,-0.0069704078611347864,-0.0028930072555168884,0.0021834122225239394,0.00011949407416467217,-0.00069211796670354264,-0.043699411304190749,-0.014123227796814741
2023-09-08,0.005966757712496662,0.003867575958818259,0.0039684430475610544,0.0048440616590199603,0.0070763020308035607,0.0025696527320038243,0.0077169046285394671,0.0052686880372248002
2023-09-11,0.0047164856120118781,0.0098668885813912866,0.0048186882164169553,0.00058371067363349738,0.0039135452911183144,0.00041853001572600412,0.0080214523938137994,0.021627225114374315
2023-09-12,-0.020010544820218912,-0.014056015495353846,-0.0086411731076434517,-0.0034601514990134641,-0.0044299201325576076,-0.0091964756299538486,-0.028515274264866441,-0.02511094505978384
2023-09-13,-0.012120402245105022,0.0035390548526037513,0.00098095708159751105,-0.0021694894712667168,-0.0035892850353327344,-0.0016120582983256693,-0.018046187225925325,0.0073469419886715848
2023-09-14,0.010572595811382923,0.0099660887905250739,0.010501031914080583,0.011573826703855872,0.012027369061567317,0.0019298717898603712,0.014971727864647288,0.018157845876195289
2023-09-15,0.004932204301931753,-0.0081551760763713954,-0.0031052614830148206,0.00080607892528461456,0.0094723308761226477,0.016120221730408169,0.0028362718599947989,-0.025434421338547897
2023-09-18,0.013949467213776101,-0.0018750859105276518,-0.0021797777034474608,-0.002885789340226208,-0.014774558696377449,0.00077420505262315586,0.022381484361008841,-0.00083560474036603605
2023-09-19,0.0038836256426599824,-0.0044096815448614324,-0.004430230946784075,-0.0053956724484430785,0.0010944590359776019,-0.0021298385752138715,0.0069669529222255999,-0.0065363341732515012
2023-09-20,-0.019017617471612236,-0.013430123909992764,-0.0083422205884513545,-0.0011816634454050456,0.0078590922134238461,0.0078600619420614581,-0.029023650101126952,-0.027854695607403279
2023-09-21,-0.006189797956946741,-0.015650635261652557,-0.013688573991345931,-0.0081672977500358845,-0.015126607871660092,-0.011294138284471678,-0.010646653246735194,-0.034025183145935389
2023-09-22,0.0041418605796350594,-0.00065902591326116866,-0.0030778457774925938,-0.003732958855912738,-0.0045243607634390948,0.0022920507115826716,0.0066122405290114372,-0.00051915250740386387
2023-09-25,0.0086153799833705857,0.0059813598267426382,0.0052683204674253137,0.0024055171602497261,-0.0080732106145399163,-0.0034054236252686332,0.012310034782514689,0.01073664926840312
2023-09-26,-0.018157257450614694,-0.0097298359333346518,-0.0093822024871623722,-0.0062844518141587091,-0.007505894704281646,-0.0033546699872407659,-0.029919309626377566,-0.024826518767580907
2023-09-27,-0.006818837695283908,0.0044454343082025449,0.0023472784808014069,0.00027813700000467456,-0.00078970317889126562,-0.01298808504385518,-0.011276830783098823,0.0067937201360597221
2023-09-28,0.0076439320637353703,0.01452536406987881,0.012171274355897488,0.0096783913087445939,0.0056536926292354295,-0.00043554602441353563,0.0084113694601628541,0.02294167086887744
2023-09-29,-0.0023804361612005387,-0.0046880897780959829,-0.0080716410151165929,-0.010344302555282181,0.0036573130002719445,-0.012028128639662627,-0.00086553600030758737,-0.0039659430732051915
2023-10-02,0.014567814728300377,0.0080795234193316023,-0.00018082600317581576,-0.0028309717049235239,-0.0095164090794523926,-0.010389439657741195,0.021983735055446818,0.016423072764655045
2023-10-03,0.00022886858298432067,-0.0096298142520589991,-0.0057141822410705645,-0.0043399335369112002,-0.0092124534732187513,0.0049506910335843646,-0.0036873426339076865,-0.027320919520886222
2023-10-04,0.0081213410390534868,0.014426637912422269,0.0089266447694786866,0.0038702627365343467,-0.0021482034447345422,-0.0028341725141404206,0.011778473721301363,0.02804620015028747
2023-10-05,0.0038648790831490309,-0.0062460461495653652,-0.0044290022868787027,-0.0027671223130288913,0.0017530222417849739,-0.0049389366257769352,0.0074519646015080987,-0.0091828003455616258
2023-10-06,0.01094429720474821,0.012941491035000086,0.008181501934602764,0.0050631707861967801,0.0085650923243596466,0.0035366802398391073,0.018291963770183051,0.029634017996122086
2023-10-09,0.0064623664129699332,0.0031179928971518667,0.0043188441692434409,0.0039722752720443566,-0.0056616083872480516,0.0083586018191648126,0.010679658585651453,0.0082082037266979491
2023-10-10,-0.0044266424846622909,0.0044541632676797782,0.0041444990055041764,0.0029640989761126058,0.020877313814115839,0.0048161349844741963,-0.0061010421516047852,0.0099861696861365257
2023-10-11,0.0054411093139852262,0.0046740332968826515,0.0018870995306807803,-0.00072911123768804043,-0.0053974725013269387,0.0039395277657165995,0.0093835691448413971,0.011791876941491974
2023-10-12,0.0032172705528450418,-0.0053033528426258414,-0.0079621080621492535,-0.0070316677752867429,-0.0039192396044923639,-0.0041087775836700091,0.0057431780826286971,-0.0087721611785284148
2023-10-13,-0.0020699378833468618,-0.0043660113100975062,0.0032511322360819772,0.0095376363064441083,-0.013771658067173953,0.039633759143516745,-0.0072590063530247884,-0.017040221676204226
2023-10-16,0.00071544020801939112,0.012765963360535704,0.012084050081187625,0.010991692191530511,0.0028849058150017814,-0.002270357578189941,0.00035143879433841008,0.02408848368568961
2023-10-17,-0.011861292959425507,-0.0063690122202858523,-0.0032040918372080451,-0.0028107151062259916,0.0016523972542774601,-0.0023823433020956353,-0.016240028176837118,-0.0096342019159695313
2023-10-18,-0.0091549601982569007,-0.01486774114631273,-0.01514859895920917,-0.011637976991696664,-0.0099596794917592435,0.015038564856831416,-0.012845901581079455,-0.02796240486001389
2023-10-19,0.001109653612167083,-0.0061099694179262976,-0.0051484514055513131,-0.0042033515655854892,-0.006171602763872297,0.0094961175250094509,2.5687836509025175e-05,-0.015497523999336016
2023-10-20,-0.019169004562640479,-0.019381748719870528,-0.017028190143591582,-0.01270817212512243,-0.014686749713654801,0.0024550707235744262,-0.026487723466657176,-0.034231930685133083
2023-10-23,0.00036554679348999031,0.0026884436047700522,-0.0020114229079839507,-0.0059729087071695997,0.0042542536074661186,-0.003636303914325123,0.00071238825884023527,0.0057050233467503819
2023-10-24,-0.0049628541532047432,0.0021678826274997842,-0.00025534189810072494,-0.0010978194643767036,0.0064955670962612011,-0.0083360113096496713,-0.0037007006878009285,0.011822926339012163
2023-10-25,-0.0065549215459367316,-0.017616395826406173,-0.0074035819531265146,0.0037198020999165138,0.0030864854585408441,0.011493456463206098,-0.013348123609490559,-0.042264274233984045
2023-10-26,-0.022011658708525284,-0.016458514136799218,-0.0091889490732810497,-0.0050199781248799757,-0.0042270649535979254,0.0039159144157177028,-0.034347181088369094,-0.035576414324760441
2023-10-27,0.0082354246235387674,0.0050666951842865959,-0.0045182921582956892,-0.010811327219579336,-0.011767242729088689,0.00081500745412088627,0.012221057795247514,0.0098692320884525842
2023-10-30,0.012498085756154964,0.011457393251542936,0.012292433352964816,0.015739099587018801,0.0044534522221837403,0.003743499338416223,0.018652042912620903,0.022724615059861897
2023-10-31,-0.0021489637364634495,-0.00019503048227587083,0.0015574182327033892,-0.0011755407165113807,0.0092761485400074672,-0.010560044096782462,-0.00074656219121760348,0.0045637058624041771
2023-11-01,0.022199099029073466,0.020812673097534207,0.013942647720232459,0.010076691274538252,0.0055768717889963515,-2.4472059879543373e-05,0.031600222330299133,0.038228493768446059
2023-11-02,0.019926509917259416,0.017388750712107104,0.018158967157271722,0.016399418735474347,0.018589616308314794,0.0022654514846354168,0.030265339286294601,0.035528650245025162
2023-11-03,-0.0081828574832597534,0.0086960087205454339,0.0063956975142398509,0.0035233304460784431,-0.0014904424867890897,-0.00016666690027478115,-0.010765632317101037,0.020409325256668387
2023-11-06,0.003917059638282705,-0.0064977857166433894,-0.0087694693237589938,-0.0092850156279931095,-0.0040515253153222686,-0.015780448219694598,0.011142685902543414,-0.0024613785430482871
2023-11-07,0.015452497527686404,0.01044928550799229,0.0038485677598654178,0.0024547188885626348,-0.0035175162906964097,-0.0066133200991904673,0.022685022603122107,0.019911123639169137
2023-11-08,0.0082792057944143238,0.0030255920040274109,0.0034374041877531791,0.00114760660519031,0.0065073148307412954,-0.0055941687149155817,0.011228733327240503,0.0036710332792926348
2023-11-09,-0.0039582186289406351,-0.0090224988299092423,-0.0092168400105353543,-0.0072215123121222025,0.010338223845516303,0.004784060837548898,-0.005268791697760844,-0.016707925168518489
2023-11-10,0.027329799465624971,0.026589304099938316,0.019849587905310218,0.015563371909833812,-0.0092967842437002846,-0.01234508420877134,0.038986454791371861,0.04916211938574544
2023-11-13,-0.010677680777543497,-0.005224297891518237,-0.002884462878368188,-0.00048299975174637133,0.0066419574876599441,0.0043251512627191513,-0.014960435966707042,-0.0083364253838197344
2023-11-14,0.013179966047740299,0.020412675509734468,0.01817434210852964,0.013010716977324144,0.014376466736048643,0.0072586167065216145,0.02031515499113512,0.041915762858518724
2023-11-15,-0.013232534059202772,-0.015483602861856016,-0.014471580399213813,-0.011000485968648333,0.0024466875701989466,-0.017324524644315997,-0.011736820803463943,-0.014743245153032047
2023-11-16,0.011248386567499935,0.0030442679049276222,0.0036193275218769916,0.0014710964841915253,-0.0046730807747978886,0.013921091804517616,0.015779337460922971,0.0039020510292016031
2023-11-17,-2.9352192770892849e-05,0.00030907702880433874,0.0013795936101246298,0.00041120937841920835,0.0087021644187064151,-0.0012324523613143068,-8.2030259766940894e-05,0.00054215011638669708
2023-11-20,0.0043487875659677933,0.0072313417428555571,0.0025721467807040543,0.0010676331444454679,0.0013934032911278038,-0.0070901867413745157,0.0089652332343159724,0.019346787256439457
2023-11-21,-0.0077715559069190254,-0.0093445074524091121,-0.0055457462489336695,-0.0055399979309079805,-0.0030789298338735893,0.0071619518115844105,-0.0098794778146056306,-0.015133302813273408
2023-11-22,0.0060625349705831777,0.0066426300391941862,0.0066633077371223148,0.0075119384147090962,0.0048405896298098217,-0.0018682140830714733,0.0078241041994635552,0.01074586356556595
2023-11-24,-0.0059197970023265878,-0.00031940970591448625,0.001711769779407124,0.0046126282508482941,0.0051126433132544502,0.00621581775309199,-0.0094256093202629287,-0.0017306470453753997
2023-11-27,-0.0040637595925769876,-0.0039894468967198726,-0.0050500134113558026,-0.0044715813667217663,-0.0036165036755579916,0.001559186614957575,-0.0045360653608018664,-0.0048597457373122932
2023-11-28,0.0015676633832795162,0.00097547056744962113,-0.00065868586471717894,0.0005911739338200217,-0.0016820375010384581,0.012051343182818863,0.0031720471020300067,0.0035920451891207072
2023-11-29,-0.0097040874022463752,-0.0052873739812504539,-0.0050871718995847415,-0.0027992519204458333,0.002542078938857939,-0.00085235020543739104,-0.012397279530304561,-0.0062570448163711267
2023-11-30,0.0060104928229212096,0.00041722266888388759,0.0070364921267844771,0.018068523554391147,0.0044816731219736727,-0.0014706743380856757,0.00754638476940106,-0.0021042635921947328
2023-12-01,0.014337123111326067,0.010371107476309982,0.013498743381778588,0.016030590903518993,0.005312896314542126,0.033002416384542377,0.017758197274626353,0.013247240167894692
2023-12-04,-0.0091084758758377404,-0.0089272379111881017,-0.0050480491440736408,-0.00077023424826572207,-0.0010511050692958435,-0.02237926576519822,-0.013842434076402954,-0.018213916347669445
2023-12-05,0.0258103553281257,0.0071716961290737569,0.0041206842338479266,0.0026267079782822389,0.0083301621310387652,0.0017468186570004374,0.036390911106226609,0.0096941484862234084
2023-12-06,-0.0016244490454834226,-0.0017217094999005811,0.00019114126022024003,0.0021714155913477029,0.0063191633629844368,0.0098057396458990365,-0.0044796083878082538,-0.007529288638967957
2023-12-07,0.012668797757349193,0.016511360668405972,0.01065285878862321,0.0041972836191157548,-0.0013250787778508188,0.001769760623251182,0.01775117045286545,0.030518668970495488
2023-12-08,0.0050370097044496465,0.0020883663756185999,0.0017511452827441154,0.0011988111138092616,0.013844920169725938,-0.017909471571308067,0.00873444695843828,0.0065345975547645985
2023-12-11,-0.010509171550471152,0.011012715894453295,0.0063885062530195658,0.0067840571891832901,0.0019344801083351904,-0.0079006724738325262,-0.01698865180562048,0.019575642829078976
2023-12-12,0.0078440794701966077,0.0078883929034936351,0.0045641022698117428,0.0046405777615927679,-0.00025551908773080445,-0.00032606179538885449,0.011803764546761464,0.015852076489920819
2023-12-13,0.013670346340883155,0.0097077694584772889,0.010657403042186875,0.011531514996139913,-0.0018176936774986219,-0.00092072748420346517,0.021991348252051512,0.022387196398407694
2023-12-14,-0.0072826150778209087,-0.0088939136105585792,-0.0051792335468140438,-0.0037911796680640819,0.0058614676072019645,0.015606588808164235,-0.0069068717093021537,-0.0097537254062585177
2023-12-15,-0.012474806031514518,-0.0049891247497831914,-0.0097962182330288972,-0.0094220235990269963,0.0040450831564249334,-0.014230913718512817,-0.013824277857614198,-0.00020238712025177907
2023-12-18,0.00044557363895414426,0.015381235666051651,0.013606739047844041,0.0099733056190447478,-0.0048176486766295934,0.011404985561344505,-0.0038445235705373282,0.02173670327416688
2023-12-19,0.0027315640988090362,0.0024814833059429997,0.0033161938376855549,0.0041237750064750944,0.0012456109600804677,0.0030552536865706692,0.0054047513071848741,0.007577776929828639
2023-12-20,-0.015868841793115318,-0.01999297832102287,-0.019702355853640441,-0.017661986797382734,0.00028270199251512196,-0.0073436651595486513,-0.021197951911454571,-0.034775335085609371
2023-12-21,0.0024558606816142969,0.014901412367219535,0.013564993159681293,0.011561748413400963,-0.00045223848344599915,0.0049922013179590774,0.0020695872050522368,0.02657441709970132
2023-12-22,-0.011011738743731625,-0.0040071714957786719,-0.0038426750800482079,-0.0057079358478642206,-5.6528417288648214e-05,0.0031349241323699317,-0.013770186950424979,-0.0025195006612127591
2023-12-27,-0.005651579571135823,0.0048079418243502925,0.0024007176416480647,0.0040244566915808022,0.0014140455165794208,0.0082257737880042647,-0.0068110737695556978,0.012975515258560888
2023-12-28,-0.00369474243472101,-0.0063912277461075639,-0.0054288475338654107,-0.0046676572565527152,-0.0061849181723800939,-0.010467520444775946,-0.0025880770768643702,-0.0068743823417809491
2023-12-29,-0.0017893666544717135,-0.00068874330861445898,0.00086763105257836592,0.0032291516829905387,-0.00014200777530515296,-0.0019813172683663671,-0.004511416635047838,-0.0050322199239091203
2024-01-02,-0.033214404258374852,-0.01429993906789484,-0.0029769291945294096,0.0032529117524777718,0.00093781810600424009,0.0034417674064528558,-0.051155357864754114,-0.031267381090172575
2024-01-03,0.0013099233430009516,-0.0018111014225502542,0.0008184335764502837,0.0011589465118118092,-0.016582419745180599,-0.0060250304724535075,-0.0024671581345108162,-0.012486289143125329
2024-01-04,-0.011436147244451522,-0.0038730703221342422,-0.0020211368757134807,0.0021629855286084965,0.0053416116914737355,0.004809214673272777,-0.017794297158753136,-0.0090262932284203012
2024-01-05,-0.0057979372348941904,-0.00060810065566541116,3.137749097392728e-05,-0.0015256542316091082,-0.0033028426336322303,-0.0018895219343784131,-0.0078008260625826997,0.00057595826818568341
2024-01-08,0.024656958108178584,0.021148451480328401,0.014610209621318537,0.006346013951056495,0.0025069676156328491,-0.007485014562551906,0.036750063271850708,0.041826155179822244
2024-01-09,-0.003125791422426083,0.0011093876088386079,-0.0021998228134464393,-0.005265721675852153,-0.0032767734926623104,-0.0011100468499586347,-0.0042564981839606775,0.0030831531170332216
2024-01-10,0.0074444268458797591,0.0085526444179042649,0.0074551242879297153,0.0064891973012106696,-0.0003459706302286758,-0.00079907419595626195,0.010285036253284918,0.015342080804739977
2024-01-11,-0.0071018756249938697,-0.0018193016135683582,-0.0045244830724789908,-0.0033105281358608574,-0.0049618024078205147,-0.0081165749519749308,-0.008706821555131361,0.00025338053758239276
2024-01-12,0.0011844351604906045,-8.0039236205031727e-05,0.00024316939504664958,-0.0039313366936249983,0.010610881304223163,0.015443931194199179,0.0020729486349833071,0.00043251331608451515
2024-01-16,-0.0090739040803637927,0.0031857570646869338,-0.00044558831970897828,-0.002721549598549089,-0.0080897755523645642,-0.0071816884218165455,-0.015252614069803938,0.0030879982308580356
2024-01-17,0.00094594455981877879,0.00047576545795924297,0.00052068886228973099,0.0036199996233901022,-0.010671818977459946,-0.0055941542256313648,-0.0016567620877945277,-0.0051998269391280161
2024-01-18,0.031907865696892079,0.013543375242395017,0.0082392772503030454,0.0049622118818977157,0.010611522464315515,0.0068789763937122661,0.048182660602031246,0.027728474598175845
2024-01-19,0.016152125540559448,0.020452696500163681,0.012988883533808337,0.01130219842456559,-0.0041942802160088721,0.0044207935593825187,0.023923402700094742,0.040295821778838947
2024-01-22,0.010941190926585076,9.6601398889450962e-05,0.00098305857181402168,0.0026706358136319164,0.0059548550185610782,-0.0047021676903733489,0.017015587083772266,0.0014008041855679831
2024-01-23,0.0077714677170808155,0.0052652442032619096,0.0040582301043250446,-0.0016018752733051311,-0.0025988320071502757,0.0028932572481499275,0.011101705733129741,0.0094194967215408543
2024-01-24,-0.0014346152314697047,0.0076170394036836342,0.0028796838792066737,-0.00045543538223402624,0.0088011595283605804,-0.0027911897460956014,-0.0031801114643168482,0.013177701573143352
2024-01-25,-0.0038862808567047269,-0.0009748311561775802,0.0031120990668556114,0.0041143588314505042,0.00060266631400751614,-0.0013023727197375434,-0.0047327734200500737,0.00024363341765809565
2024-01-26,-0.0058423896692311184,-0.0027775477181672947,0.002546541121549728,0.0048074425063351356,0.022514765731358688,0.0029506083408479267,-0.010363182356924017,-0.0087542911424887127
2024-01-29,-0.0032615677325840142,0.010569314246011707,0.0079017367986780052,0.0061527079334022794,0.0013463951748484693,0.0043419728788607337,-0.0050550568686138497,0.020813217952547314
2024-01-30,-0.018426956679361339,-0.005827021404684718,0.00031484930378145037,0.0039158618328030137,0.0055463189332141116,0.0038492543757004949,-0.028057935467130313,-0.01248904370554571
2024-01-31,-0.020165094228606906,-0.020393447688227817,-0.016885439893684073,-0.0089315527690362329,-0.0033985523979713772,0.0074886484538285725,-0.029835926567912563,-0.039963465826460487
2024-02-01,0.01704354149167675,0.015472644194995055,0.016246953601539049,0.013470600063862692,-0.0078267667938907159,0.014776615857243547,0.023738210018985351,0.02729108395293145
2024-02-02,-0.011874058030201251,0.010286728146992941,0.0041578385179183996,-0.0030985329722756916,-0.00016905251385812559,-0.014850701179049075,-0.014559116821950324,0.027077396740688098
2024-02-05,0.018709011987209534,0.0074591070985452479,0.0055714201132062158,0.0013619044109329792,0.00039448673084230279,0.0034709754171515783,0.023675572269256984,0.0061423227739767494
2024-02-06,0.012219898460962497,0.00154284010071426,0.005904828944010676,0.0074816635302754619,0.006055830847184529,0.0077328510557441721,0.016551168733590416,-0.00047167771427836236
2024-02-07,-0.00084833859225041941,0.0088468483173156365,0.0068141720377956627,0.0026947346018928453,-0.0037795600869312551,-0.0012826110879479158,-0.00055817412650849274,0.019122364158365546
2024-02-08,-0.0074659618496721869,0.00012763511096469671,-0.0010249264421809956,3.4489657345870839e-05,0.0076159937906510322,-0.0035700405358309872,-0.010338372142833618,0.0019764114852787174
2024-02-09,0.0039532691539758691,0.0097016838299037733,0.0056970558951896511,-0.0017666200764354656,-0.0027890465182615065,-0.0046318481590872373,0.005999921076018877,0.019543402349917471
2024-02-12,-0.01092439656171551,-0.0058448316420950386,-0.0028740892995858802,0.0016475648830140965,0.006097177792048436,-0.0047303538543341794,-0.015416643785027384,-0.0097497611690980923
2024-02-13,-0.0088933832407938063,-0.013226760262245341,-0.011181721139783107,-0.011254890212627378,-0.0083954729261692673,-0.010313267111877633,-0.014544034832108421,-0.028861440466325772
2024-02-14,0.0010757593850203584,0.016875759354160413,0.015740085617461208,0.0097765533780960201,0.0065601674146340549,0.0044606774137243566,-0.0013433467883589012,0.027837546976542393
2024-02-15,-0.0037347443013031612,0.00080803479903956976,0.0038717857284042978,0.0081192639220224461,0.0083835368780638131,0.0031139555138131048,-0.0045205058646449192,0.0037792907726983405
2024-02-16,-0.012271814923267343,-0.012906931386341802,-0.0085012994486380888,-0.0075951789257349134,0.0028724284379477716,0.00067409345626701089,-0.016470634211152579,-0.0219396864251864
2024-02-20,-0.0042533597713972915,-0.0076869819727168887,-0.0061090466254971609,-0.0014344684750029479,0.0044067220371610816,0.007615424828079087,-0.0063100102358882859,-0.015233905103018919
2024-02-21,0.00068013832257118878,-0.0074791209749638377,-0.002186958138903683,-0.0025612495045533867,0.0016451659130158891,-0.006178269744108178,0.0027658779246053644,-0.011466901068430402
2024-02-22,0.010565871294641926,0.028585644545840339,0.020491481756698793,0.010952481557080285,0.012127372816096438,-0.0024389016287059695,0.016184001721804453,0.05784167865136336
2024-02-23,-0.010516213069330482,-0.0034300937472752091,-0.000117472948277908,0.0014067891645688224,0.008249494324590545,0.0087172011812710615,-0.015530850489556047,-0.006373249265671066
2024-02-26,-0.0069354362533110558,-7.3737404997498146e-06,-0.0032316457641715646,-0.00093816946488045616,-0.0057676355426588,-0.0046063612944615695,-0.010663000750551599,-0.0005344402221689748
2024-02-27,0.0052455561660627037,-0.00044735180983457301,-0.0011288474716535379,-0.0055251651915351196,0.0027521771472029943,-0.00030261355737537521,0.0092911976194949286,0.0019510231211317119
2024-02-28,-0.0060648884370947398,-0.0047633309981280902,-0.0010011776339590162,0.00041016018750039684,0.0004304929421325987,-0.00012106225030972251,-0.0093794497307655433,-0.010090896146503603
2024-02-29,-0.003141886560980689,0.0091273016286215203,0.0060014084486852415,0.0014517969815441845,-0.0029585962734982596,0.0064309351106166535,-0.0049893838063935769,0.017701495327397732
2024-03-01,-0.0029170607331164833,0.018236459772276836,0.011223932055336894,0.0066309784692917262,0.00029677871606770267,0.023149195352335061,-0.0059418101942643187,0.033340481355374374
2024-03-04,-0.028771869223778168,-0.0070348434222459177,-0.0046328832938836717,-0.0062292615291819065,0.0021843387244482315,0.011071383729478468,-0.041418209435748476,-0.010590498044653951
2024-03-05,-0.029557930342857253,-0.019078272978309885,-0.011306921846158002,-0.011490365581420137,-0.0023141525766041671,0.0061788317252950975,-0.043762218024983923,-0.037007190978016302
2024-03-06,-0.0059535417555219849,0.0062072793829504036,0.0051380734764567837,0.0024869802465330437,0.0023195203004839904,0.007533522428037509,-0.0088923184995333138,0.012490547033400246
2024-03-07,-0.0047018485149786793,0.011122522325553108,0.0064065699064628223,-0.00072786670036939505,0.0081266337466554539,-0.00076450641017822285,-0.0050552764921740767,0.026240037211694656
2024-03-08,0.005567965317991197,-0.018989696773796361,-0.011049615826954073,-0.0057998954525174673,0.002375632613624612,0.0047108221248035598,0.010662672523662486,-0.033357944454241006
2024-03-11,0.012496492335701159,-0.0030582498223256094,-0.00046362535274646621,0.0017659283036595141,-0.0017309519605979151,0.0020764155029597831,0.018416238923612882,-0.0067734988045289324
2024-03-12,0.0038427776016380921,0.015411818821663203,0.012307381576369902,0.0071694524128047554,0.0085360569697294775,-0.0092299386032366204,0.0052334071189683584,0.029762119076348625
2024-03-13,-0.011798452069189058,-0.0073607250734507579,-0.0015555317880869834,0.0014290300616766061,0.0066917630060718825,0.0071165126071595086,-0.017861637995899793,-0.015049369931133372
2024-03-14,0.0083863551483063237,-0.0050284155519285667,-0.0051322189241660432,-0.0054455305094911477,-0.00068313959169796767,-0.0085967644379538743,0.013836228334438205,-0.0075434398798993607
2024-03-15,0.004395106711587049,-0.0053592591633817577,0.00011366032138604432,0.001077875837260045,0.00092020106618972974,0.0038195961456120031,0.0032896356293481421,-0.0173245672028286
2024-03-18,0.0064491785323868012,0.00961445881625278,0.0064055798221893667,0.0019628906833679682,-0.00131335007778699,0.0013717588966961625,0.0096356473847372115,0.019152676804819357
2024-03-19,0.014390145057779025,0.0032879171249167172,0.0064478988198901632,0.0089765551979537062,0.0080483890629960975,-0.0013327643274723133,0.021188033765764835,0.0057814666080251431
2024-03-20,0.015702460579973598,0.012846958504279415,0.010024567478584157,0.011451900220643463,-0.0039659872253526851,0.0015812802282177962,0.023064324372148004,0.024715184012933378
2024-03-21,-0.047338586476454947,-0.0020570162189063046,-0.0035194671565590419,0.00018317851147586772,0.0021480780866753868,0.0041359185963780742,-0.067629330848696823,0.0026430652941591415
2024-03-22,0.012237348355102817,0.0080424424518819038,0.0055289960979021391,-0.0012607124463942521,-0.0030844842356060331,-0.0044932057578389584,0.014910734390959801,0.0091943086203756241
2024-03-25,-0.0032698841025772252,0.0014250914017861493,0.0020015580045955605,0.0010474339054280524,-0.00010492467828437935,0.012703739343255416,-0.0074411648629868488,-0.0022224946146695013
2024-03-26,-0.0094851679890676222,-0.006060136564295604,-0.0056223077992623161,-0.0030852251687543131,0.0041957269667414199,-0.0024650123584133432,-0.012811965279919457,-0.009288699721227256
2024-03-27,0.021766004962093133,0.0039497366139988888,0.0092977606284216918,0.012537752566611271,0.0017235570663549638,0.0066999791661077612,0.032378066199642674,0.0073575907410035057
2024-03-28,-0.0088229359463981583,-9.1654478491021152e-05,0.0029037278106625042,0.0022587249513570384,5.2109002486533385e-05,0.014010308060508292,-0.014111822898901005,-0.001938146915589023
2024-04-02,-0.0084109107164408448,0.00051578395338225391,-0.0021791007323894718,-0.0084268676880407956,-0.011000492424302899,0.036342679339248951,-0.016118451514246845,-0.0060988021603226583
2024-04-03,0.0018737254878569143,-0.00067185973415662126,-0.0017745841272329699,-0.0038518128838899157,0.0046126267288428835,0.01159777378659288,0.0042654803223531879,0.0015660647128223903
2024-04-04,-0.01130049849012138,-0.021631861720430523,-0.018571174452808648,-0.01974623329760361,-0.0017840952502292673,-0.0092292980016217552,-0.013730945943162487,-0.036824119856821769
2024-04-05,0.0046215933399054165,0.011904586371457082,0.011223141615473997,0.0074773943776755836,-0.011696051843065103,0.016105510850947136,0.0068727691632421983,0.023689931049682311
2024-04-08,-0.0060606438525889761,0.00090219590700146846,0.00024954419755673918,0.0012244172659172659,0.0081112785362973394,0.0029960600318437169,-0.0093944241476309198,0.0011974750765075814
2024-04-09,0.0041660369432807709,0.00063386824702105216,-0.0014699742401165228,-0.003720513310858764,-0.0083362407899371105,0.0017798642956903254,0.0077761976606991468,0.0043220209855983072
2024-04-10,-0.010741721844308438,-0.0083299252866579909,-0.0090405106098109256,-0.010738156391404297,-0.00085130737940108947,-0.0055265586910608899,-0.016313583091619566,-0.017061851223630686
2024-04-11,0.054690667575262975,0.027089065916669819,0.018497590564449995,0.011025341928524668,-0.0030351824816630124,0.021406950520515444,0.076562904844537094,0.043231938796625347
2024-04-12,0.010024328484299128,-0.014578152881523199,-0.013069157033548717,-0.010775815705662217,-0.0013886537281753153,0.0019766253564872382,0.014343642326902328,-0.03054200656213879
2024-04-15,-0.01477064171387299,-0.0093190067755906103,-0.0048444716603427418,0.00046342533059129387,0.0035567997922132388,0.011027243675581389,-0.025781618874486822,-0.025889326158536341
2024-04-16,-0.016963144240052963,0.002340170754516091,0.00018720226467183743,0.0040269408876927315,-0.013510631463210743,0.012677603535151905,-0.026568289806050638,0.0024331946170894625
2024-04-17,-0.0077470908869406996,-0.011802499967413116,-0.0053802948437904341,-0.0009992394209121791,0.0070503731898894362,-0.007656754062788651,-0.011822489813402282,-0.024008706900808474
2024-04-18,-0.01018158675909997,-0.010173700509061856,-0.0066280359575480174,-0.0034640636330645069,0.0054989763349597709,-0.00049148136163212897,-0.013025934831649155,-0.015854510404121891
2024-04-19,-0.0098727291367803893,-0.018369517737741203,-0.0063624376026527596,0.0080966696888487011,-0.00016007786317528971,0.008973140260818413,-0.015993438183101394,-0.039107724431344359
2024-04-22,0.0037644171353594658,0.0087234736526642376,0.0073999994243918454,0.0054376937604243558,0.0055764463640577411,-0.029205887563408917,0.0063065784969247307,0.018766852893099761
2024-04-23,0.0067882461975796726,0.01532312511270062,0.012384731119664538,0.0073274559547316098,0.0083846819781565607,-0.0014389300308728092,0.0099852173034840064,0.030251946239630012
2024-04-24,0.0079444213853876455,-0.0013265995383286988,-0.0044817127924621225,-0.0061978498856049002,-0.0023418771212627698,-0.0062708308745513808,0.014265827842279144,0.0020451924517381759
2024-04-25,0.0055668868279579176,-0.004414449051154401,-0.0041417211193752745,-0.008742557042200394,-0.0093366763287551224,0.0021715694723964951,0.0081416002129217624,-0.0092463581603386968
2024-04-26,-0.0062346320728882132,0.01261760989510452,0.0074260050185313009,0.00086756178207414436,0.010489630159923546,-0.00077053230501000769,-0.0079662708701363494,0.028006574268600426
2024-04-29,0.026985323671729233,0.006193464706616636,0.0053612657500177185,0.0060303442412148467,-0.0027665222465537154,0.0066074919603702487,0.039415699188196207,0.010262356774437542
2024-04-30,-0.019080217616774697,-0.019665069060291085,-0.016505898652371731,-0.015585512696167592,-0.0055745982473552891,-0.024048303212274247,-0.02820809954563297,-0.038505684361524906
2024-05-02,0.015296437549033204,0.0048911051071811595,0.0051344818047245333,0.010290650382729138,-0.0088472112342374842,0.0023613884175577304,0.023118028559850901,0.010144222586981
2024-05-03,0.058679760028077954,0.019004601612944372,0.011520988660322029,0.010792504713427631,0.00600436993790332,-0.0015047547405917516,0.088555761845614311,0.039081446832883282
2024-05-06,-0.011414382950591828,0.0085989490501305887,0.0080004655738781238,0.0020045629096108186,0.0057821176581558387,0.0074376441319419229,-0.015957086681376298,0.019526873589284177
2024-05-07,0.002922434538019214,-0.00071269241507521119,0.0005232840116324855,-0.00012565213289328359,0.009457663602876254,-0.0038715433839864311,0.0048193591020677662,-0.00055397024007319828
2024-05-08,0.0034497103606996316,0.000991610021905176,0.0015783844498451494,0.0060659240873996989,0.0081881239215977342,0.00076406775522452897,0.0043831629432258268,0.00040041484816444317
2024-05-09,0.010350820363232094,0.0025153904175103659,0.0056203483195158555,0.009350703678663308,0.005882911355953313,0.0080867355669920205,0.015359622335256562,0.004697564415837352
2024-05-10,-0.010412069427694681,-0.0011965386184706883,-0.0017464550918346866,-0.00056174790711338574,0.0054345765865515538,0.011228172360392419,-0.013844912804995113,0.0011533054361523298
2024-05-13,0.019039184858467229,0.0036801895386087136,0.0011423431133439355,-0.00045498135572596965,-0.000386064789173024,-0.012122446123490338,0.02787393083940537,0.0059906861806275913
2024-05-14,0.0040168006544063495,0.004275063901165721,0.0028329531649611273,0.00068995835536700412,0.0022143453708896033,0.0050540664421594439,0.0070969042061295173,0.010693534251370318
2024-05-15,0.010251400054308135,0.013657008015933503,0.0099379405812805022,0.0073922037507472282,0.0023892943461860661,0.012859511856676775,0.01634850586353398,0.029256827596010337
2024-05-16,-0.0062822956990422618,-0.0089275886410793426,-0.0087738371907939428,-0.0070844687279547625,-0.0049723254538361905,-0.010808274325428746,-0.0059682281256491221,-0.010944746436330477
2024-05-17,0.0021837396742305781,0.0015377285138722385,0.0032349099323358832,0.0053786471761461119,-0.0022924344553389986,0.015424936311504656,0.0022628926616024003,0.0010500233282573213
2024-05-20,0.0054515664881116255,0.0062613421684112325,0.00029409804231494974,-0.0053284998985329013,0.003098105661584194,0.0080159155089998269,0.0085305226433007864,0.013229030159089383
2024-05-21,0.0082149285606214484,0.0033076544202634839,0.0038792142975456745,0.0030588944266589646,-0.0055079581595861571,-0.0038255982763086838,0.011648132485772456,0.0052667881302084218
2024-05-22,-0.0070209716654449084,0.00032353408122953731,-0.0021736191077446065,-0.0047976297120746469,-0.0037268305936373203,-0.013088984838172002,-0.010792110473679672,0.00012576221143389965
2024-05-23,-0.018348294023158962,-0.0017425437096834084,-0.0045956106930805651,-0.012400009757076336,0.0010391197983434797,-0.020573473979844104,-0.028906509028448379,-0.0062532234067868009
2024-05-24,0.017765544793233001,0.010625378184635936,0.0081909113563156666,0.0011069773622554013,-0.0002854959636076071,1.6255759351935239e-06,0.026069231632370071,0.020092585254313233
2024-05-28,-0.0044780963732833357,-0.00076982133071934467,-0.0042813780687301906,-0.0097292122728704911,-0.0029072660361318947,0.0048506837313964102,-0.0044519039851199649,0.0029908384881707217
2024-05-29,0.0025037764547901631,-0.0061316202932576447,-0.0064391185140794116,-0.0094310788530826972,-0.012417926455947303,-0.0055753945753730383,0.0032940143412614198,-0.013186541268362606
2024-05-30,0.0099132551810412473,-0.0061293512300537589,-0.0012665311905942778,-0.0034643552700509561,0.0052194026547316419,0.0053631682690631344,0.012553032165413036,-0.016892403672405187
2024-05-31,0.0019027854321558291,-0.0049545241294595144,0.0049960913888595915,0.012710211671121963,0.0017832532056492045,-0.01161006010568566,0.0044042252855536201,-0.0068089539842799418
2024-06-03,0.0076184686773059784,0.0037352533740675486,-0.00039286611508804192,-0.004948824706298538,0.0011517687499194018,0.018317335528486245,0.012240350104697706,0.0090958009256123518
2024-06-04,-0.0033405672152193588,-0.0022585852959373653,-0.0034322476843380301,-0.0017096639893618981,-0.0082363350897201038,-0.014178793789173971,-0.002520080008499237,0.00046437103678509395
2024-06-05,0.010184459181467709,0.022552257252332231,0.014235725598301219,0.0049833612285599127,0.0089902346566805846,0.014343911980904567,0.014104135640871096,0.042759408242002861
2024-06-06,-0.0064267232606073366,0.00032899578924983075,0.00048761035119215812,0.0027349631615987136,0.003788781534596275,0.0071617947229842827,-0.0099773932447903002,-1.6625129258818205e-05
2024-06-07,0.0105424662593534,-0.002709907766198616,-0.0027580844600666454,-0.0039801269672018469,-0.0039306792774636001,-0.029339254780712087,0.016727101334469419,-0.0035930116415187063
2024-06-10,-0.0086329565140504938,0.014802456838315603,0.013413671870486921,0.012801320465057442,-0.011890710142818173,0.011589431352265533,-0.018309432169876128,0.018884918879030099
2024-06-11,0.074105898909321288,0.0082303344932146416,0.004080674109211424,-0.0020375706742911115,-0.01317114732993907,0.00118609536461034,0.11047975738904792,0.015102487036561474
2024-06-12,0.03087038306800638,0.015355189172742589,0.010773493627759034,0.0015054171199937461,0.008897961245121655,0.014375957317180443,0.045191434883694148,0.028482098908855003
2024-06-13,-0.0012800618758275206,-0.0013506333811532656,-0.0043926713090270963,-0.008809939451440818,-0.022261216363879344,-0.022256733459273037,0.0014470573606604198,0.0040330335864966482
2024-06-14,-0.0013044914050822642,0.012137562125195567,0.0067716272352718043,0.0058274667670734637,-0.025892493650808146,0.020430072085475981,-0.0054169577798084401,0.017354682906021379
2024-06-17,0.023164579340093416,0.015717541714913796,0.011240985116047097,0.0089300035868733474,0.0093436833315085899,-0.0051600849211280719,0.03303400046911098,0.028009346347769304
2024-06-18,-0.014530336954847289,-0.0032771601503531755,-0.0010424081509446959,-0.0021491277348559823,0.007543904385057143,0.0040728396727478522,-0.020002872790052861,-0.0029690550162699836
2024-06-20,-0.022500809565331514,-0.008709868539663046,-0.0035259134080640742,0.0065122971265247909,0.0079537293869702541,0.0083975698705125446,-0.033246393379820827,-0.016410095142973757
2024-06-21,-0.0062738717837119706,0.0015240107733172081,0.0026980120963198129,0.0045840973163293608,-0.0057413005988965482,-0.011808781028103676,-0.011518101511003964,-0.0011665661242376002
2024-06-24,0.0048832614335738711,-0.0096594217689981443,-0.0012600162006634053,0.0085032360910470839,0.010892140116102844,0.0074173065790730242,0.0064523290780378328,-0.021063969682642902
2024-06-25,0.00025983492792192031,0.0071981031345091928,-0.00027360483337435237,-0.011671579156524836,-0.0059830167586226723,-0.0099662848697837925,0.0024845489328249037,0.018585799350902876
2024-06-26,0.022193755938146209,0.0042269169633846193,0.0037356046796028775,0.0027211703736023107,-0.00601902870825477,-0.0054100787935944528,0.032211979695453197,0.006296525503237449
2024-06-27,0.0067600061353108032,0.0053515317945895813,0.0036841084808005853,0.0035833901118025313,-0.011179229214963171,0.012906976363191047,0.0087584568750325165,0.0079399589333113418
2024-06-28,-0.018859671342945528,-0.0078258414004355181,-0.0065990217770847126,-0.0037436349431152482,-0.0060408532414513161,-0.0013681778415783885,-0.02696516007058547,-0.013002988913205948
2024-07-01,0.026536842545288986,0.0033554363125101183,0.00020491869158978382,-0.0016536342080653021,0.010844715655094816,-0.0027935953127822266,0.04105279487906377,0.0092059347472812636
2024-07-02,0.016065326779395761,0.010326142348037859,0.0060268731034409662,0.0045021351841962876,-0.0040817125244301256,-0.0025228855388045313,0.024183868449094037,0.020824041256076953
2024-07-03,0.0047526333345249139,0.0072760033902843357,0.0040557474658580173,-0.002220471698862414,0.012876966902105602,0.01435959409364318,0.007655101062596037,0.015604308902186448
2024-07-05,0.015734848236020449,0.00460566464703005,-0.00018582128267985443,-0.0035592322663594578,0.0060968824215734685,0.0061141182409973904,0.026482794926973474,0.014972374439945479
2024-07-08,0.0051131956191043937,0.00095860860557328564,-0.00036942757740210386,-0.002024862700863661,-0.0059784565336084006,-0.01565972926872794,0.0083779340952780945,0.0033334985443895793
2024-07-09,0.003318603932785269,0.00040956572325567819,0.00031014411529861619,-0.0017759018467183862,-0.01722292239047718,0.0014060855973325737,0.0052052421631365586,0.0012738039744286667
2024-07-10,0.02032637325631681,0.011936735620994288,0.011838456239829265,0.012505077708156342,0.0099028896471331507,0.0064854804575906755,0.02974221362506424,0.022378778723167292
2024-07-11,-0.024889898153011458,-0.02360142311651825,-0.010419450520720908,-0.00077871048967304013,0.0072166653462419905,0.015994310028645264,-0.036480498878110224,-0.045494149530222461
2024-07-12,0.0093744239624218295,0.0022243480630432799,0.0018683658378892964,0.0031112944443383306,0.012716387330452772,-0.0041228660104619674,0.015876238701811429,0.0080779016424437078
2024-07-15,0.015549320217953522,0.0015104444653448734,0.0017495199817192386,0.0039155198733518137,-0.012205650411935109,0.0022091589912811571,0.023911126817981021,0.0041951819127912238
2024-07-16,0.00031953197525314003,-0.0010872331325495477,0.0049112007908052036,0.016646935843059429,-0.0067523683866941298,0.014522441637194738,0.0012140798208590819,-0.00070490254913979644
2024-07-17,-0.025380841723828707,-0.029439468850236961,-0.014002265766681954,0.0054534771675762705,-0.00011013726946462743,-0.0032881570779712543,-0.038027690139361581,-0.058791792807711296
2024-07-18,-0.023909350062833234,-0.0081614377144157979,-0.01122971047733845,-0.016049526918635482,0.0012937566920485644,-0.0048631577950188909,-0.034141406277791053,-0.012877637795914332
2024-07-19,0.0041266015986596294,-0.0053503876580176524,-0.0035597568831415849,-0.0052829448855854499,-0.0070101460294158535,-0.019864823050781633,0.0044176013393981695,-0.01424537743321741
2024-07-22,-0.0013425870617643776,0.015119098970059364,0.011054943741622525,0.0031967873557956494,0.0117660937069477,-0.0016163892754804676,-0.0021229269922722338,0.030020105140867281
2024-07-23,0.0055534519360151968,-0.0026666441715510469,-0.00069851424956424157,-0.00077335555696389502,-0.0029278786762229059,0.0061272718334766108,0.0078996374931581403,-0.0061943691648312926
2024-07-24,-0.02525340478146354,-0.032395102027317657,-0.019614552382500539,-0.0083843227379694074,-0.011169288121717691,0.0071064276572125884,-0.039682359413460988,-0.068394708537167115
2024-07-25,-0.0037787517806751048,-0.010008212324137844,-0.0041077518929437673,0.003089684900672296,-0.011573040619134445,-0.024743942112700701,-0.0061835326887361708,-0.021047234683722271
2024-07-26,0.0010746379801291894,0.0091608453349087959,0.01006287263995298,0.015119244461178738,0.012382368569680891,0.010588096884573073,0.0021539380668242902,0.019405652863079492
2024-07-29,0.0010564579763829851,0.0017804383178845473,0.00059870184753263445,-0.001360678398742432,-0.010150907799773679,-0.0015715483150386955,0.0016986379602643709,0.0037887786271495472
2024-07-30,0.0057434802575475619,-0.010605600787229941,-0.0018023688144385153,0.0078694762497071302,0.0043430260565531231,0.014644717769638715,0.0070305510607817645,-0.024380540225539038
2024-07-31,0.015309389741370971,0.029916758803049337,0.016189734380541498,0.0029656528744035349,0.0081740621453485485,0.0092562960313280485,0.022807193625997924,0.059519735633980941
2024-08-01,-0.017463413197549404,-0.024928563504125534,-0.014368012063580293,-0.013592026559803294,-0.022663131138265569,0.021637024818942807,-0.025832775377270689,-0.049132438170144566
2024-08-02,0.010258900323243836,-0.020448581881069572,-0.015064447953845428,-0.011812708499733371,-0.016025422242345155,-0.001082751142242433,0.013705236315886271,-0.044263392100097665
2024-08-05,-0.05891760942832569,-0.040774159751286176,-0.040883286626108184,-0.036987656511760392,-0.013495179626553999,-0.021462759415455501,-0.082729102149587286,-0.070253695516770076
2024-08-06,-0.013378486900971098,0.0058541713317545874,0.0066635689209255666,0.0044478008153847615,-0.0027125919835059298,-0.0088831653574282798,-0.018234739011044221,0.015374325344334139
2024-08-07,0.014793225821693623,-0.0085875404531039479,-0.0054518249413567643,-0.0033620767573623311,0.01918628275506129,0.0025964096473756193,0.021056467271026058,-0.019441823829236982
2024-08-08,0.016455793594217338,0.030410832742033156,0.022871184692813573,0.017229480283663001,-0.0025827231116772875,0.012526589521559162,0.024771067354526277,0.060996419410466629
2024-08-09,0.014887887399192667,0.0063647364004835172,0.0059348423721281574,0.002735267630496363,0.0032511138044584165,0.0052412176803624533,0.021763617634870558,0.011593045873130814
2024-08-12,0.007305957198491031,0.0023286426733728494,0.00035476533293055112,-0.0033183436170040048,-0.0030111713637110959,0.012548600931194365,0.010871553477145968,0.0044825207055647631
2024-08-13,0.015105884127728064,0.022710135375385798,0.014770872289364245,0.0081364853206509213,0.0034229680221598002,-0.00053730070204749403,0.023684715354577168,0.047472049076741518
2024-08-14,-0.0035002705547286794,-0.0052003182758837418,-0.0016900831447806963,0.00022704228920300551,0.0078260128812195351,-0.016666048735116346,-0.0024889789568423026,-0.0048777828012663837
2024-08-15,0.012037034352957887,0.023752359735809581,0.014929004772037402,0.012976803677013926,0.011974787431301648,0.0036404134462690863,0.018792355066353572,0.048978326545452422
2024-08-16,0.0096297191992600339,0.0049798918852288487,0.005828443813036932,0.0066270142108619812,0.0044409733536239226,0.021972100992998289,0.01259984798781133,0.0062703221483000338
2024-08-19,-0.0054447297212871781,0.0083333810775014783,0.0050429352617633594,0.0010590047224476873,0.0066599217034879477,-0.0033676517126922656,-0.005796963851704473,0.021407023615455767
2024-08-20,-0.0028161245507811739,-0.0076325556403561423,-0.0074887929160207811,-0.0068823336425231085,-0.002056971689758047,-0.0019063169839900196,-0.0014513938105950031,-0.0097195252495588802
2024-08-21,-0.0042089106136884435,0.00092173483140767232,0.00054261444133585357,-0.0026768116047489743,0.0053481203319105663,-0.0049360112910594722,-0.0044508157292160178,0.0055685700454488618
2024-08-22,-0.010698526433299382,-0.01827514302586819,-0.011351653145774909,-0.0061420094311442908,2.7691751905978279e-05,-0.01451980406833453,-0.01481817305757871,-0.03409105286699543
2024-08-23,0.013759211095679458,0.014318660036497288,0.014971809155163385,0.014147933718719585,0.0065941536297966508,0.015237745413425596,0.018920885662503606,0.025201458110963193
2024-08-26,-0.0048361704971123798,-0.015972586425024859,-0.0094372675998294353,-0.0041780776961157784,0.0017065391118014084,-0.0028525320484493744,-0.0040914299107295271,-0.025619521180172633
2024-08-27,0.0058302256003501807,0.0050746492429065704,0.0037598121786279748,0.0024934813009780399,-0.0031874570436467575,0.0011789956630323672,0.0077048317821768464,0.0080682852491167356
2024-08-28,-0.0079289260710905252,-0.012517667969493274,-0.0071483000084547887,-0.0049331433336829988,0.0014058132465066819,-0.0070913527494049777,-0.011301604850976421,-0.023851767427667925
2024-08-29,0.019401436067832956,0.0032910670397019448,0.0047741402530003807,0.011039565601767665,0.0081755365625739707,0.013670019304589998,0.026721226978725365,0.0018202798333559755
2024-08-30,0.0005643555145431467,0.015983441057888292,0.01429098322524891,0.0095952966370864701,-0.0012286189473122988,-0.0088070600714547087,-0.0011615444399860619,0.027950726692175021
2024-09-03,-0.026062826632165748,-0.029222192509091416,-0.019900976632035605,-0.013161967560605503,-0.0071624118229329792,-0.00064759748759524172,-0.039681483345664792,-0.059618871813015506
2024-09-04,-0.0069508340707695737,-0.0009205792646880262,0.00011732247490714443,0.0020973582600751772,-0.010242899934520766,0.0028733247788252925,-0.011267383017669608,-0.0035234223524067687
2024-09-05,0.0040573656370650468,-0.0019196597226167622,-0.0058233178315438838,-0.0076127418364668742,-0.0086239794681707282,0.0038997600982444425,0.0075113371524064831,-0.0009887420516161427
2024-09-06,-0.0097547278424421346,-0.029472495981714086,-0.019848528634281659,-0.012500569509765858,-0.011112355225415649,-0.010013648931748054,-0.013252524444726244,-0.056185857325554145
2024-09-09,0.0025639820704288496,0.01504290994710944,0.013866715973115173,0.013503466663502994,0.0099034905452559663,0.005370840092811191,0.0027681964221757394,0.027930266527284919
2024-09-10,0.00086378729016289846,0.013784926034073663,0.0090219282088719321,0.0025613330317371119,-0.0031189428993778634,0.0086263151358689782,-0.00095506048259885734,0.023068369232460917
2024-09-11,0.013103531148772607,0.023249027793036836,0.012193239259189026,0.0039788468972552504,-0.00076104703642709826,0.0012253795131511591,0.018904734612819274,0.044996931365394177
2024-09-12,0.0014091962818296722,0.010739886095747497,0.0084323933581311739,0.0075180511653014648,0.0029900141683221193,0.015953722836439255,0.0016564302478330184,0.020565043841671571
2024-09-13,-0.0072496267152949434,-0.0015921805394256694,-0.00050453908459824337,0.0011204192696823156,0.0046966791523790352,0.0055483840702292841,-0.0078519378058640177,0.0028606434553055671
2024-09-16,-0.028701513059063322,-0.0053664962781124759,0.00050485552352896867,0.004922106644910329,-0.0022953962228046132,-0.0016415653443928591,-0.042575902953352895,-0.0097802592857404447
2024-09-17,-0.0015277718501089943,-0.003166076038678356,-0.0034061767788130526,-0.0039789610006197851,0.0050502304530202213,-0.0099935805485155127,-0.00044544351855257958,-0.0026397235641349992
2024-09-18,0.018578970063805711,-0.0037532587069798451,-0.0023025243940407725,-0.001987047153860777,-0.005499374795139178,0.0029717985382278211,0.027579088730883106,-0.0080852501436102786
2024-09-19,0.037838361717640545,0.026048240750188301,0.017791463364164484,0.01329698898612075,0.022849099677905604,0.0069069405866739597,0.05638494707231767,0.051351290492090529
2024-09-20,-0.007138741873683685,-0.0061189952581166551,-0.0061476141310480292,-0.0032564661593358357,-0.014929024686815118,0.0078112723530685546,-0.0085963109314721731,-0.0080143867581263795
2024-09-23,-0.0074812068296854495,0.0027515536236843996,0.0029201505712868059,0.0013843706954690393,0.0010864368198679752,0.0024815387382663978,-0.01127206450652718,0.0054025987233699002
2024-09-24,0.0084112387580568271,0.0092646195868679726,0.0069472597800606106,0.0068526787953031576,0.012856955108354828,0.013697105489364869,0.010407001523237369,0.014109525946040424
2024-09-25,-0.011467387864842471,-0.0061798367714929192,-0.0089427421681077535,-0.014180420953709638,-0.0056599978639544357,-0.0042445409557709812,-0.013650855020124086,-0.005259219988705599
2024-09-26,0.010513066645719382,0.012959062312758673,0.0095264495451805598,0.011402692832601646,0.024537179385961672,0.0092251968849255128,0.013066914343416558,0.020512753375190984
2024-09-27,-0.0029477972179801082,-0.0096636295191030452,-0.0053457149091705736,-0.00098819035411967793,0.006931333287035768,-0.014033114467483454,-0.0023569243196759349,-0.015197716023617414
2024-09-30,0.023546503264201712,0.003372908624469817,0.0049867922246964458,0.0010614882037542905,-0.020757941079043829,-0.0026036264908207984,0.034990082924716726,0.0060864733057686138
2024-10-01,-0.026246292819608996,-0.010991669604430876,-0.0063410525264533391,-0.00085775875042282124,-0.0083424587997581456,0.01463618893330243,-0.040860598726479513,-0.024965658202993568
2024-10-02,0.0091069784632218376,0.0079929598007824065,0.0067704907760308686,0.0075496318779166849,-0.00013794146925660833,-0.0011368055244788122,0.010375126641705146,0.0094152374953089257
2024-10-03,-0.0035073816397468427,0.00064590406609998929,-0.00028600763367947479,-0.0031867644599211653,-0.012744877256196108,0.0049574334394688613,-0.0059580827386880308,-0.00010221242593466684
2024-10-04,0.0061844722634860627,0.013083372848287311,0.010363857665796505,0.0093476701425585507,0.0083548568267981516,-0.00308876640823319,0.0086911173695822797,0.024995563645279884
2024-10-07,-0.017094408961493945,-0.0052094916961442639,-0.0040648346179200656,-0.0034626599933580415,0.0050710407652607703,0.0048833647881951769,-0.028422537982473073,-0.015980832472752393
2024-10-08,0.018292451768097795,0.014823343082173368,0.0095824740141510212,0.0027259133963708493,-0.0069755214655337072,-0.011586344698006013,0.027493526502291754,0.029756383864637304
2024-10-09,0.016698267106439735,0.0078683972398712054,0.007142954676359059,0.010100110872194756,0.0053308535381562105,-0.0035667840525417382,0.025047400659659713,0.015736794479742633
2024-10-10,0.00077871164790410674,0.0018244544918046834,0.0010393049708894431,0.0020430373052950923,-0.0026236908410600668,0.0080431903499005308,-0.00031364527129829067,0.00068548349730068736
2024-10-11,-0.005646478659589671,0.0024290719447468412,0.0069301036319000531,0.010457215961115374,0.0045412159287332443,0.014895578042451119,-0.0089020125401726435,0.0039935547879175193
2024-10-14,0.017269032396950212,0.0091742216280752409,0.0084895170899443873,0.0058181416631026828,0.0023981972774094196,-0.0032249174642228207,0.025515436288795268,0.01757221864289038
2024-10-15,0.012526842062694499,-0.01190072785348939,-0.0060504524710097707,-0.0063002922479803436,-0.0098446773672600241,0.0064827493574848294,0.018047306511489447,-0.025287368872084159
2024-10-16,-0.0065703991894637825,0.0024242910104685933,0.0070050624064699196,0.0097567770442077428,-0.0033048985281203258,0.0069412716871188884,-0.011006497132205362,0.0025467853249179218
2024-10-17,0.0035912552647590079,0.0026857477664687934,0.0018304051802795485,0.0060165837785393084,0.012176779667646631,0.0080231116957212301,0.0043910103714559501,0.0033797504815717971
2024-10-18,0.015355504818866939,0.0096162188445150232,0.0070823087599551915,0.0038278651484169313,0.0036063459338584458,0.01137708676713034,0.021512476564929495,0.01619087636228822
2024-10-21,0.0026798734370507837,-0.0016810809587030073,-0.0053732022384688216,-0.011126541573973969,-0.010176711219600176,-0.0003470624116332921,0.0058174995707829247,0.00023321691300792757
2024-10-22,0.0020610209378264521,0.0057903038754425484,0.0042225579177843642,0.0045548613267032412,-8.3091371119503599e-05,0.012361848843749357,0.00074394827076962322,0.0068854414789440987
2024-10-23,-0.019760273955509944,-0.013449112890003168,-0.0072881744931300174,-0.007781246304178091,-0.0044620391005937288,-0.0091323501377226224,-0.030592394210598228,-0.028802192334672627
2024-10-24,0.00073030128920636983,0.0096763425516617207,0.0037032784354213977,-0.0016958628552097288,0.0015311462091707195,0.0087103809337825133,0.00031802950631409921,0.017797840248332975
2024-10-25,-0.00040347206579083306,0.0020370671303124865,-0.0043224215120079013,-0.010236465654469562,-0.0013621191545699629,-0.0019666908238900049,0.0014107708333703783,0.0081060921247380069
2024-10-28,0.011175913107464464,0.0027165148339980405,0.0052254144223882193,0.0095295109780682008,0.0079606737999926569,0.0030276113414209327,0.015486600156005892,0.0028784906576149183
2024-10-29,-0.00071314540663902637,0.0077225923329817814,-0.00025684697806771517,-0.0055630968760972399,-0.0062960989973581682,0.0072592083585396594,-0.00013581722115496575,0.017312986443571488
2024-10-30,-0.015629474395721932,-0.0079117674856071796,-0.0036496939070088663,-0.0021314657889498489,-0.010671081404376781,0.0067240360522107245,-0.023265738687091919,-0.015466589158232624
2024-10-31,-0.021694070043795088,-0.028702486604107347,-0.02202192746478393,-0.01318893858269643,-0.011207608092459687,-0.021871556381906965,-0.030766497709439844,-0.053855758495709449
2024-11-01,-0.015722562065739076,0.004904787420498824,0.0016488324877461658,0.0040920523742387083,0.0090619921363181977,-0.0025121317589356096,-0.02234593635625759,0.012285388325700142
2024-11-04,-0.0029750682330729195,-0.0018494615387777413,-0.0016997681137893572,-0.0045762549438472799,-0.0036879738502990644,-2.5654310128242486e-05,-0.0049959704990402143,-0.0047656593764174859
2024-11-05,0.0065300022612198028,0.012800885978996535,0.012320705085275829,0.010210017620017497,0.0029951679781867746,0.0013180658913547472,0.0097732423836096594,0.025558249941552758
2024-11-06,-0.008772963304436332,0.021489161966534942,0.019636447694612036,0.029634758662928418,-0.003972246077216246,-0.032070347748490158,-0.010397435648166753,0.048502342550044819
2024-11-07,0.040536666127294785,0.034803204755351036,0.026358260658161381,0.01913609985058029,0.0065903468250938513,0.029992989921607593,0.051423256365250136,0.050842923859318434
2024-11-08,-0.0069342463721215886,-0.0045912237268671552,-0.0018052741875017597,0.00043015730363782367,-0.011942313049773556,-0.0097948280710912217,-0.0075249323472356133,-0.0034295730318406603
2024-11-11,-0.0046268741155981452,0.0069040283852153106,0.0084684207701837266,0.014130521687053754,0.011887583644155209,-0.021333196280862055,-0.010686233097745634,0.006316212921733344
2024-11-12,0.0047360031477965414,0.0029174034044334718,0.0018890652067025115,-0.0034741329348102479,-0.026306196853853159,0.00036044730458151264,0.0047360031477967635,0.0010988036610701801
2024-11-13,0.0084767338014262172,0.0031972117127170296,0.0047670885748642977,0.0054498809073675325,-0.0012699875214421397,-0.0031414107509425415,0.01047025441670435,0.0019047308545643293
2024-11-14,0.018818227586500313,-0.0020050993705481579,-0.00098204910227950304,0.00015789359199791519,0.013352156371600366,-0.00030506991878942458,0.02573773144591085,-0.0089894186087761119
2024-11-15,-0.010922306311478391,-0.02067020483320825,-0.0098800045371344458,-0.0034733716391981417,-0.0062173375451705093,0.0021409548161903658,-0.017999790895821488,-0.044573072523624302
2024-11-18,0.013070169704655576,0.0065975855073294731,0.0037227294083896911,-0.0010836437841769131,0.0012913808973717966,0.016960941363909576,0.019779025479941703,0.013542712860575623
2024-11-19,-0.0046388757554570725,0.0010674759185005378,-0.0018192131338098383,-0.0088640549346923336,-0.0065348422143218787,0.00046372020435381245,-0.0040720613617755141,0.00790745637982182
2024-11-20,0.0019530537089098576,-0.0017724267495743407,-0.0011440931464790083,0.0021487849595365205,-0.0043852181851298244,0.0066610985933637235,0.0035281778464646418,-0.0023476589329490816
2024-11-21,0.0037153523910495867,0.0094417387262288877,0.011347999134166731,0.016662642943343187,0.0022313382425132033,0.014623622965504568,0.0026612356783497493,0.01305989163600918
2024-11-22,0.013290949638824046,0.0089558765166637411,0.010876592526588125,0.016955122153715863,0.0055222501937017832,0.021386906697121288,0.016266380551842374,0.010571665220540316
2024-11-25,0.012032786077187607,0.00057512249611968436,0.002018108614580072,0.0089139241234872379,0.0010063789618424135,-0.035517849867681139,0.018551672815414477,0.0021552323915057237
2024-11-26,0.01284236386627069,0.0087934594578189529,0.0092167374253337986,0.0063652482926748188,-0.0091919598238837663,0.0044789712346628985,0.017560547824444939,0.01418092296571527
2024-11-27,-0.0050207290212578304,-0.012308549579262196,-0.0081947347786412994,-0.0069985723158283442,-0.006436092015014605,0.0025937051273559053,-0.0052959758048541916,-0.02014686370445895
2024-11-29,0.0033480478648566514,0.0019289358579630544,-0.0011307845526952187,-0.0015855098524660827,0.011671720315937106,-0.00036477926344091749,0.0084212209124869819,0.010656169946330785
2024-12-02,0.011239468370714878,0.012607090458065517,0.0042717588153078356,-0.001303581339463733,0.0015574121762018667,0.0022661910982164635,0.016008860305186001,0.023513496414358848
2024-12-03,0.017001007153701231,0.0072548086891603969,0.0046490841458892707,0.002273551756614145,0.0025917971646554072,0.0077263686183639546,0.023413604692850587,0.010333805302918941
2024-12-04,0.00056863738609491676,0.011438044721686857,0.0051521795959383887,0.0058899322354224459,0.0057159649606648433,0.0021946737685050177,0.001309737885446749,0.023789653055981352
2024-12-05,-0.0001918914942102834,-0.003085434221932748,-0.0021232399985153805,-0.0053474602815380967,0.0039698388989302114,-0.010699916085372796,-0.0001301824104956717,-0.0058555587822264332
2024-12-06,-0.0075674906425928778,0.0021388904944383835,-0.0041588715298661594,-0.010115159768836812,0.012943470902474941,-0.0025496250734945436,-0.0079761755320639782,0.011027901852527
2024-12-09,0.018037367173986629,-0.0058969094243666031,-0.0041103951813694639,-0.0027327434139787776,0.0070770301413349834,0.011775317284030917,0.026103320897693738,-0.013699278575305285
2024-12-10,0.0051097014755621117,-0.0024386857160207942,-0.0019740645715403682,-0.0021540964420624364,-0.011238144759354918,0.013121605112915935,0.007178576228892064,-0.0058493234009444617
2024-12-11,-0.0030660338987370528,0.020051436958942404,0.010308597128825259,-0.00055393206744991375,0.0043714577120208542,0.016230028397544949,-0.0056545989465347501,0.037991777721026798
2024-12-12,0.008464519099631973,-0.0039842137982322168,-0.0029421518915095923,-0.0025889885768830556,0.00047742631545566461,-0.014715100506669909,0.011453896051335954,-0.010454192792688111
2024-12-13,0.003818645576770141,0.010809310651881621,0.0032307140639251664,0.0010805560114048873,-0.0014875916080304696,-0.0093090248001305165,0.0041624585216779586,0.018487601616808291
2024-12-16,0.0082625574248753608,0.01092634977335627,0.00049487634906375533,-0.0056931982234106338,-0.008601297335898872,-0.0055851234877658529,0.01410631270531848,0.025277652682723861
2024-12-17,0.0090192279149952093,-0.0050944291488177473,-0.0045346052376464829,-0.0070764650122736583,0.0034306317266215025,-0.0036878500328716424,0.013875678759752264,-0.0094951845231174836
2024-12-18,-0.019342827277190611,-0.034029135623452778,-0.027411901148694517,-0.023988669080386771,0.002204033009619577,-0.001150628250106589,-0.030076498984295985,-0.070182787383925582
2024-12-19,0.021102722537627683,0.0094742833576311192,0.013114857188899931,0.014730837481608416,-0.012095092421089859,-0.0032838171326341481,0.024659145413106431,0.0049586899285920527
2024-12-20,0.017371265619664067,0.0073021460675530836,0.0094845426833591873,0.01092673780519271,-0.0012843031525903159,0.012748473648428238,0.026765889487318395,0.016022274250751201
2024-12-23,-0.0034850050990401504,0.0031492711359155656,0.00077016529279960722,-0.0057187444474243732,-0.00057152331401988388,-0.012877403688460132,-0.0019625590928241676,0.01282843938330358
2024-12-24,0.014126949514874365,0.016214002078448031,0.013689304732327656,0.011058010930498741,0.0061472526652710524,0.0054035888947914223,0.019881059210403063,0.029809274033079092
2024-12-27,-0.011756683803054835,-0.015605131906593517,-0.012937670280296687,-0.0074357155779639639,0.0045467420760474386,-0.0030287170180932632,-0.016834019619567653,-0.029527245940276114
2024-12-30,-0.01384972397943951,-0.013886008102486747,-0.011282562270766183,-0.01042556052940069,-0.0059405684168951645,-0.0058343099509339247,-0.020477516520974515,-0.027177877308604215
2024-12-31,-0.0048416996282955038,-0.0062818508211590629,-0.0019729307647089467,0.0015963520214268279,0.014228799336498898,0.010998190742186331,-0.0083785020953041078,-0.014795606948039386
2025-01-02,-0.02112900762951786,0.0032783460914278528,0.0030459793355304132,0.0012283436700841754,-0.0019640767683219984,0.015902259784874584,-0.034315817193968368,0.0013120806834727716
2025-01-03,0.0061211559886886757,0.02464542975586248,0.020925301536561358,0.016139864321092157,-0.015603044979967784,0.0027455243443652577,0.0051082315720187843,0.041143854689696502
2025-01-06,0.0031105675424305534,0.0078473321257996886,0.0019907279459359106,-0.0036740237761824224,0.022847329744550837,-0.0063440994185115507,0.006467927301482268,0.019298816227271809
2025-01-07,-0.019099910322092906,-0.025505945769252247,-0.018808196433548252,-0.01198254207775229,0.0062823481068225995,-0.0010550389367814939,-0.024749304452894028,-0.043210769478013944
2025-01-08,0.0059777198783763641,0.0041220280633953443,0.0055361245979388407,0.00583515842187321,-0.0055494105954166928,0.0065833918747706388,0.0069931902715512084,0.0042972770347642353
2025-01-10,-0.019560628628909948,-0.011098688274846502,-0.010631872717479784,-0.011376463621715516,-0.0033481844691370943,0.020670430746701829,-0.031668670282709255,-0.026852831228381446
2025-01-13,-0.0052076516382995042,0.0019597023064958918,0.0067743867756293596,0.01389169824790959,-0.0032195317619457819,-0.0082864357038119341,-0.01040653250505863,-0.0012707054822274078
2025-01-14,-0.0067969221379758915,-0.0029760522107861176,-0.00088151380244483324,0.0031388500300155719,0.002527739186771516,-0.00064992549086562157,-0.0091811712328870865,-0.0039236804734182895
2025-01-15,0.015562131238801902,0.018879215009973027,0.014303477588550662,0.01257493905003404,0.0068636765367529051,0.0091471646774732296,0.025360372430721867,0.041792781164984083
2025-01-16,-0.039322007161782468,-0.0058902960054630915,-0.00097311271525746257,-0.00045157533189255084,0.020450769016038484,0.01331611127791632,-0.059544767708651136,-0.01290410594288105
2025-01-17,0.0068817423930580546,0.016218886541462973,0.009356245789309714,0.0070468921588515698,0.0092706246669613801,-0.0014477859332585608,0.010646905626224612,0.033086357156199897
2025-01-21,-0.042946062782961314,-0.0055958458722663584,-0.0027002930581802032,0.0008410555610121051,0.0076995772554793174,-0.0076174598678167005,-0.05872213271404314,0.00020223117626549936
2025-01-22,0.0067697380225950621,0.014221194642741741,0.0075805711831233857,0.0041022845434643962,0.010053619508587186,0.0056635600068644099,0.009446002706611889,0.027025180630921852
2025-01-23,-0.001164970454598957,0.0017193260741659167,0.0049213550154894037,0.0088814515064559174,0.0050431969543172084,-0.0025342049154906121,-0.0015445396223862096,0.00384448426735573
2025-01-24,-0.0044945573281148787,-0.0062101518009319845,-0.0033209520708901152,-0.0033896776140516227,0.0043575094022487715,0.0044620944442186339,-0.0064607515234283985,-0.011858134664375797
2025-01-27,0.026696919244065143,-0.033897939197137683,-0.019427204380338514,0.0017949418454652477,-0.0027609662268379687,-0.019429054749150354,0.042508751424192193,-0.062869133278086187
2025-01-28,0.038779023729048179,0.016967887991817809,0.011394636083477794,0.0050475333181376758,-0.0013183714717571737,0.01280584709635546,0.057090408623050148,0.031779522042591823
2025-01-29,0.0061594043343065064,-0.00034525756557080012,-0.00314538809838949,-0.0012115392426651495,-0.0030363479463180187,0.0023678280907875049,0.0084713768209492279,-0.0022259744921624414
2025-01-30,-0.0070324887500134992,0.0046289642537000741,0.0056579320625502749,0.0040336511299614575,0.0088718992071268321,0.019579150315749638,-0.01073123052649072,0.008892933704459427
2025-01-31,-0.0040203797148438136,0.0012327429346550289,-0.0023071559960370358,-0.0049730151217584062,0.00052501528081849713,-0.0010396617811367914,-0.0073754646463727314,-0.00022430427890340887
2025-02-03,-0.019762532338384764,0.0064672149607134521,0.0069293478280116894,0.01203582077488119,-0.011675285056405804,0.030676399549230737,-0.036937430976063168,-0.001652835015545473
2025-02-04,0.013139746175940159,0.0044746002794817663,-0.00053114471811421815,-0.0048921196557490942,0.0065039224446792332,-0.0012117187857565437,0.023562799710517002,0.016655561452177059
2025-02-05,-0.0057901996959163204,0.00013923494825029969,-0.00047779423793825604,0.0026382909128841447,-0.0017144254209852106,0.0015759844650635735,-0.0064959226046602536,0.0046572237749291645
2025-02-06,0.0005206401082151757,0.002508794400709391,0.00093712627853226316,-0.0056089940185450882,0.014531124806619777,-0.008316001611795798,0.0021294052498337379,0.0077144789764405086
2025-02-07,-0.022547575308839107,-0.011175623024992309,-0.0079553692241723928,-0.008035352519377148,-0.0042968986711144908,0.0052507549417804,-0.034549424304521792,-0.023807368732510326
2025-02-10,0.0083827954806170446,0.019379009873438324,0.01409432462101412,0.010960150042113037,0.0045769382572773409,0.023510569708603324,0.008980729582555913,0.031571092470136897
2025-02-11,0.022832732278093459,-0.0014033783752396278,0.0013436793878947029,0.0039725206919427603,0.0026034489590824883,0.00036562250960670006,0.03375931337173288,-0.0037863268412938744
2025-02-12,0.012039295127148186,-0.0055355852633013347,-0.0087198920236890576,-0.011644080096347209,0.001038715068055085,-0.0074408847316295157,0.021118490118767985,-0.004952075670511813
2025-02-13,0.017020383472746925,0.011746587515538032,0.0078078669242231946,0.0055596194424822887,0.015693892456804637,0.003085652644060799,0.026831417315108297,0.026094859243051438
2025-02-14,0.0059647888207137179,-0.0024904568244508152,-0.0065008402916811869,-0.0099261352125269431,0.0019154837256463164,-0.021736305405163248,0.012277786356361009,0.0016802926016799002
2025-02-18,-0.0027899656428516106,2.0513730294435817e-06,0.00033201540412020059,-0.0019688032155132928,0.0054805035711615879,0.014353819119792943,-0.0030550864079509354,0.0022638268587114041
2025-02-19,0.0051860217002208664,0.0038232020155193336,0.0059468946675624856,0.005232023760134874,-0.012929352908579772,-0.00084573150917865991,0.0060069812276448697,0.0041023013856662516
2025-02-20,0.0065531967129413005,-0.0016331419522428448,-0.0015890528270269266,-0.0069848034874750997,0.0012841719608835955,0.0094520852761224017,0.0085185626608030862,-0.0058887487217036405
2025-02-21,-0.0087063960894787629,-0.028173584447370392,-0.024475295780864159,-0.024608097171612164,0.0041041386406859282,-0.008549721807154631,-0.0092715527969206013,-0.048771086220145587
2025-02-24,0.0087850569489198449,-0.0093759272701299246,-0.0024882508308129436,0.0033347857239789391,-0.0077915519634459418,0.0058516530893450991,0.011948997792152305,-0.021209029802715329
2025-02-25,0.0010452107952731993,-0.011327105422492822,-0.0033804714535339286,0.0049752919675385421,-0.0052781109744930443,-0.013714617383256078,0.00092358761944932866,-0.023942667991906141
2025-02-26,-0.032841790400450543,-0.0035617152693225851,-0.0058066316948600649,-0.010042828173348783,0.01151814491663794,-0.0019443462308842419,-0.046281179062860556,-0.0011604174630146513
2025-02-27,-0.0094062045668954486,-0.024497280849307579,-0.01254154273330943,-0.0012293470496612668,-0.0047339141408127006,-0.0085128348683874977,-0.015793149687586605,-0.052362247373102466
2025-02-28,0.028314224630859863,0.024943686828948985,0.025134066663439203,0.023059254839410182,0.00077127597233106471,-0.0075054909257882274,0.037966377861733402,0.040877455488785408
2025-03-03,-0.017524305036278442,-0.023641616987142178,-0.019270857628952753,-0.01609859198628838,0.011817574656101337,0.016634215096113847,-0.025387223508824719,-0.04548476588309891
2025-03-04,-0.015552357990169519,-0.0097869248711155432,-0.018913739328384582,-0.021776752078260908,-0.019169665750758291,-0.00011378169799924898,-0.019933670959075167,-0.012784117689872865
2025-03-05,-0.014152542440235338,-0.00049615491362653419,-0.0023264893766876682,-0.0019978198687039539,0.015661390771632311,-0.011533818527211692,-0.014549802405965373,0.012365712681521313
2025-03-06,-0.017269925489525551,-0.042639210910108249,-0.0330716643739426,-0.026008961566765243,0.0030584664207473633,-0.015355910831903685,-0.01812598246802688,-0.069720610287693385
2025-03-07,0.016550570317515279,0.0080059432799273189,0.0063217471031018491,0.0061923379575792303,-0.0091475191091084929,-0.0036262803524188536,0.024502028650969399,0.015364232909246933
2025-03-10,-0.054843798949706146,-0.045185657886497643,-0.033304035368527107,-0.027029633102231498,-0.0098730178761052834,-0.011699292740754985,-0.078921434877098018,-0.083682788678072328
2025-03-11,-0.027291595951289049,-0.0004402579012897645,-0.0056170283538171661,-0.0093905340739922627,-0.013209068328627338,0.0093846773681027784,-0.041914820890456284,-0.0028353697296255032
2025-03-12,-0.024209453650121393,0.0043530667228435238,-0.0019758916083029154,-0.0087422675104766867,0.006430518540530894,0.0019559961228299283,-0.032888960360867858,0.01555657367431551
2025-03-13,-0.031165117121671804,-0.015471811746663899,-0.011279173677235854,-0.0099565229993615612,-0.0067806005464432495,0.017704671469246591,-0.048030082432887866,-0.03350843699408923
2025-03-14,0.021041360912476659,0.027058165020255043,0.024351601822645952,0.018961461038447203,0.011421855947171711,0.0061049853798660347,0.030152259295239237,0.051296765893559026
2025-03-17,2.741766546687785e-05,0.0041127281421189377,0.0041166586699439289,0.0068914847948025049,0.0055815199904691859,-0.00069362001477690782,0.0012190019620956782,0.01058120721202771
2025-03-18,-0.0095712383129065159,-0.020459235187738956,-0.014051444877587915,-0.0098417653610916034,0.0049050890335655684,0.0080320253887016246,-0.012621314405522277,-0.037447384247802584
2025-03-19,0.010110717062061347,0.011500242602077826,0.0089292814582362379,0.0074654337824677786,0.0071933872699359025,-0.0017249541212511765,0.016094186702277913,0.024856707422527657
2025-03-20,-0.0027827115233532984,-0.00087112545034229161,0.00045943669111947472,0.0018117235780565899,-0.0096926680364095574,0.0033841099320222057,-0.0054375631093922516,-0.0042692425494091912
2025-03-21,0.024660836146408016,0.0083984434399517749,0.0059409391230875741,0.0058062991915537321,-0.0065679604147912407,-0.0023117384906976568,0.034448777677266174,0.011711933795211404
2025-03-24,0.013224742521095401,0.023919310674212158,0.019619669540755114,0.015948653964083848,-0.00129632453866102,9.2329405352309379e-06,0.018870854844050378,0.045906103473238868
2025-03-25,0.016702524996719204,0.0087033867997041714,0.0045986663901935732,0.0037574041186940743,0.0099947641993243241,0.0064054842729035499,0.023563887861514976,0.014426974332281572
2025-03-26,-0.0084458992538466449,-0.016937370967461396,-0.0096825404794000924,-0.0022486861993233909,-0.0087392407982501696,0.00036557449918106499,-0.013414273890715589,-0.035365591954814146
2025-03-27,0.014745901853169485,-0.0014932739222619507,0.00091175917759933611,0.0011752192741107947,-0.0055750073964475622,0.017020452595770008,0.020004459122335838,-0.0072153351593603476
2025-03-28,-0.03189245242754879,-0.031641046850452548,-0.025055180031038349,-0.022669890455930486,-0.0084744970318966217,0.0028281897641004861,-0.045110197978421973,-0.057825132375102894
2025-03-31,0.017254631867504866,-0.0021595227298507602,0.0035134107125478486,0.0081111193266321102,-0.015647631737718326,0.0096189954535965683,0.026940456072236829,-0.0022020289177425711
2025-04-01,0.0052395252192518615,0.0085301307272416249,0.0042737526201903631,-0.00022561213162342053,0.011087387447067831,0.0078980992907042857,0.0076265742753518495,0.016594834347431364
2025-04-02,0.0052635142753978403,0.0094345751486055729,0.0088921560180943438,0.0079478477386436541,-0.0025102713076715633,0.0085549573073600005,0.0068350186462757812,0.016748644763568299
2025-04-03,-0.10183253637581968,-0.063312246691330065,-0.058182616026602241,-0.049751486874802908,-0.03258276933076365,-0.024241290408811955,-0.14758290569240862,-0.11629269564001787
2025-04-04,-0.084224839245857663,-0.073578014326264207,-0.071116066921596333,-0.0658561939915836,-0.042168699239431673,-0.039535772811866599,-0.12022294569384695,-0.13492740230264921
2025-04-07,-0.031543005458187667,0.0078156197305268016,0.0030580115148031162,-0.0041865609819963234,-0.041595141092000132,-0.015080086599164599,-0.050009173033050414,0.010241909769515001
2025-04-08,-0.043795781261435018,-0.01178454653481209,-0.0094581532365159982,-0.0018540930989775495,0.021327371216850244,0.011955933550282127,-0.068862742851711345,-0.029907234988741482
2025-04-09,0.14645284803040659,0.11339229156594355,0.088677111037139378,0.072229747690961688,-0.033148425250932756,0.023726843314821222,0.22264282761313181,0.23271169426692984
2025-04-10,-0.039912199508161272,-0.04005100939988615,-0.031933272839539617,-0.023085816021517602,0.038362799435878836,0.03453085815724366,-0.061164007142810561,-0.082693434560909052
2025-04-11,0.012330821774167777,-0.0092384786830269627,-0.0095358190399280618,-0.011843524698242236,-0.0039272238991476804,-0.0066174194807365749,0.03207678887832599,0.0086841550680940571
2025-04-14,0.014367808297284235,-0.00079313989833407206,0.00036677748321589654,0.0011471000497602635,0.022488218613337496,-0.013118035743178158,0.025311860426282529,0.0059340161640446532
2025-04-15,-0.0015706383742553065,0.0014214390138127531,-0.0013277452561203384,-0.0039127004530468135,0.0091403463257142548,0.0046779615448622192,-0.0025091260089347145,0.0025365411325206644
2025-04-16,-0.034933637663772887,-0.026117253025226828,-0.018314472570130635,-0.013100398192062324,-0.00070765707849274051,0.03700977302238817,-0.054481269502759777,-0.05639613206465377
2025-04-17,0.0046862114497006058,-0.0093142266767176629,-0.0078054277835559738,-0.022160890928976218,-0.0062314465033689315,-0.014465555333473934,0.011597207729689973,-0.0094926722431561972
2025-04-22,0.0037958577484791256,-0.0092276543205407346,-0.0090178735675454647,-0.0087845954265949322,0.007553068164841914,0.016990276662748771,0.010240689079496601,-0.0096667903567878577
2025-04-23,0.038907608159886697,0.037230511855973925,0.031148676526962404,0.02468595765412962,0.021499354145286587,-0.022935421111070498,0.051246505802493569,0.060231210837274007
2025-04-24,0.020576408184326267,0.030307885623317432,0.022413580175792536,0.014944502878245336,0.0034616449151807505,0.018690994287277052,0.02980894634134823,0.058504439376352968
2025-04-25,0.00043087012466758168,0.0071849170877751334,0.0034286035212132138,-0.003820178198531865,0.0067613889266715521,-0.018851946454361168,0.0026059575651737887,0.018289138931895543
2025-04-28,0.0066557022759412554,0.0022177559050324813,0.0031968847399339584,0.0056608883132662768,0.004797128269092843,0.017520470745903127,0.0087155977588351252,0.0018996004999110028
2025-04-29,-0.0007227048619843357,0.0007812553663892885,-1.2947952420017117e-05,0.0014812671667780997,-0.0025916630519579043,-0.0099723962241876629,0.0018084217495326627,0.0073474688177965763
2025-04-30,0.007864050536624978,0.0016192476263432454,0.0033081735893139008,0.0045392100957879489,0.0051968987847956782,-0.00261169393228744,0.01092330055233659,0.0014929447474849589
2025-05-02,-0.025711771735519862,0.036540897367104419,0.029548960455742401,0.024835718033365817,0.022721063523065466,-0.014813326967453855,-0.04278254469009779,0.065260981298875365
2025-05-05,-0.033745080069314315,-0.0082795457790248994,-0.0086765243050040963,-0.0042448489137630885,-0.0010642787415650057,0.021939422745615333,-0.049437132336069278,-0.014198116022245411
2025-05-06,-0.0010404790582665413,-0.0084379121731302797,-0.0068157584542917204,-0.008887932207963245,-0.004128346966469687,0.031148334261560828,-0.0019966354384469698,-0.017747658048354875
2025-05-07,-0.013946157307168527,0.0013249505614356671,0.0017519520800297617,0.0042747328957914998,-0.0090933446947852881,-0.011595103995746925,-0.019623859285226253,0.0052406544739249661
2025-05-08,0.0095716869512545433,0.013591001406958014,0.0090524710934896113,0.010139872732791932,0.0099864760999686109,-0.022174179502843505,0.012741180600278623,0.023949303160708979
2025-05-09,0.012608248206249062,0.0066435561848829927,0.0067640530151436007,0.0037503716381521723,0.0064137276913596164,0.01888196201938408,0.015260493356609839,0.0059833544642382552
2025-05-12,0.062633144215741066,0.040237958608628333,0.032178745026755662,0.028139251554377243,0.016595857741166453,-0.035154839438759633,0.094191008622746208,0.080958501815525663
2025-05-13,0.022358072286610131,0.027508011034449664,0.019445874023014342,0.0055940533164580142,0.0041791784785114583,0.018291037782256714,0.027495569458456881,0.042932944125982475
2025-05-14,-0.010839283623159002,-0.0020994218633740847,-0.0069828354247091218,-0.010303380853919464,-0.0050721731401254244,-0.026216950647993342,-0.012236811267017145,0.0038453846086945465
2025-05-15,-0.0038215829864051143,0.0014237193868860132,0.0047071051703515554,0.0072935754334280123,0.0020915511386845331,0.012340886391236872,-0.0058945265629100074,0.0025231346071672434
2025-05-16,-0.0018594153962402382,0.0033866347481912307,0.0061687125694032119,0.0070466088102976165,0.0045655942786511083,-0.013160944215278025,-0.0023083002007788789,0.0077349152835455293
2025-05-19,-0.011285504565803572,0.0014179965728089439,0.001480991284075639,0.0039537152352748794,0.0029865695514745827,0.014992473189062716,-0.017157723523825275,0.0023770597953778339
2025-05-20,-0.013242134201150835,-0.0074029151328216525,-0.0079272635435170269,-0.0065730627270239594,0.0085448430911847506,0.011655412037410384,-0.017821503311938325,-0.010722434286068006
2025-05-21,-0.027778062154900529,-0.018660036367280086,-0.020856594532637218,-0.023989386403394097,-0.003979527367342639,0.0039257232519562812,-0.039251902140302386,-0.032489690550463801
2025-05-22,-0.0074137309623784065,-0.0019512197189204272,-0.0042378261018378716,-0.0036486994560757102,-0.0074751157241248478,-0.0093772677620479472,-0.0092129216742891096,-8.7089899283854244e-05
2025-05-23,-0.026002947338272797,-0.0049274527810326818,-0.0023036299229780566,-0.0015975216692668548,-0.016361538777800999,0.025954876511278258,-0.041191311057764857,-0.014228685662776352
2025-05-27,0.015697502114983219,0.013941053783697033,0.010986814047965865,0.0085296792179248015,0.014389390599216068,-0.028612776563391118,0.028228221901150707,0.037246045024745378
2025-05-28,0.005586209535386244,8.0494160951127824e-05,-0.0010514612175421822,-0.0012267002867250021,-0.0054658796064804838,0.0028585665824794049,0.0061130219554672571,-0.00437159637332174
2025-05-29,0.0068391375047953673,0.011189618070212903,0.013270066014081872,0.01169636769214133,-0.00039255142653304986,0.01600559060951201,0.0056557966788370884,0.013173416983713881
2025-05-30,-0.0082726549040570418,-0.01427369221830721,-0.012707475861825634,-0.011805117858817882,-0.0036653852799327646,-0.021109914977582189,-0.0060507004133379949,-0.015830820551119285
2025-06-02,0.0064486337580269559,0.010123102374264281,0.0064400249518403729,0.0042457489455089981,-0.0014452845811249171,0.035209051579127015,0.0085692479436656477,0.018038799361778768
2025-06-03,-0.0010261579363486373,-0.00099347895490686788,-0.0029772972911575879,-0.0033612837321118638,0.0032894736842106198,-0.014606998360444878,0.002831826988687558,0.0067551698766075141
2025-06-04,0.003831698197747091,0.0088638508852381115,0.0061749502011780866,0.0035320328534866885,0.0052459216508706774,0.012642647712244548,0.0027180648295870302,0.011668736836409677
2025-06-05,-0.014052276085262383,-0.010792516486661574,-0.0084694836250918115,-0.0055653343780673881,-0.0018264760190663809,-0.010356622807034199,-0.019433369847271398,-0.018294944412079239
2025-06-06,0.013577247994054353,0.0069727428544863468,0.0075925203637883243,0.0075973327629530463,0.002091177993041482,-0.011196310375439777,0.02175364883481623,0.016721039396442317
2025-06-09,-0.0081297489547511592,0.0055097268037980207,0.0050411034903203866,0.0039847456242152468,-0.00052172840071307292,0.0065217988815231553,-0.014210488059988147,0.0069877243518734478
2025-06-10,0.0042773022172941655,0.0048340627275305081,0.0037380936707869239,0.0011448677393328666,0.0003915752285907903,-0.005189968962358793,0.0073000573125505674,0.011436333428279877
2025-06-11,-0.020000852239491662,-0.0041895148833633877,-0.0035515140554276403,-0.00084614771340374428,-0.0030003045388227179,-0.00073320289316136655,-0.029589842023785895,-0.0075561570958235791
2025-06-12,-0.0041451773338452291,-0.0039119815815908954,-0.0024356702958612253,-0.0041861158333075243,-0.0013083667895043005,0.011200942827470861,-0.0030953583184806233,-0.001579147798607905
2025-06-13,-0.021534844701983968,-0.020293962980299507,-0.018880223573392807,-0.02553821449956184,-0.010611884823232498,0.0068591751422417691,-0.028383347731332109,-0.03275008731731055
2025-06-16,0.01383590307299909,0.017732306206077242,0.013362816260564347,0.012008156000353543,0.007812552880182233,-0.0065501775259856343,0.018868806979153607,0.031694517151463542
2025-06-17,-0.013554947089866487,-0.0092934368382147081,-0.0078629379632013663,-0.0069776708969881973,-0.0077519900480055304,-0.0025825573880828845,-0.020563535877559769,-0.019049104161949271
2025-06-18,0.010817046661803831,0.0058123919783321654,0.0057065827352307252,0.0053416136250061808,-0.0038399536417277336,0.0063379875039053513,0.013233772053784065,0.0056411880788218571
2025-06-20,0.019807672414989597,-0.0066905206146621321,-0.004734495160784058,-0.0023366860282746371,-0.0071779993543968912,-0.0091734491281099118,0.031020526921922587,-0.010763004630448103
2025-06-23,0.0035261433431108546,0.011329274583881777,0.010670813020624337,0.010435149275395794,-0.0068282517011638566,0.0037858176838549973,0.004771159945557768,0.021622439029546081
2025-06-24,-0.014369513908572551,0.0066977438504554065,0.0025844387344369224,0.0033437210627169645,0.01024537790649549,-0.026309403423433575,-0.017321941189962997,0.021860147046701917
2025-06-25,0.0051467673347806997,0.001417158380266903,-0.0011314149668890661,-0.0032929547664102277,-0.0072057765937434404,0.0016198204910571334,0.0082884672093663792,0.0039709491749251313
2025-06-26,-0.0088809381494320272,0.0031734273748327269,0.001863187108643638,0.0032907209839625473,-0.00013443731216822297,-0.0046629530225177351,-0.010261577318428916,0.012466514561103814
2025-06-27,-0.00032672720250503939,0.0026965956459545914,0.0045638335304665212,0.0086480362579137715,0.017744316516393299,-0.018751921829438079,-0.00012789165080917542,0.0061175895978065054
2025-06-30,0.017274098741442367,0.0034526889515948955,0.0022289594843025728,0.0030272092735350586,-0.0030378514109139498,0.0030905977306519006,0.02741358247157355,0.0099102466220095664
2025-07-01,0.0077845804377394412,-0.013453005423873954,-0.0061567761599937709,0.0045073144687954869,-0.00026502744530021438,0.0075971785717352525,0.014209993562170675,-0.021839765036624548
2025-07-02,0.020640148944119696,0.0053985747694069719,0.0032082511717110851,-0.0019599168055111083,0.0099390406718720126,0.0013948116031377022,0.031738203956618749,0.012353110619692576
2025-07-03,0.0056759136350554851,0.010293328917389211,0.0089491544289477254,0.0080523151702724949,0.0019682656827304523,-0.0045540625748577979,0.0082895494944998926,0.020138015918611973
2025-07-07,-0.015233649216412903,-0.0058933254971048621,-0.0062046156885544601,-0.0074905755574233845,-0.0040596851246189614,0.0016221019881175192,-0.023676484655753338,-0.013438672656478023
2025-07-08,0.0040567255601491325,0.0043335545255822616,0.0030569311082606632,0.00010734932334344194,0.0055226581471596869,-0.0040074373639813476,0.004200183001423774,0.0048972983735653397
2025-07-09,0.0064072018287859578,0.0081072072678289864,0.0071015786770340927,0.0058634442315457225,0.01438470585277396,0.0022585056424913041,0.0091002427478805714,0.015193294545060798
2025-07-10,0.0054488380962602889,-0.0020002748531674497,0.0023224750836094987,0.0038890558032149691,0.0033518388198192639,0.00085156538699227013,0.008454687001135941,-0.0034376899928435511
2025-07-11,-0.0034706918042035628,0.00017251115118277482,-0.00087661957381912625,-0.0041496077590472691,-0.009507972192656422,0.013972800170409805,-0.0064202606576044818,-0.0020834236002330586
2025-07-14,-0.010283035188908718,0.0054004852914224521,0.0031793488925482283,0.0040478901554823477,-0.0028537242412666197,0.00030795777873415808,-0.016308103755177328,0.0090338686392161804
2025-07-15,0.0037070547198116977,0.0022730807815940501,-0.0025134935158399596,-0.0086228125851737225,-0.0052036101416256253,-0.0053224886436807894,0.0048830602126368472,0.0031911178290267017
2025-07-16,0.010121726173925927,0.0061039881099991256,0.0082848247200801861,0.010121306691782905,-0.0054923259087330534,0.011822208983210958,0.012645151084434536,0.007133099867089765
2025-07-17,-0.0031021980381035208,0.0056354848298783011,0.0029345289218194459,0.0040121413984468557,0.0131492433908178,-0.0065357543908076687,-0.0034345417489206609,0.013708480276225732
2025-07-18,0.0072782358015857085,0.00078242300415154453,0.0017165138490078391,-0.0022589149104349504,-0.00012981357344987732,0.0056381514110070974,0.010044693709923669,-0.00018047397660603259
2025-07-21,0.0048354303274873445,0.0038655623388943461,0.00010851369925113374,-0.00090686278099449957,-0.002725844781633846,0.012991433204878833,0.0079093694927434566,0.0090435726808124617
2025-07-22,0.0035318946295574971,-0.01060246956708677,-0.0047994237144586283,-0.0020460075244251863,-0.0078094293872393861,0.0054353662331951824,0.0080252888892669016,-0.01575004524431145
2025-07-23,-0.0049623537204164236,0.00074331458930498862,0.0039939893600122733,0.0079532496628975657,0.014298783810711591,-0.0171365969106545,-0.0055431532469654154,0.0052873838459284173
2025-07-24,-0.0047974294933482708,-0.00085988498656053292,-0.0022776612315993372,-0.0098468276706631386,-0.004138640663311155,-0.010053905419038611,-0.0057052516392660513,0.0012620152283915331
2025-07-25,0.0021045585463477234,0.0039531339204676996,0.0055759324604793825,0.0058207022183265344,0.0027272608373072327,-0.0097094995797942785,0.0023856264391570736,0.0063638450802065982
2025-07-28,0.00073618858136326182,0.0030664216600608807,0.0001175423013544119,-0.0015729785040218269,-0.0041445369591848191,-0.0077330678214588833,0.0011336369693548676,0.006191551514741267
2025-07-29,0.00063564166985963233,0.012232123474246848,0.01080717999116354,0.0095967586787537584,0.0071531155693032034,0.018090525925206213,-0.0059478071721713599,0.010661707594572745
2025-07-30,-0.006583452276342272,0.0053112617538575435,0.002717589858900471,9.8418324263160883e-05,0.0005165407317440085,-0.0045512934637771396,-0.011858225247546539,0.0066564298416480483
2025-07-31,0.0034834810228787649,0.0052828352780533994,0.0069840677719132938,0.0028441800315321952,-0.011486925406325788,0.0098410814441878269,-9.3971785246393935e-05,-7.2716083022172917e-05
2025-08-01,-0.024524559333794826,-0.019216953833211203,-0.015466593432176268,-0.012226152341637486,-0.029768884819346808,0.032877170458172511,-0.037032588525263033,-0.038925406715564548
2025-08-04,-0.0093370016963830738,0.0041295315834146695,0.00050539322873910386,-0.00028239581072020403,0.011573148144345291,-0.0063487806420506887,-0.0069741519104140615,0.022321764435151437
2025-08-05,-0.001894904631201455,-0.0065708559105991382,-0.0046242163649496959,-0.0012966066758469674,-0.0010642787415650057,0.0026431371653776736,-0.0029524678892366429,-0.013361933706067086
2025-08-06,0.051357191138716285,0.013017209857281831,0.0077144617770157353,0.0023107558499617653,0.0018645229174465427,4.9920650361023888e-05,0.076821493103289784,0.025605832504993487
2025-08-07,0.024362388168361226,-0.003842370532570083,-0.0079803771335883456,-0.012256404191445469,0.0099694266453980163,-0.0013322933575701246,0.040144697732110268,-0.00048251010600308675
2025-08-08,0.041154314136244485,0.0081629128049236499,0.0067280589532592305,0.0038428841795845603,0.0035535223892797507,0.0097196718461391995,0.0623088016284854,0.017480486458085309
2025-08-11,-0.0058941543978343613,-0.00050247013711912647,5.3008130182830016e-05,-0.001869071821544499,-0.005770523821721163,-0.022401936662962973,-0.010073089794434331,-0.0034686566696037202
2025-08-12,0.013439366409169873,0.015139965500574393,0.01394404005086658,0.013179620524316205,0.0069911462388219103,0.00086093931622044373,0.018889383356065492,0.027740598485769707
2025-08-13,0.010924785665062275,-0.0045216959138465462,-0.0017726616885677116,0.0055868481699383743,0.0073356721882669174,-0.0022967986709816479,0.018896767921311231,-0.0040242129802573468
2025-08-14,-0.0054093461367518136,-0.0038323387468778281,-0.0027214588325430444,-0.0036362869014879839,0.0080623550700302804,-0.010401263501628066,-0.0065843240358196553,-0.0046052871551391927
2025-08-15,0.00014325307954643485,0.00086170278291652913,0.0025964776577129811,0.0067066956577659376,0.0065789752104701282,0.0051042189206778055,-0.0024263499382640719,-0.0035590535493351672
2025-08-18,-0.0077270768127032374,-0.0051154135284252611,-0.0047432922629649932,-0.0057816046032139745,-0.0049980699186158439,-0.0060723584724088342,-0.0092311920832461869,-0.0055119807852330727
2025-08-19,0.001843971314228865,-0.010334024910218953,-0.0025154173945192149,0.0038142465622890143,0.012107192797474076,-0.00245422685864638,0.0011269789947940811,-0.023946005773536672
2025-08-20,-0.017561312604195134,-0.0037333913308668087,-0.00019480724883358391,0.0023731242356828108,-0.00089080800703866814,0.011109140432445042,-0.02745045652616751,-0.0096837579014829034
2025-08-21,-0.0056991273570839995,-0.0054177104274714116,-0.0046638435923759269,-0.003927032486393478,-0.0042033094137746696,-0.0028263345677916885,-0.0081528529320804566,-0.010043744647851405
2025-08-22,0.01609149486639061,0.01881115340515449,0.018612368342392882,0.022796563920468582,0.0039651772497271143,0.014280691040546412,0.022471060659457365,0.034289943530051215
2025-08-25,-0.010857839591013052,-0.011106352363271399,-0.012456394115402114,-0.015998755413681232,-0.016435226788594548,-0.0085353811558315229,-0.012164125812092474,-0.013967437577687924
2025-08-26,0.017384430911525861,0.011892189728743618,0.012075992078930398,0.011004207479694772,-0.016321173013525758,0.012416531484909177,0.022153911681929817,0.015938910086768399
2025-08-27,0.0033356842963296884,-0.00026664738506110286,0.00058800560808802693,0.0015814292596330048,0.0040821378539319664,0.0027350455591084177,0.0059039912818139584,0.0012676349045159796
2025-08-28,0.0082410400853889509,0.005521959526689546,0.0024455504960223529,0.00093199880686545278,0.0024918352971310398,0.0067135288457980113,0.012728205913253632,0.011777210623719725
2025-08-29,-0.0046778360480005388,-0.01441916723633585,-0.0091684279012762548,-0.0044048787764621178,-0.0079801228528105783,0.0091196323199413953,-0.0055782697381215884,-0.025961365804913705
2025-09-02,-0.013326210502188074,-0.011287637437670028,-0.0096360640674856279,-0.0083539862313507518,-0.0067255983636494987,0.018647668226505987,-0.018523252395657996,-0.019643148160091162
2025-09-03,0.045216797000244613,0.01478687873643314,0.012019423822678954,0.0060887913116125514,0.0090281506629177333,0.019002145056483899,0.064392455063572385,0.022708276599276322
2025-09-04,0.0033872416918017123,0.0069380275600863239,0.0063240774092780949,0.0062495122955990023,-0.002368425068102531,-0.0099997682800836429,0.0061280953067692767,0.015970520658306286
2025-09-05,-7.2144650327121695e-05,0.0017465058456256344,-0.0027250937366133376,-0.00420517721199265,-0.0027697056887088234,0.013227558442216347,-0.00025982466122820291,0.003189796319776228
2025-09-08,-0.012317818241176171,5.1869353855149569e-05,-0.0026526595275015996,-0.0021559703297630017,0.0076709671521322242,0.0017623507173996078,-0.016075376132266395,0.0049064411667059105
2025-09-09,-0.019524257108982312,-0.0019357277560581032,-0.0020496542943003737,-0.0008068421801648018,0.0015749457060301175,-0.0034563764774180328,-0.026908659361148168,0.00088399709253472736
2025-09-10,-0.02676979936658952,0.0060020045073616579,0.0087019539767634324,0.0011055113191622556,0.0011794518433316803,0.0056181131808394902,-0.042991060708227669,0.0063312856980366483
2025-09-11,0.014226928337359279,0.0057616387650269996,0.008435416458404621,0.01307869357508129,0.008507873205457317,-0.0023397772496506208,0.021369676788996372,0.011581846095968462
2025-09-12,0.014847820582467808,0.0017369027702238693,-0.0031098191715084322,-0.0082819806902623139,-0.00051915527505530523,0.00080659529204840652,0.023605918211544008,0.0061421802161325534
2025-09-15,0.011947861863691678,0.0092669981246791266,0.0056396452777189854,0.0023380375730213121,0.008959807724600477,0.0095536531868651853,0.017569750779022675,0.017829912216329014
2025-09-16,0.0029403227716431335,-0.004008396244664203,-0.0044145845276634121,-0.0059613670019319498,-0.010038594722422411,-0.0015310906377853373,0.005993558897603446,-0.0048506430090514696
2025-09-17,-0.0055744917363722557,-0.01104774034720668,-0.010015224250231824,-0.0037130200797573787,-0.0036401298227008994,-0.01101169478204711,-0.0038268492247399699,-0.013025703934776089
2025-09-18,-0.00085155740490661103,0.012862067727666515,0.0086336146155656657,0.0067920873288198624,0.0090031634512179881,-0.0068543135137992817,-0.0031827044429555418,0.02191339878414178
2025-09-19,0.035120768729097751,0.0097816510516162136,0.0078949877433256432,0.0065317113141167837,-0.00025868708117482431,0.010490643485113083,0.051185155698018292,0.016571307311976424
2025-09-22,0.047904698691425551,0.010557536781938159,0.0091226078124539978,0.0061946468383555775,-0.0027163250692576746,0.023396996553720628,0.069551871791097897,0.016504721071795458
2025-09-23,-0.011842433872236269,-0.012040296154114394,-0.010907037899532179,-0.0071502733083498304,0.0059662658051420348,0.0052619660611612495,-0.015046534002838285,-0.018646358697196774
2025-09-24,-0.00945588978843237,-0.0046395236136886897,-0.003970174765790313,-0.0051253690311866551,-0.0064466221730121731,-0.013593522050740492,-0.013617375751224015,-0.0081461293645282984
2025-09-25,0.024123055544542638,0.0016057877003585741,0.00091456337353723605,0.0024733330282009636,-0.0040228077915269722,0.0067435543707139445,0.033213250376491477,-0.0027310904799272562
2025-09-26,0.0014956323134718286,0.011163066830630841,0.012994293198319351,0.013270420359567714,0.011726404245979039,0.017143978931405401,-0.0012682026559002191,0.01530283140904598
2025-09-29,-0.007899939422719271,0.00072949018149448541,-0.0012496949976598115,-0.0022461591636787626,0.001030287565777277,0.0081983545804524827,-0.0099080619193343544,0.0053426747924776308
2025-09-30,-0.0011941332350505762,0.00075494745146076347,0.0022040634097699741,-0.00046989917114137469,0.001029129013321084,0.002681129115028158,-0.00080187432545708592,0.0034885459571587507
2025-10-01,0.002843676720454047,0.0044198886050630382,0.0030737949415862165,0.00074536129644897642,0.010281494369092536,0.0058961105898902577,0.0044532294590335919,0.0092152059668311193
2025-10-02,0.0067302090558958305,0.0042642536308776791,0.00078183014334465284,0.0019836880832353465,0.010940091638141247,-0.0073918309703839835,0.010019017582993728,0.008375915260054656
2025-10-03,0.0042265284859763774,-0.0034503985759483102,0.0009319959770452968,0.0059268522567426096,0.0028941200957113278,0.011318434252379772,0.0059584793129241476,-0.0076634239839776797
2025-10-06,-0.004081431874125574,0.0085971189446174545,0.0048028043232684059,-0.00035608412148246948,-0.013048849761038039,0.018340104321635131,-0.0066615293285242627,0.016115474854563105
2025-10-07,-0.00063073537440772043,-0.005079182561181117,-0.0036178832608672051,-0.001676555202463903,0.0010169615806754351,0.00725557023533141,-0.0010398088332256306,-0.010345776665590112
2025-10-08,0.010967611542486599,0.016296326960825391,0.010633035405269053,0.0049935297129759526,0.010033031965458683,0.021363576225678971,0.014062496432318605,0.027814812158827529
2025-10-09,-0.013661984222819612,0.00073371101477093248,-0.00078019659861316981,-0.0035785636077190208,-0.0025147359651946921,-0.022151607487874259,-0.021466115320572521,-0.00047885594314400759
2025-10-10,-0.029052789230138321,-0.029246215478438642,-0.021470789835304482,-0.01306005911323227,-0.016009129498894881,0.012702277045734789,-0.046411558470000447,-0.06415718020646255
2025-10-13,0.0066142955942960491,0.018055733556940234,0.012449769978339909,0.0096334720376221039,0.0037151028003767905,0.029944136057563409,0.011471356129867605,0.039211292590726643
2025-10-14,0.0035201210115918258,-0.0036068142950984594,0.0015208552192531588,0.0074947818962094459,-0.0019145057919621733,0.010452648034530609,0.0037428691905370126,-0.010288253243898371
2025-10-15,0.0032635568094574463,0.0039816671351415867,0.001036279054978051,-0.0030536255484479025,0.019693107105191121,0.0060935971813933509,0.0064221479884101207,0.011016959818731076
2025-10-16,-0.011333719356919403,-0.0074712414206232758,-0.010050229782599951,-0.01056427488108147,0.014296456235125987,0.020639420533641317,-0.015109415129218373,-0.011160155028925645
2025-10-17,0.014916702385596725,0.0019830168195307252,0.00071307457008717989,0.0005924232673262253,-0.001978190382642131,-0.025667097643181869,0.024651926687601966,0.0085197798574763173
2025-10-20,0.04319650626055771,0.01626153907604011,0.01433893454849744,0.015003635483957556,0.0039643172693875073,0.038416494264391199,0.06298715851941683,0.028907876409240307
2025-10-21,0.0031424557323895819,0.00085745018181238031,0.0011553504510390944,0.005835192148611279,0.0071569820397614503,-0.056361213751207173,0.00415410426792584,0.00059574170230747292
2025-10-22,-0.012706480102183115,-0.0058745954454806348,-0.0015458316191676591,-0.0035631147814784159,-0.0073512139588938208,-0.0068792788326598187,-0.020957756061195654,-0.015545262706803009
2025-10-23,0.0036729464958986657,0.0077045639400656896,0.005141324683898052,0.0025435282172536766,0.0016046024216123111,0.0190177293884497,0.0058574417486148,0.016105171889665426
2025-10-24,0.011647340670003503,0.0098452156610495667,0.007116433561712654,0.0096960069072169475,0.00053730115743988449,-0.0027042747703810432,0.017883132052955331,0.020514673417999285
2025-10-27,0.021591043517773301,0.016615031318863327,0.011107629978897027,0.0054683689928618495,0.00192619802206484,-0.029681582367518278,0.032973249888049061,0.034403431860505096
2025-10-28,-0.0010158696235893494,0.0059552080670361995,0.00056701793775681963,0.0020585383649416311,-0.0027043789161611542,-0.010810917730574521,-0.00066306885380473801,0.013631887297230527
2025-10-29,0.002076587931679974,0.0039762028136347549,-0.00056159975843039778,-0.0021582270111324409,-0.0022186652442934829,0.0038919434704445255,0.0033770676555158197,0.0084767771432614492
2025-10-30,0.011030904555925813,-0.010662342348574105,-0.0052473326849583612,0.001829937415567473,-0.0049412465912767045,0.0085152300618056564,0.01419732800107365,-0.026022742362778239
2025-10-31,-0.0011364728143039571,0.0075055541196642483,0.0053667425439338778,0.0040618596878856383,-0.0040968568411182682,-0.002174853487400763,-0.0030391153813564831,0.012342295919527624
2025-11-03,-0.0010473422497107032,0.0086568653268310758,0.0056431231315157149,-0.00078931411967086973,-0.0024932008799957162,0.0082493117588955389,-0.0034978163696367526,0.013460124663520867
2025-11-04,0.0044550122661746183,-0.019541340278914077,-0.010962825743661919,-0.0046596864544307115,-0.004623783213062338,-0.012566211846752884,0.0062963012995100875,-0.039855114757331944
2025-11-05,0.0032971763046936164,0.0094529007805936871,0.0065950143963993124,0.0076326423103776353,0.00062768890653486231,0.011130557902944593,0.0034828336903558466,0.015979940027818218
2025-11-06,-0.0023447148282688124,-0.019585446241207949,-0.01213620696626394,-0.0090637180688933894,-0.013927235293025086,-0.0014516952447657383,-0.003028902428157676,-0.038194552853925146
2025-11-07,-0.0093381694512847391,-0.0076823460080877037,-0.0031825061286289147,-0.0033109729322943204,-0.0013995799221586669,0.00014801589044699526,-0.011736652502577494,-0.010823488667476733
2025-11-10,0.0050126247637110044,0.02259656835376056,0.015998028353770621,0.0088939071170535122,0.013506594205568323,0.028456373883348984,0.0072879305692625795,0.044731123554913932
2025-11-11,0.020421908565050773,-0.0038148652844159914,0.00091888491383484983,0.010629713949866781,0.012320791001496634,-0.0025356963544136413,0.031210073605522304,-0.0064753090529402479
2025-11-12,-0.0090617276858793172,-0.0033982646839367803,-0.0019430411613178267,0.0043576632478397048,0.010556459748546354,0.020964104570939446,-0.012286611705998984,-0.0041845697222335776
2025-11-13,-0.0023064107895383046,-0.020813197122290128,-0.016925625238485176,-0.017011584053139295,-0.0012290291279341004,-0.0049366079242308958,-0.0032568752169239712,-0.041220912309813285
2025-11-14,-0.0053912359661600906,-0.0026663378643226876,-0.0037096713748032695,-0.0095914337377035475,-0.0072597066846434855,-0.027250198755536581,-0.0063770070903972353,-0.0019129820109593521
2025-11-17,-0.016766440165598584,-0.0071219572687645227,-0.0076472424452165288,-0.01020091020597047,-0.0061973227331274527,-0.0033877805646326253,-0.025865048657966461,-0.015674691356666215
2025-11-18,0.002062241868901582,-0.010064397801983427,-0.0060634785096485011,-0.0086509713792543019,-0.018707907137575419,0.00016959987521891762,0.0020247491685829733,-0.022266022873505431
2025-11-19,0.005002744144714244,0.0067861875857886389,0.0046011750268786233,0.0018093730598065516,-0.0017793516663119346,0.004822948122055859,0.0070984547016161859,0.01276105214066714
2025-11-20,-0.0051226280381360123,-0.020245954927936349,-0.011971893430460678,-0.0044449850030836568,0.0026737851034470683,-0.002094981367392057,-0.0094384566876279941,-0.044000939116720317
2025-11-21,0.020221966793134705,0.0080477153779439092,0.010435604122869924,0.011565739689671783,0.00063495938740087965,0.0053364129335720101,0.030067496517646397,0.015564523411776721
2025-11-24,0.018697255977392135,0.027974563055777724,0.01785854596536729,0.0063935392529896884,-0.0020305032476239937,0.0059532907468617946,0.026875142607058589,0.053607643393495996
2025-11-25,0.0027195507846242695,0.0050753681115249805,0.0080335832694939935,0.013414762786481349,0.0086470029304868135,0.01009279591067469,0.0046201624454693668,0.011232408760115886
2025-11-26,-0.0017846119892370726,0.0049308570078974157,0.0030260410853846231,0.0028310490883454165,0.0080685752913614017,0.0021927198487736721,-0.00074155661074315482,0.013732436762019962
2025-11-28,0.0016511181647296258,0.0050641379932758745,0.0023566109631305565,0.0029294860879123252,0.0030014740685022634,0.018452004266790167,0.0039859272353530706,0.013146775963069457
2025-12-01,0.015099924443344515,-0.0034974296599171728,-0.0053411474595758124,-0.008227104354049164,-0.002867777260483928,0.0045371587081359799,0.022719450881677039,-0.0068557308865142552
2025-12-02,0.010375291343242887,0.0072880777423258714,0.0019517223062062161,0.0035627528857147261,-0.00212577424472149,-0.013159154059706468,0.0158297998499346,0.015109881154792282
2025-12-03,-0.0088567902052817393,0.00069845518473821144,0.0012669114531509429,0.0069757045699849751,0.0018796226910802183,0.0010261093416821243,-0.012414636790079814,0.0031380074051619022
2025-12-04,-0.015438216604794941,-0.0042643999932117094,-0.0021928973841417454,-0.0040440915363645358,0.0036272786316065009,-0.00086470678425032421,-0.021488709368147174,-0.0051915689083325001
2025-12-05,-0.0047892135865584828,0.0061508627421402728,0.0041588670406604855,0.0040730391360603857,-0.00062307357545254849,0.0020649784246205005,-0.008216309592147919,0.010236747059659823
2025-12-08,-0.0029719401579803018,-0.0016977562464681739,-0.0031729926818451215,-0.0036960771539085169,-0.00099765343083957347,-0.0057428263214298614,-0.0045685146614753425,-0.0036167213419456834
2025-12-09,-0.0026593402493518825,0.0011286694121599439,-0.00097091580945296574,-0.0037223496194418448,-0.0059918031865745514,0.004281164034244167,-0.0039366835721579285,0.0023619924280593452
2025-12-10,0.0069080027103092245,0.0052293248187935681,0.0079191520200256882,0.011488844132659937,-0.0040185822662508475,-0.0015886464898832164,0.0097974462023322495,0.0093295339113239617
2025-12-11,-0.0089061537252846934,-0.0094468002993590705,-0.0041551992397449444,0.0072280882898418941,0.0080695928552461105,0.014537918146068751,-0.010242900996416893,-0.012660941415697957
2025-12-12,-0.0023568528219866103,-0.02230916325953114,-0.013822582363233749,-0.0082993528331219979,-0.0022514110324769465,0.00028280214510956192,-0.0019087653971787688,-0.041365298847459764
2025-12-15,-0.014834589142037946,-0.0048675389997552276,-0.0012758425896191028,-0.00032120309996896967,0.0082738333945604481,0.0017471400569937234,-0.022328207217466756,-0.0098877250083299062
2025-12-16,0.00037776213487350496,0.00053515473928644752,-0.0037861620165782206,-0.0080094235838064076,-0.0033569146094983848,-0.002111809584432911,0.0012885146077850074,0.0025140522895223949
2025-12-17,-0.009656469601050266,-0.018110124442451525,-0.011142098478700846,-0.0040899600163532002,-0.0022455126865328356,0.010041444192291804,-0.014702181835818506,-0.036655203753389154
2025-12-18,0.0018994124037203797,0.015109885164064307,0.0085609292564836625,0.0020917308627934617,0.0083770710280572924,-0.0015394490028914909,0.0025436418613558054,0.02960881683967842
2025-12-19,0.0068658759796860203,0.014474746859975518,0.010274704990858474,0.0049379134448661599,0.00037196253849125505,0.0066521153013101575,0.0095884279892493041,0.027528721759391361
2025-12-22,-0.0083798705580542254,0.0063016471118517714,0.008007565679499784,0.0063091484564656852,-0.0048339041667482263,0.020242110158968485,-0.013320254268328169,0.011102397361210325
2025-12-23,0.00018718057193689575,-0.00025700343712387053,-0.00038593475115100695,-0.0033324999512458486,-0.0027400824286276659,0.0031646952194563926,0.0027394347174105604,0.0044033208447635808
2025-12-24,0.0028041559747604694,0.00041186219003397362,0.00070960615160298168,0.0032204421540933392,0.0011240660375697598,-0.0031483699617822491,0.0054593676807406233,0.0033299918172671195
2025-12-29,0.0017516935660102373,-0.0029793481831745794,-0.0017416695164689244,-0.0030443048936036332,0.00024945910869345056,-0.033489563877808326,0.0016587846513971272,-0.0078926241387248242
2025-12-30,-0.0024958844342150011,-0.0023310589174968532,-0.0013854792518026571,-0.0020752621021797868,0.007358397800511618,0.0098185240329551338,-0.0037379030841725447,-0.0046502707006942368
2025-12-31,-0.0022992122527791814,-0.006105705379179982,-0.0051180044776361067,-0.0040806735695403384,-0.0009903950103360426,-0.0081491659182156839,-0.0045378306045396055,-0.014389435209101631
2026-01-02,-0.0033957937563817708,-0.0022067941158346871,0.0018560138838765727,0.00609565868352413,0.0048333049677578011,-0.0029185455777607228,-0.0049586090489471824,-0.0041434250604186484
2026-01-05,-0.0099783354238260902,0.01188691932844943,0.010294613055279012,0.01665814885118766,0.0019733106697286118,0.032178054777747711,-0.016923945544407681,0.01986095383956199
2026-01-06,-0.019196052336650116,0.0079010522137188399,0.0053870751004698736,0.0089957423254154456,0.0028311590716592061,0.0091324528239484781,-0.028355144337061655,0.016679972763265383
2026-01-07,-0.0054708091286468363,0.0032490158337672437,-0.0011573512980405098,-0.0071385031498517604,0,-0.0052058489633546312,-0.0093484074883458668,0.0042136440767832628
2026-01-08,-0.0039782080577059897,-0.0047127158949938908,0.001059257970416505,0.0062324010403009833,0.00085920822112894868,0.00057819610871034932,-0.0064582669401517245,-0.010407341497172595
2026-01-09,0.0028990076627273265,0.011599527098699713,0.0081509969265278759,0.0066867703175412796,0.014226097862281684,0.010649614707467059,0.0035370036253490333,0.021576038459913738
2026-01-12,0.0063405838500361078,0.0037700187406488617,0.0046046077057586565,0.0047207183774748973,-0.0002417973857835598,0.028296024355964233,0.0080419525820050186,0.0046021910951989931
2026-01-13,-0.00064543505005576485,-0.0051853097110642343,-0.0056216586379944644,-0.011663804090337404,-0.00096760801595774382,-0.0070760803051234111,0.00088589399356364673,-0.0066625262848334366
2026-01-14,-0.0020841656815714371,-0.0086051977978252037,-0.0032239493283600096,0.001366616781201424,-0.0021791804903263934,0.010074959826478658,-0.0041763219368800009,-0.01931054242469632
2026-01-15,-0.0070554633315643711,0.0032722716407549424,0.0022788664481101506,0.0055715233041229162,-0.0023052028176737682,-0.0029137715988767354,-0.010420190097987225,0.0068705530802282144
2026-01-16,-0.0071982396574373775,0.0023753872624399097,0.0026409812322227832,0.0014264049700496439,-0.0066885933273093112,-0.0029259693057861469,-0.012404563258626045,0.0015363669799406399
2026-01-20,-0.0370549080682403,-0.023780956740596104,-0.023128819016129842,-0.019851833666088337,-0.023628798946680241,0.034395750024505345,-0.054287964881985618,-0.044973119040443321
2026-01-21,-0.0037437384562937215,0.0058508691302565641,0.0039527480254759606,0.0045513148410287751,0.0011284807259013263,0.0073654909186984252,-0.0018328955262243429,0.019267162576945385
2026-01-22,0.0075427032384820514,0.012006210156013886,0.010233059047692672,0.01061885685034758,0.0091433290382947341,0.020466509148921563,0.0089626448235902156,0.019309600243761826
2026-01-23,-0.0081850302182414625,-0.0038098754981227279,-0.0065315432133042917,-0.012497079991120708,0.00012414219024914352,0.0064546504787406089,-0.0088048449056181699,-0.00067435015275696397
2026-01-26,0.020695667739447643,-0.0043955546687480807,-0.003795043565235523,-0.0024373130646603292,-0.0011169516659215173,0.011705800295351843,0.035422097641679917,-3.3917272479810912e-05
2026-01-27,0.0096627564233182639,0.0075336129775183114,0.0025601024214485513,-0.0096017487904168641,0.002112135704458451,-0.0014981943565867128,0.01525306415189509,0.016585084988872678
2026-01-28,-0.018748269119375438,-0.0084733150448556005,-0.011817817004745379,-0.011604854758622274,-0.011034056268721115,0.03122504335953491,-0.022249450362028633,-0.0052007234556427084
2026-01-29,0.010527986451249749,-0.0026763178697928325,0.0020461899039692089,0.0034927545032037433,0.0011282934821705837,0.0061287372609475366,0.01412751600610318,-0.0086815630811283295
2026-01-30,0.0056570490630880599,-0.011016869328065448,-0.0032343031760292407,-0.0014033835370322878,0.0063862025085481555,-0.10689787919114069,0.007982514192477197,-0.023039857460440571
2026-02-02,0.050816040164615162,0.016769898941709105,0.015326795393332926,0.020160763217132338,0.0069677434298403007,-0.0098496347970318254,0.071306111572827735,0.023703900535228417
2026-02-03,0.0023062684121035737,-0.011152231107702026,-0.0041552061441234578,0.00078101932590124434,0.00024708566651421293,0.065234304670386933,0.0013206761808475243,-0.026581915090019725
2026-02-04,0.024499690969447485,-0.018918044379484411,-0.0065339538215265502,0.0034740506488470935,0.010253265748550788,0.0017220963064581429,0.03748691826147188,-0.036361325144367296
2026-02-05,-0.00087130187753170496,-0.013184213884319451,-0.011029023032994578,-0.010589491338580337,-0.0039129334751865086,-0.01116821670578827,-0.0019213509758001512,-0.027597224087644201
2026-02-06,0.010043952712046389,0.023198817162723318,0.021794552246245935,0.026857970266273457,0.0047876183897821445,0.020523495753458132,0.014056869648695347,0.044379515486698162
2026-02-09,-0.015664713336159042,0.0035775012505689929,0.00071395633556270433,-0.0036740266625268081,0.0051313155378749364,0.015868252210801348,-0.021471301331577597,0.011206539846459584
2026-02-10,-0.0099757182118542786,-0.011183988163566139,-0.0098006158782110164,-0.0052273273576018964,0.0010940071831488929,-0.016041220355815677,-0.011675973385654959,-0.015792768462879359
2026-02-11,0.0078724200715569737,0.003899450766763124,0.0011934335895773529,7.7089040765754291e-05,-0.0012141631056339364,0.014647295484351508,0.011201535512672889,0.0065847123442015487
2026-02-12,-0.048897331980223502,-0.019220644717408919,-0.01445467749071172,-0.012158413754046804,0.0031606430839299371,-0.028332257416197049,-0.07391669590615646,-0.039582685306459919
2026-02-13,-0.022106648133953244,0.0027737140378776282,0.0012881160138316083,0.0018753343443926873,-0.0042413777067270564,0.020438267082732331,-0.033480684070794631,0.0049060043360260597
2026-02-17,0.033284150075072905,0.00053504689221339774,0.0027320474759524593,0.0027193410423211883,0.0063283958141484575,-0.026299297603250782,0.049142906849086287,-0.00049654274262034281
2026-02-18,0.0016149102778306723,0.007299905510733895,0.0054369619810943348,0.002152899729827018,0.0089490608528388638,0.020947983990333263,0.0025053462575257424,0.014765772703027702
2026-02-19,-0.00899269471752695,0.0014949325373099231,0.0026459225535764297,4.5393971080942563e-05,-0.0039554336551308467,0.0029167856818206328,-0.016161605414357738,-0.0023552616015146688
2026-02-20,0.017050246509184852,0.010537796160697388,0.0086579904851060707,0.0063662452629078548,0.014079400606844317,0.018410778179593024,0.024738311246560007,0.019401475286959791
2026-02-23,0.00047047358974672271,-0.017630751704578396,-0.015841524776290972,-0.021720594536171034,-0.0027292718250984116,0.02277809858247104,0.003477349613407954,-0.029718224951580385
2026-02-24,0.025936260219093565,0.01424629901830099,0.011207082874707952,0.011240126039912646,0.0024987991692639877,-0.0059995268700292481,0.03717060698454433,0.025025031348408833
2026-02-25,0.0092724090559939132,0.016096437869806302,0.0097591812175814585,0.0077514743302340428,0.0043917239950388431,0.01123581723074496,0.013118405822774903,0.030612460217180004
2026-02-26,-0.0080314992819994213,-0.015403294752806884,-0.0087214342325909744,-0.0032991826711323835,0.0074450157524181826,-0.0094818866154851023,-0.010357456748871674,-0.027427005157359186
2026-02-27,-0.031135552160485913,-0.0021760968456876473,-0.0032216066975873092,-0.0094906894462718494,-0.004809427121517551,0.011376991755073451,-0.047217311535514228,-0.0053801602809460114
2026-03-02,0.0057577158566781694,0.0050283415926626329,0.0041894834768820832,0.0027221628819296129,-0.022159327375858684,0.015889314055531845,0.0067835225381325248,0.0063505806915553631
2026-03-03,0.0016317529253826457,-0.0054472506708485025,-0.0041396480395952118,-0.0022064286692140556,-0.033751150593820944,-0.030248093914903351,-0.00021003233229277551,-0.016209824782430382
2026-03-04,0.0026247215363510712,0.022677288733413903,0.015150510155597763,0.011928445492164874,0.0069859971682917354,0.0094851186120428199,0.00027582627643263358,0.038032065410639415
2026-03-05,-0.01048635186079705,-0.0050155932638952239,-0.0076081975786644884,-0.018173582240219921,-0.014618437652762717,-0.012893157404951894,-0.014725087929317482,-0.0080223068040338186
2026-03-06,-0.0085247892193865971,-0.01270528127498316,-0.01079495701344424,-0.007256639746536897,-0.0047774358692996843,0.018163045698556868,-0.013973981207599517,-0.027784157307005453
2026-03-09,0.016828283854477766,0.020813421339995974,0.015822559340610942,0.012977011254802218,-0.0090955177791099961,-0.0033805594974567477,0.02156267328619399,0.034267337688946187
2026-03-10,-0.0044633344353443016,-0.0080729876867591255,-0.010098573411346901,-0.0084629738069907923,0.017975471555704114,0.018808919570695304,-0.0026503616168472854,-0.0080566953011793618
2026-03-11,0.00043436492604098653,0.00037940761211441298,-0.00029175534499181754,-0.005541778809610598,-0.0030056088710802564,-0.011513050391351975,0.00039595883417220534,0.00024763811445072115
2026-03-12,-0.013578399805305175,-0.011366088931455742,-0.0093772762458113057,-0.009630301047638179,-0.0059037962203205563,-0.0044536286319694085,-0.023316847204742808,-0.028630672856481798
2026-03-13,-0.020223094295260258,-0.0040681699363801505,-0.0040677712689103362,-0.00042317486940846027,-0.010108706822437141,-0.010658642337368351,-0.031269657563822051,-0.010006372114624518
2026-03-16,0.018446288069982275,0.018872111733072572,0.017880439333119336,0.015973137331829479,0.0035742458741472305,-0.0042742310739855016,0.023884585211652265,0.030174529679503515
2026-03-17,-5.7392952958479349e-05,-0.00075018407444416013,-0.0030859722023650615,-0.004334551896091221,0.0058509166675482227,-0.0044104132386126871,0.0027154928625263697,0.0041027964350395241
2026-03-18,-0.020277395980847213,-0.017352894802948327,-0.01701763486906982,-0.020179569015699284,-0.0017703513708501317,-0.025747272676596822,-0.028685415550081861,-0.031244432763518515
2026-03-19,0.0025962860627688489,0.0033617875688518595,0.0038347065128703228,0.0023253554488757988,-0.01976190954828283,-0.053177094033107108,0.00062301535345654635,0.00018074765631026501
2026-03-20,-0.013625879868163771,-0.028068781754382321,-0.024732656096330796,-0.018755883866492407,-0.016929408181594163,-0.016389756846535541,-0.01555499564277385,-0.046369915189820476
2026-03-23,0.015639799492971562,0.013001368159276439,0.013036605768553367,0.014861612361991572,0.0067043793647494354,-0.035184791484017097,0.022707175151468251,0.024497688142574026
2026-03-24,-0.0034521316814690728,-0.010855296483346599,-0.0077645234711564148,-0.0057708481834110037,0.0022198767939487496,-0.005243750374569367,-0.0031551426250923109,-0.017664483172470158
2026-03-25,0.0032419300504393789,0.0059213915025841946,0.0048045744515812228,0.0057859611994877103,0.013680821521274478,0.03347133455180451,0.0051878945393817322,0.012492781932613495
2026-03-26,0.005673141186252284,-0.019378336078440306,-0.012883126017334878,-0.0058548102034240435,-0.0071980098460372455,-0.034240219463152366,0.0062100229413477592,-0.043356049832942611
2026-03-27,-0.013920884079015816,-0.017292290124067078,-0.014442048769416016,-0.014993504034177541,-0.01074565283033857,0.028902132229758681,-0.022025922703904244,-0.036873773418895639
2026-03-30,-0.0050055853701155284,-0.0039228461595753883,-0.00020365272713573912,0.0052388666440581488,0.0095536669618176973,0.011233819256644795,-0.0093828735269451125,-0.011594683262693861
2026-03-31,0.031904936138981599,0.036740904517684525,0.032098147071295102,0.027481889007625826,0.0063520594716943712,0.02973461594686122,0.04646111646355755,0.070689233545539798
2026-04-01,-0.0026884993900351262,0.0023642732187936222,-0.0027318526095498896,-0.0049719366250866592,0.020610668042310154,0.025391326486832622,0.00090079349422000909,0.014595631596131975
2026-04-02,-0.00027915535980482797,-0.00026708327270852372,-0.00021905689615397961,-0.0023130521947559712,-0.0027767412770640654,-0.029088898791441942,0.0002872821956991789,0.00087786392539612734
2026-04-07,-0.0052196143533654871,0.010474602454549453,0.0095735067142621588,0.0060478037092068782,-0.006328312700686789,0.0053499468890247925,-0.010147051214449476,0.016674121299007139
2026-04-08,0.0085951401911803504,0.016920593677918649,0.012328012469110528,0.015709017259539548,0.04687301241936348,0.0070579170919886636,0.019113485216716075,0.046282737215728398
2026-04-09,0.00849307300385993,0.009117787966203883,0.0085855311030456072,0.0080689819796055939,-0.0037718113977341927,0.010897875922465605,0.011570916033623702,0.015898188988075601
2026-04-10,-0.0027664196898464777,-0.0012900345019867254,-0.0037631740658132795,-0.0082122942435425283,0.0019541239310765235,-0.0090621391199589008,-0.0027854977628118949,0.00014819453994263654
2026-04-13,-0.0035412032939773352,0.011736470702623958,0.011566935309522908,0.0073972405398694541,-0.0031692117665647057,-0.0028038536798377089,-0.006001576231573047,0.022093398824033494
2026-04-14,-0.0093787443870398945,0.010049828596482735,0.0037527996544683973,-0.0010488795255874095,0.011371977489087692,0.0092464244098422466,-0.010086879935294224,0.028062130483496484
2026-04-15,0.026697887287025379,0.011374122529456798,0.00544507288178675,-0.0041710466806134106,-0.0059242881053485075,-0.0080387511561038627,0.041341377277085645,0.025337337752008082
2026-04-16,-0.012189238853381079,0.0039864850182722567,0.0017901616787630026,0.0010498492902426548,-0.0021892520372580604,-0.0039952893266754774,-0.017870886421110677,0.0087989137544666196
2026-04-17,0.028232079437825686,0.015357065905740486,0.014314476510841834,0.020404560101654701,0.019380745004229816,0.017105467409042285,0.041226313843379936,0.02847052118476312
2026-04-20,0.014007200198542735,0.00034880711113971508,0.00117764323121472,0.0037581574742127088,-0.011359523848404107,-0.0069126623361086548,0.019243356435071801,-0.0028372735032047292
2026-04-21,-0.028767669169331822,-0.0074525827800183686,-0.0099853346025640111,-0.0096493844059385436,-0.01003872554415941,-0.026194669646048996,-0.041319875196312084,-0.01124190844466566
2026-04-22,0.029806373501199301,0.020205085503355091,0.013929709167810556,0.010360715173733048,-0.01038483188719741,0.010518482446164823,0.043000836452475433,0.036992723408063588
2026-04-23,0.0042196823135198791,-0.0023861021691011786,-0.00086763530208233686,-0.00030393480968649023,0.0083950654959972226,-0.0028563750744323713,0.0046970457743418237,-0.0080371597300783471
2026-04-24,-0.0067877143709059728,0.02106019796068348,0.0099267545698171755,0.00029088012856903767,-0.0079579030784812099,0.0054806506754294659,-0.011129776710672945,0.040223985612738877
2026-04-27,-0.014631134624044417,-0.0014017121244456199,-0.00069198793220492938,-0.0026983763866457178,-0.0012340920107065667,-0.011864546535908183,-0.020982758766962317,-0.00087553791068262221
2026-04-28,0.010115578341728382,-0.011493787864708449,-0.006333555261088919,-0.0022840390477172345,-0.0022241480847278172,-0.019598622000076893,0.015899190258299667,-0.021535930238003709
2026-04-29,-0.0015150015736572486,0.0065972414804393864,8.3835076523541829e-05,-0.0051180252129634507,-0.0034674771429953344,-0.0097012495769647211,-0.0025128470651502033,0.012713793551549779
2026-04-30,0.0072157711658404899,0.012188420472604822,0.013141771023694959,0.019212051517729867,0.0062134956184312085,0.017807348893494668,0.0094058102777370145,0.021541148003162425
2026-05-04,0.016547548252879407,0.0040946299754200943,-0.0046357293110241837,-0.017800096010895161,-0.015808308756324885,-0.024302099543098477,0.026323027242850294,0.011728696311089193
2026-05-05,0.029596176236782901,0.015979308167562323,0.011138297916830409,0.0099323289337438503,0.015309338478188161,0.010754631683327576,0.042910869980980149,0.028991827586735575
2026-05-06,0.0096597712468948771,0.018697814027995863,0.012525218922499359,0.010294484980376994,0.028797356274886665,0.025446020634620758,0.015506811698065226,0.039429937711438212
2026-05-07,-0.0029375675019587266,-0.0038844580422567887,-0.0064810132697648015,-0.0089695754681536899,-0.012734233370939485,0.00083197608628937658,-0.0030589916464900391,-0.0050741968716171426
2026-05-08,0.02183507924271999,0.024823510912246327,0.0099390084598216522,0.0017951314197774959,-0.010099803212125336,0.0055597170718622024,0.032077139825218426,0.048296063746769091
2026-05-11,-0.0044261200616667606,-0.00028028093510756857,-0.001209110350795739,-0.0011985658699867896,-0.0025814270241132364,-0.0035889375632180975,-0.0050554269454802236,0.0026069444238245865
2026-05-12,0.0062951218514624152,-0.0094153303417668921,-0.0025086645440515198,0.00062624573580460918,-0.0097362696754975664,-0.0098150051884918765,0.0099133995681066622,-0.017889227101708594
2026-05-13,0.017651373932196623,0.014395366790943775,0.0097040615135293162,0.0022810181016463815,0.0028625184978399165,0.0080766012575137491,0.02458055082220878,0.024997713429716129
2026-05-14,-0.00055720807142189965,0.0087742088197351187,0.0093459387396517268,0.0090289041654079139,0.0095556791458109025,-0.0028995773952122939,-0.0016631816945466005,0.01589367846464218
2026-05-15,0.011432953999899631,-0.010529778184385385,-0.0076048864639145508,-0.0057169838033426235,-0.015857417820821618,-0.021831773052773507,0.014835537580929703,-0.025687343206610258
2026-05-18,-0.0038881833244324149,-0.00021472904115205083,0.0034272328229916216,0.0074293693667841776,0.0081189301236634925,0.003246762560408234,-0.0078848537658290363,-0.0045346156406654847
2026-05-19,0.00028478327205405662,-0.0096368289204958879,-0.010085621411413448,-0.0095710697831937752,-0.0016106709811991582,-0.013727666848834086,0.0021751466369646089,-0.015777714383223396
2026-05-20,0.015153968261157891,0.020769744655587452,0.01499833020193031,0.0168624606263168,0.015512533775076998,0.0095017917387059114,0.020662194406534606,0.037401973340769556
2026-05-21,0.0074840877534603223,0.00033712324891710388,0.0002679467360489074,0.0041613330735219556,-0.0041550037843959275,1.8147996706963099e-05,0.012009608647975956,0.0022412005334053742
2026-05-22,0.012922747528816503,0.0046025238986928674,0.0041472724213762469,0.0063453090309426585,0.0042949869100032956,-0.0038898876778424851,0.01920394024435268,0.0088446856996411416
2026-05-26,-0.0029789918263840587,0.016335881328235935,0.0047682327022378068,-0.0031109918402759673,0.009775208792224932,-0.0060087339881111923,-0.00377125339313511,0.034066231349353604
2026-05-27,0.0082200288825793333,-0.0010901240063202478,0.00022150560705491706,0.0032727902775759876,0.0032672346860491697,-0.011925686185538131,0.012306789146593999,-0.0022267563671904966
2026-05-28,0.0069781086849711738,0.010074024665795323,0.0073990922263644787,0.0019650559507089493,-0.0025329478300719632,0.01309014970472222,0.0096525564617013782,0.018518836200080324
2026-05-29,-0.0044330571211862457,0.00067555495050641845,-0.00077248568510657201,0.0043368494390263468,0.0014510610763036613,0.017765674460674674,-0.0051508811660548881,0.0043485189324616869
2026-06-01,-0.018094293676097606,0.0063401302910819357,0.0030402737273989011,0.0016304590336098101,-0.0056749724998184092,-0.018545061514265271,-0.027310395959132205,0.012342349692192833
2026-06-02,0.030209618522593074,0.005763054252437616,0.0024780168748157472,0.0062623988493162308,0.0080146165675616388,0.0041747128324975957,0.044737820991916477,0.010372894920929188
2026-06-03,-0.014538820913747141,-0.0014643921118963066,-0.0062127049633230458,-0.010124632480270512,-0.0063847580491213085,-0.010587555102741897,-0.022384168915399738,-0.0040806593133503322
2026-06-04,0.004222418613290424,-0.0037501343751243921,0.0053249988021666361,0.017716486562777911,0.011032929142556158,0.0096312964765579157,0.0057873527107978884,-0.0085928191685239463
2026-06-05,-0.012774049979237256,-0.048266368532284387,-0.026577725451080836,-0.013822565462427661,-0.002878017334526306,-0.031280097014761532,-0.019021721225305877,-0.096254029577469091
2026-06-08,-0.011203686375033772,0.023553234796885869,0.010857507732672911,0.0062533179975883257,-0.001683696777862953,0.0073767168468688027,-0.02071320290419254,0.039291122910488419
2026-06-09,-0.036934855541917333,-0.012008447822480894,-0.0030470184428813551,0.00047501897938007076,0,-0.01814483517722032,-0.055148787128451504,-0.023509903276112354
2026-06-10,0.0029433903287758856,-0.02056409972452522,-0.016763801994596705,-0.01857032223101196,-0.0044573272745470627,-0.036295719766036183,0.0047148305058013484,-0.040528709423774734
2026-06-11,0.013866472543376362,0.033752108851133666,0.017507803316860082,0.01818747920621222,0.0059293062365497473,-0.0046922827114045385,0.020811231241788741,0.06752726255571595
2026-06-12,-0.018652321029288377,0.0023804601727928087,0.0015720629341504644,0.0037549688997899899,0.017562842929272904,0.026745997381862896,-0.026236623926336522,0.0082446355807765936
2026-06-15,0.015789702481426637,0.029001879695333077,0.014384839672889616,0.0081233713312529598,0.0039011921662286397,0.024210801433588891,0.024853727399910097,0.060342106746206658
2026-06-16,0.010286588013480369,-0.018254178401265975,-0.0048921785959551434,0.006556675519199695,0.0083607995735011098,0.0014096778814436384,0.015046987730095829,-0.037274145382781065
2026-06-17,-0.012336211158496257,-0.011413269187057318,-0.013475556384744847,-0.011200620286412666,-0.0028027311861199555,0.0048356243073950367,-0.017826022343191528,-0.021469949585009029
2026-06-18,0.015939152893141406,0.034205334468794035,0.019873119410811046,0.010141216605381365,0.0045672724257650454,-0.022285495860232429,0.019450507115325921,0.059494224488815917
2026-06-22,0.00052092234926126579,0.0013695619713265383,0.00022642595508193253,0.0069274585803809074,-0.0083935792836229428,-0.006324538549825065,-0.0011633601718886721,-0.0011503634489073988
2026-06-23,-0.0060349984484706631,-0.029913816045757491,-0.011278734398906587,0.0022253391540900669,-0.0069362374185846232,-0.0096040853909883372,-0.01061142206234289,-0.062945480870789772
2026-06-24,1.9521623873197669e-05,-8.1209104718649172e-05,0.0032014313445301035,0.0078755358440902867,0.0049721577231653935,-0.029843758391200903,-0.0020618876347091586,-0.0043447583504746534
2026-06-25,-0.059083760906089466,0.010354057563625174,0.0021769028088440834,0.0036607753181274738,0.0060077999752305988,0.011930739641837329,-0.089740857859382794,0.018477682126752937
2026-06-26,0.030685548030172427,-0.014412980833041988,-0.0011043812861418756,-0.0035646193288353389,-0.0060890428942599328,0.01136533499873682,0.046357567475168171,-0.02816747080626425
2026-06-29,-0.0092755318831170275,0.022699934108694642,0.0096291334551537044,0.005472521185847512,-0.0022383932393924555,-0.016085155680546581,-0.012862303997877023,0.047501855870986542
2026-06-30,0.023772079451142458,0.013772559925143923,0.0048048281375376867,-0.0018312615727604786,0.0057857816701392117,-0.003286609592246581,0.037252075449762945,0.030733032396385918
2026-07-01,0.018127130289991022,-0.014496449425134617,-0.0013533806342697074,0.00078442484451457517,-0.0082178556672258818,0.0116438493922153,0.026808103883272594,-0.029758081953697779
2026-07-02,0.051661527003130869,-0.0142831431994217,0.0031463974540715256,0.013627079420562183,0.016571896790407159,0.013744000899397202,0.075940043085541697,-0.031670781237153056
2026-07-06,0.007767096780460836,0.0090445262076932487,0.0020823709532695744,-0.0010578202721472918,0.00046577686081339387,0.0048561636808508446,0.014261890430552704,0.023311542935109397
2026-07-07,-0.0067490536163421488,-0.018872700159377032,-0.0048007974276238485,-0.0034472501078026685,-0.0045390991382655566,-0.0027772303144486532,-0.0099463049983045115,-0.037390849466336973
2026-07-08,0.01214657765320637,0.006172264409008088,0.00050609676397872505,-0.0074546860614168597,-0.023149722387443061,-0.014770654369656855,0.016555100252690025,0.0090149963637771169
2026-07-09,0.0074192994146329294,0.015019250896106895,0.006567917519630706,0.0011154539233968475,0.0098144783348033116,0.0126859351591595,0.011927205763259785,0.031635015074835016
2026-07-10,-0.0038369559389448415,0.0020863478423067683,0.0033108853621597323,0.0020364091448286104,0.0014222485869523904,-0.007531771866453929,-0.0052585637058655266,0.0051664360897170081
2026-07-13,0.0088651224104068227,-0.016489858317197736,-0.0054078167236567554,4.0289167539064863e-05,0.0033139872928904524,-0.023782267095014853,0.01202860112430737,-0.035517881617001201
2026-07-14,-0.0059669925384038258,0.012957395382532821,0.0055328717831371055,0.0021879626102232486,-0.00047178586429830194,0.017773249133971269,-0.0098343750000068342,0.02414701838026323
2026-07-15,0.036473960270348327,-0.0062291994259150441,0.00034723341305187283,-0.001136101294455627,0.00259640720633314,-0.007912035284830865,0.05647555207148236,-0.0089291755199103484
2026-07-16,0.013542051076265826,-0.020350939189649808,-0.0090569803329508813,-0.0060968742696994038,-0.00094166220757940788,-0.018651405071303029,0.02230097927446284,-0.036726073059171971
2026-07-17,0.0036802027568740847,-0.0128264348568915,-0.0078744265646404354,-0.0051575316262809645,-0.0034170013684725609,0.0089399208306748523,0.0044019220884206067,-0.027889633807563374
2026-07-20,-0.019967947990443546,0.0025391960885623455,-0.00041170600916773381,-0.0040310741133953165,-0.00047293585553764839,0.00076504297068180627,-0.030695802729408195,0.0035906306896378304
2026-07-21,0.0043584862413015291,0.019396990528363967,0.0097033773919563693,0.0077326071521239825,0.0023657079024876904,0.01591197354536833,0.0061205851797798694,0.037959692692383307
2026-07-22,-0.0043957720468232875,-0.0038564852027148655,-9.6574856467301906e-05,0.0011792234575112026,0.009558711451591817,0.019800490619819255,-0.007221649851304357,-0.0089689539675684715
2026-07-23,-0.013666403501474855,-0.019665770568941809,-0.012756433749853913,-0.010679556833828596,-0.017416778959815971,-0.025173371427064439,-0.02015179931277955,-0.038635929259017932
2026-07-24,0.038494846743664102,-0.0081357926162113348,0.0036584530415346705,0.0079271022108329259,0.010111897789708113,0.0081715163851763251,0.056207414871059624,-0.019341295721295282
2026-07-27,0.010069630489270232,-0.0046715977719571367,-0.0014247868075956127,0.0032187398172687232,0.003650895597971715,-7.2169519606868349e-05,0.015900832642884444,-0.0077504217259565245
2026-07-28,0.011674917102943994,-0.0074966802440996627,0.0043652058236740565,0.013069781682921944,0.005867167247570082,-0.0071704129629990287,0.016389950704853939,-0.017238210387322761
2026-07-29,-0.0070498489377630591,-0.02184067801745726,-0.016640557512927145,-0.023256384612547643,-0.0058329443873040843,-0.0020941113173916781,-0.0098243850734844873,-0.042180579368594762
2026-07-30,-0.021012865402164294,0.025705246047367902,0.0094568378924082541,0.0047150429311300091,0.0089181192835494638,0.0086584213165807888,-0.028000839802468813,0.05844740869629117
2026-07-31,-0.078064395658344776,0.0015787877009507678,0.0021471315142354008,0.0004769308591523469,0.0022097558105804715,-0.0032104099320025004,-0.114654067992086,0.0080426263927639852
2026-08-03,-0.01951520685684216,0.015752651847189991,0.013050475433939557,0.011361916440882247,0.013693864805036648,-0.0057850112844300972,-0.028385505390366106,0.033279913484174584
2026-08-04,0.02289136095841382,0.037262311806259607,0.021145351258594181,0.020578838020041346,0.0049227282505694969,0.018416051476931594,0.032743971963196117,0.071338484663669544
2026-08-05,0.0030501732410932458,-0.01120389125279031,-0.0038439936389950136,0.0022195453992788217,0.0011391942983789427,0.034493389776686811,0.0056626476109107315,-0.020233007007038006
2026-08-06,0.0023673011820533052,-0.0058430837298292237,-0.0039107908791833346,-0.010649535073828043,0.0036413257262792875,-0.0034546461049843602,0.0046292898997724041,-0.0095294912062741099
2026-08-07,0.0057847421509786834,0.014590835201959917,0.0090819163128312841,0.0054962044297208745,0.0018141005401992594,0.026178793759893848,0.0072613069218037118,0.02635005779459143
2026-08-10,-0.018033300060441682,-0.0057221370267326321,-0.0032282094857938315,-0.003907308221742789,0.00079221021209496811,0.0017904260145764628,-0.025678515176724925,-0.0087014042255905144
2026-08-11,-0.010010260413604977,-0.0024933366601196383,-0.0023210321361935016,-0.002308603652449337,-0.000339237579931706,0.0057127580750642171,-0.015448703938251485,-0.0058532999559269827
2026-08-12,-0.0084949036953766432,0.0075401407955053568,0.0028898016892531242,-1.0976324834044426e-05,-0.0052036094630381058,0.0061768335674716734,-0.012857860167122759,0.014849272342895681
2026-08-13,0.011159504052234315,0.012768275902571125,0.0077314177908274218,0.0026054401992197107,-0.0027291958892540213,-0.0093663788364758416,0.016144762331133489,0.02434756431070606
2026-08-14,0.001732564240682688,-0.001826581813480721,-0.0020331034878841026,-0.0025237642386257697,-0.0018243561947813847,0.0033601803866998292,0.0028294552200829326,-0.0031919459088429747
2026-08-17,-0.0044413851837613594,-0.0049697497370985166,-0.0084179813760593136,-0.0081797237891133578,-0.0068539920932839671,0.0048421907141575904,-0.00499520940452991,-0.0066057627319726642
2026-08-18,0.013754313641391125,-0.01768541757023101,-0.0076218932064909817,-0.003158192861696385,-0.0080515822173859997,-0.012624191869341383,0.021013404125015844,-0.034606967814603817
2026-08-19,0.022229269740274615,-0.0017040076420130612,0.0024829048034444856,0.0028424087802783049,-0.0011595370663048943,0.028506538617496746,0.033199106640898535,-0.003697611223052899
2026-08-20,-0.025395542772266411,-0.01521628824981458,-0.016565608816778599,-0.020632907852745519,-0.0053401333611796664,-0.0023866574932165374,-0.034052082557213592,-0.022350113297256669
2026-08-21,-0.0074588739913307167,0.00232401414937633,0.0031923319098392522,0.0085510370370638356,0.0037348236891274755,0.022656559228990458,-0.010587105741063252,0.0058504387906173072
2026-08-24,0.0037396445174189274,-0.0094475149049911833,-0.0022489527833671197,0.0032260875192828831,-0.0038372305936591466,0.0042143525393874004,0.0053406183810089658,-0.019432726600220995
2026-08-25,-0.00028630502230875265,0.0073695904139172708,0.0043859055744572828,0.0041158909773371111,-0.0014006667415921159,0.00042989838903584321,-0.00099601214583389108,0.013606071603093017
2026-08-26,0.010900659126611867,0.0003656797594469019,-0.00074943585992337525,-0.0024344194096469485,0.002337778388169065,-0.0093198818990094523,0.016625201653783783,0.0012797854466255476
2026-08-27,0.0053155430479334687,0.015419662952581348,0.0089215895093386344,0.0035607489475313336,-0.017026228390351728,0.004007844669093874,0.0071210946422886057,0.029134886045940389
2026-08-28,0.016145521820656983,-0.0066172810142846039,-0.002583470336498972,-0.00042700100532133689,0.010677441168625235,-0.028876624478209822,0.024282354666638639,-0.013106418157262212
2026-08-31,-0.0031499022676558797,0.0062798650736015649,0.0025242577564781321,-0.00074403378833787226,-0.0082169803683029841,-0.0049301121638394285,-0.0076331416681615361,0.0067431536138480297
2026-09-01,0.023599224465567836,-0.015161056900505065,-0.0094743878069790677,-0.0096370284070774748,-0.0039057191384029855,-0.021410827537855281,0.036633088153601001,-0.02785361089051186
2026-09-02,0.0013813999392704446,0.0041706402623671313,0.0065307136295855717,0.0073538537913289126,-0.0027329295024395295,0.0060529881048374534,0.0011194472547093604,0.0064359752163412054
2026-09-03,0.010891355575024964,0.012777718073207822,0.011542190548591957,0.012783505273416651,0.00071485235762658306,0.029289372069327912,0.015896378260430444,0.024674125942202085
2026-09-04,-0.028708880614622401,-0.0019049242742892325,-0.0072865906993222485,-0.0089840405730258199,-0.00059525447832931011,-0.017587283935258768,-0.04121541139553464,-0.00011402949578087629
2026-09-08,-0.01166239978535466,-0.00077644289878531225,-0.0057531427704714533,-0.011270389095331179,0.0046461684334673237,-0.008341611258688153,-0.017522664769381247,-0.0016110159802684709
2026-09-09,-0.0027596797613286261,-0.0028304953895229579,-0.004782135171141344,-0.0074765393685034542,-0.017668747311889277,0.0049119192880748841,-0.0041511562015821291,-0.0056842638982239624
2026-09-10,0.035034478866286634,-0.011189943353205556,-0.0062935281272052945,-0.006889558471385171,-0.0049492521829979097,-0.012522660112150086,0.052830737414545137,-0.021821848476181516
2026-09-11,0.019549143430942273,0.010811491778175419,0.010723508913517144,0.011757337267152668,0.0069149544184634593,0.002422919123353795,0.028294157487590788,0.019563868238705373
2026-09-14,0.0038227348939072758,-0.0066028196504442915,-0.0034187108918845022,-0.0010942627467895871,-0.0083132824265811367,-0.011564659326557591,0.0050433035220205369,-0.014587236938569559
2026-09-15,-0.0013140964505194974,-0.0026381390138437988,-0.00041403469203094012,-0.0023096130122383096,-0.0027942623540396783,-0.00047578350618637799,-0.0039363330331687596,-0.0092066547424662915
2026-09-16,0.0041793399975114109,0.001202672004431804,-0.0034922305127432773,-0.010594458841787002,0.0063352416114308419,0.013583579852551431,0.0057955357148318232,0.0014583954459936876
2026-09-17,0.01979712984102644,0.023321453593370345,0.017385869133325738,0.01201828606402966,0.006537541470978514,0.0087044200665278293,0.026742033537408894,0.040735584738479158
2026-09-18,-0.0031193156092087504,0.0057762336773909961,0.0011340665804211447,-0.0030088970871413601,-0.013711804161865015,0.0051853890394262248,-0.0044094136594273747,0.012091586863553383
2026-09-21,0.0081548652803324906,0.028489988857580251,0.014684647925807148,0.0072362250501354364,0.0097561347775343421,-0.0095840602353689519,0.012392943376703824,0.057301268627571122
2026-09-22,0.003594620563394324,0.0094094149260548487,0.0013167643291922548,-0.0021089689037377957,0.00024150534214228969,-0.00039293004274221222,0.0047318638776165933,0.01749869591715969
2026-09-23,-0.0065910822815301584,-0.0069178561515728099,-0.0060953559046917904,-0.005697311153795126,-0.0032600415848983433,-0.011816228673674045,-0.010614608107438528,-0.015291681673432089
2026-09-24,0.0025213873517786478,0.0056548297566307859,0.0055684998672635988,0.002635974430012622,-0.0033919612155053347,0.0010527921624765568,0.00088000100028584605,0.0055054994584975425
2026-09-25,0.015966589615586502,0.0052166601891778797,0.0057418091023211382,0.010013919336258725,-0.00036463814903298086,0.0060272641827279205,0.023636894279136733,0.0098073400898706087
2026-09-28,-0.0081104690600157792,-0.010986438706549806,-0.0079897013260289418,-0.0069878312290193589,-0.00048639246797665958,-0.035634910190952773,-0.012023528182660059,-0.021688526598372948
2026-09-29,-0.026141698573805328,0.0023680941729986582,-0.0012074849158153489,-0.0017524232354494407,-0.0062043129655715568,0.0031786593805553931,-0.039445773976414689,0.0042697361145840329
2026-09-30,0.01382963263816972,0.005309600349998389,0.00037764473338985916,-0.0056571718569993212,-0.0075897016532316952,0.0044885638497649261,0.019339899950771455,0.0078101026870314172
2026-10-01,-0.0069151389909331007,0.0042608635286021102,0.0031759467873149205,0.0013400003107084668,-0.015542150499241791,0.0049326449629210067,-0.010973795568410383,0.0073195528931826459
2026-10-02,0.017147906912171162,0.017120279042513342,0.014356445615855584,0.01178503333419556,0.0068914054452136053,-0.0027084950020500598,0.022284086382147184,0.02736501011280712
